date,pool,top_count,known_endpoint_pool,price_unknown,price_top_net_relative,price_rank_ic_observed,all_unknown,all_top_net_relative,all_rank_ic_observed,price_margin_unknown,price_margin_top_net_relative,price_margin_rank_ic_observed,all_margin_unknown,all_margin_top_net_relative,all_margin_rank_ic_observed,vol20_unknown,vol20_top_net_relative,vol20_rank_ic_observed
2025-01-02,629,63,629,0,-0.017648681751933418,0.044617187982580346,0,-0.02810492466678315,0.040020341275724576,0,-0.026455555120899355,0.07590028975130793,0,-0.025617688107608737,0.06017138768883158,0,-0.016418103942171774,-0.18652198566225547
2025-01-03,630,63,630,0,-0.0008537576380403648,0.06583330992767211,0,-0.0031938475322027377,0.07430587555457836,0,-0.008899509897271198,0.08874469534820739,0,-0.010662641166911485,0.08812409837461525,0,0.00407172514546402,-0.12816420502092893
2025-01-06,626,63,626,0,0.016213123041714954,0.08547596512045261,0,0.019591462238213,0.09311058053611146,0,0.008121138365143043,0.11576279798311526,0,0.02464902741371105,0.10765226954355768,0,0.030911386142819103,-0.11107180905796206
2025-01-07,627,63,627,0,0.03532403845065186,0.09449936600384125,0,0.05178266107438917,0.11583712217993196,0,0.029794606710863526,0.12379238254555285,0,0.04393857366141193,0.1179945213550207,0,0.02550411790488379,-0.08584844603058345
2025-01-08,621,63,621,0,0.020934873359538638,0.04608371663189389,0,0.04048824954304049,0.11240362792958636,0,0.02418659943777043,0.11535714797085447,0,0.030159070398134855,0.13486178985103825,0,0.018037516745043895,-0.11157168362330447
2025-01-09,619,62,619,0,0.045480792188364476,0.09135948595951708,0,0.0573160168624428,0.1395691473507603,0,0.05963072639173289,0.1147462676961604,0,0.06861033561015481,0.14721071220570422,0,0.035443146590938605,-0.001494333145675247
2025-01-10,621,63,621,0,0.051787993384079106,0.08328741347152212,0,0.07361402658908456,0.08173030549030523,0,0.0645317799399345,0.09480690583277379,0,0.054867121671539905,0.09017226098943688,0,0.05518258403052336,0.07328063334985072
2025-01-13,622,63,622,0,0.06563538270126634,0.09779097396827245,0,0.0638477145467865,0.0976912902757491,0,0.06520016199619713,0.0942894284347039,0,0.06260719729633478,0.10566314327117574,0,0.061129683074600615,0.20748716784393215
2025-01-14,624,63,624,0,0.050679685666745806,0.0343859258864515,0,0.05770065545695418,0.06536407286648102,0,0.06007590142071978,0.038010373528108383,0,0.04806565893407553,0.06849547195927762,0,0.045874685034126984,0.12796657009342258
2025-01-15,623,63,623,0,0.0651078470453294,0.06578749415362638,0,0.06023779821599141,0.05812696741685608,0,0.0850077701149161,0.057205070998530234,0,0.06325630366631664,0.061949737104560414,0,0.047054319546067695,0.13715214774719492
2025-01-16,627,63,627,0,0.08835929769742329,0.08936442057033156,0,0.0770899979346704,0.07856014265950442,0,0.08753219000723472,0.07913652822398529,0,0.08174727259075228,0.07966761400657085,0,0.06083657001135419,0.10437744011954858
2025-01-17,627,63,627,0,0.08886570836296198,0.05095254542070187,0,0.0782976447466254,0.0764093935055008,0,0.09431653512187245,0.06370817124136495,0,0.09012847731375939,0.08374068046994862,0,0.06227657704254401,0.07998369499852183
2025-01-20,621,63,621,0,0.08259991023478812,0.055787405540047116,0,0.07252745613024451,0.06956897549565638,0,0.077996514945993,0.07247824934471186,0,0.07080775519052103,0.08010870442108407,0,0.04916238080341576,0.01352832383034013
2025-01-21,619,62,619,0,0.08707541692704147,0.06936922094497927,0,0.08158500818112303,0.04737079736927088,0,0.08813570897613109,0.0930399216834756,0,0.08257667114533404,0.06531979764647043,0,0.048660688368738644,-0.05124920842010263
2025-01-22,616,62,616,0,0.06495639707185238,0.019911354641129662,0,0.07474389462444682,0.005143519764598255,0,0.06994320130708498,0.0366615615564098,0,0.06539036768781452,0.014771377210158426,0,0.037771393553550414,-0.06627367384238028
2025-02-03,615,62,615,0,0.07689693032668701,0.02456815963344191,0,0.0785205670106094,0.02165593389435319,0,0.0708923882960775,0.05329712816201712,0,0.07020208376492458,0.035148421921027635,0,0.04022810016234041,-0.04559009031753956
2025-02-04,610,61,610,0,0.06932483372475749,-0.017091463388039553,0,0.076657819243764,0.04045822825264339,0,0.0710913604481444,0.00816713060554659,0,0.07597997137936853,0.03927514776280531,0,0.05035552088729031,-0.025550187542683553
2025-02-05,606,61,606,0,0.04483575404397183,-0.09255753964171567,0,0.0736754882355417,-0.027460675700443343,0,0.0646363326114625,-0.04410767369615782,0,0.07408396641168975,-0.015804711645936415,0,0.022846801773537612,-0.1800051206890798
2025-02-06,606,61,605,0,0.031381058112212507,-0.12124161680868394,0,0.049926243211527006,-0.07698012508843556,0,0.043707600509741235,-0.08125731501150525,0,0.04833980189609969,-0.07214941487562565,0,-0.0003792188654135304,-0.23956967231743417
2025-02-07,608,61,608,0,0.025089961831568343,-0.09345892393300169,0,0.06001964811079069,-0.06302306780771967,0,0.03356389970718786,-0.06342083419727665,0,0.05662745397595834,-0.06732641961957112,0,0.00812853586952512,-0.26779163010353785
2025-02-10,608,61,607,0,0.021370687503322276,-0.13525236430146595,0,0.06731322095425046,-0.04560762294027048,0,0.02616480330233843,-0.09840801707412947,0,0.055134234000911754,-0.052130340822018006,0,-0.0004330163498114759,-0.2948114383165542
2025-02-11,610,61,610,0,0.014856624763856647,-0.060833445909148465,0,0.06593619718570504,-0.03780480240562142,0,0.02725657421264982,-0.02728245630792867,0,0.054659670125274555,-0.02948615349197899,0,-0.0099070428647591,-0.31387228910532045
2025-02-12,611,62,611,0,0.008432113581844836,-0.07004910444283725,0,0.05510734343651162,-0.016563238763884085,0,0.010179810598509394,-0.05040858992039437,0,0.043748093490067176,-0.017131703690912,0,-0.015143807491886409,-0.3279111189264487
2025-02-13,618,62,618,0,0.004038561181975047,-0.11379824451682483,0,0.0317904043882011,-0.056198604717619165,0,0.0036651294700608844,-0.09387499385614395,0,0.025477542849165116,-0.055327285661545225,0,0.0020286877940739003,-0.2969422092857078
2025-02-14,626,63,626,0,-0.01707949286475507,-0.08095979874387949,0,0.0166810391121841,-0.05355025495154236,0,-0.0026582114710051973,-0.037937428014105275,0,0.01192350992964879,-0.023604024232192426,0,-0.013312567020263639,-0.281436577702785
2025-02-17,630,63,630,0,0.004356382765835276,-0.04326132434882298,0,0.03656746113340052,0.021301407149807997,0,0.030416011444901227,0.025937252628312334,0,0.03762658071712019,0.06026395159827812,0,0.012573712802259579,-0.28314216433631395
2025-02-18,632,64,632,0,0.011193603022664388,0.016852601016206385,0,0.03779292942895672,0.09279041663168741,0,0.025603695610323156,0.05706389694983115,0,0.035535848481920346,0.109520467451514,0,0.0007989038649747777,-0.33953915231582316
2025-02-19,631,64,630,0,-0.0032547968821646806,0.04269018211979465,0,0.024101229919773953,0.11768406985174089,0,0.007419810527563081,0.09362881269292364,0,0.014672148310515115,0.14126311120191617,0,-0.03003598170542752,-0.33039603729707456
2025-02-20,637,64,637,0,0.005533139747327144,0.04701939831349796,0,0.02245725737230388,0.10148815217594953,0,0.010548344248896313,0.08346813113485266,0,0.022955576328682573,0.12426373542755452,0,-0.013182705267638312,-0.32319333756563734
2025-02-21,637,64,637,0,-0.0018561654349579203,0.08524218334974312,0,0.01944866638929796,0.11625745562777816,0,0.0027690798187101698,0.12208098440459499,0,0.018101073044973957,0.1395974399147985,0,-0.027616253989769843,-0.33818222715527413
2025-02-24,639,64,639,0,-0.031880793521005216,0.03720555121745042,0,-0.018445149888124346,0.09546736518316722,0,-0.024886065401621478,0.0692236704933414,0,-0.014755889115753217,0.11565465989685773,0,-0.05041186595803395,-0.35641181096075003
2025-02-25,646,65,646,0,-0.03428510561309733,0.010629385844649694,0,-0.015861599881587224,0.07363273641095928,0,-0.009297521451217844,0.05580906080873688,0,-0.00976857389542983,0.09399048031787134,0,-0.03620590066067795,-0.3354564002618072
2025-02-26,647,65,646,0,-0.015050970111834554,0.016729617199311625,1,,0.07417051348910338,0,0.006637923837388787,0.054524396559967644,1,,0.0881191278668499,1,,-0.37367202931068766
2025-02-27,650,65,650,0,-0.019735969012472047,-0.041633648831989535,0,-0.02418705898498791,0.04798980868073833,0,-0.012990754562347405,0.010590089497831467,0,-0.018016891383487183,0.06336208228151531,0,-0.04553962796887492,-0.30763002232126146
2025-03-03,655,66,655,0,-0.031456542010133065,-0.05362680825841805,0,-0.026036813994576122,0.05784996387326434,0,-0.021418448185202384,0.016596904203512237,0,-0.018739547627391117,0.07366617188127202,0,-0.0620627044322046,-0.3725547409721594
2025-03-04,657,66,657,0,-0.032900168482758584,0.05993269164693979,0,-0.022695105920830624,0.11494940406372045,0,-0.02214937091444512,0.10528234404424237,0,-0.00864908314233687,0.11875493172011287,0,-0.08433218854167886,-0.4022600353205097
2025-03-05,657,66,657,0,-0.03945353587711859,0.05424581172183986,0,-0.013429314987295913,0.14069873927270204,0,-0.009001210966807859,0.1191644709739442,0,-0.0016341406680522913,0.15843240947926548,0,-0.06780267322609743,-0.40861345343429517
2025-03-06,663,67,662,0,-0.02543426812421949,0.03580437170244737,0,-0.006475694361908637,0.12918212892712824,0,-0.009874001908365912,0.10113753367035408,0,0.0055641593489633,0.14548978492160244,0,-0.05963207980236581,-0.3831353091667754
2025-03-07,662,67,662,0,-0.05755698402309285,-0.04546006689724892,0,-0.029327483112963175,0.04830577531785873,0,-0.039098066665054235,0.028782690925484054,0,-0.027747041948100307,0.06570643913242644,0,-0.09279974190786724,-0.44120411573594054
2025-03-10,666,67,665,0,-0.09198081327343395,-0.15654199810826316,0,-0.07141860784989844,-0.019042151128390822,0,-0.07677433952845049,-0.05731803458499717,0,-0.06236968152716188,0.011796138016810178,0,-0.11490961409048629,-0.43317631427967507
2025-03-11,665,67,665,0,-0.10058273518464378,-0.16349874197052386,0,-0.09052784249109698,-0.022871285997474965,0,-0.09971762705416061,-0.07606687673269791,0,-0.08409683297395405,0.00604984457235567,0,-0.14140583866720538,-0.45172023187241955
2025-03-12,666,67,666,0,-0.1211015797638044,-0.19858967283874496,0,-0.0946754864969391,-0.027157139040286188,0,-0.11259940547777504,-0.12650638840817746,0,-0.08844816036834789,-0.013295932944886358,0,-0.14058567561627916,-0.45148828198670726
2025-03-13,665,67,665,0,-0.11149964417726539,-0.2181436191641553,0,-0.08152431787399017,-0.04484263047763734,0,-0.1029367422668243,-0.15993388469478284,0,-0.09835997465386236,-0.03747167125596137,0,-0.13218755254721812,-0.38775725119291693
2025-03-14,669,67,669,0,-0.07547503062929543,-0.20605775932239664,0,-0.062007752190313285,-0.06210760327948614,0,-0.06023315501153783,-0.14812073196489023,0,-0.0643406399854062,-0.060437280849585204,0,-0.1018460613127332,-0.3708036841115974
2025-03-17,664,67,664,0,-0.07007250271813241,-0.18668554393124498,0,-0.04986123921828083,-0.06336288576208007,0,-0.06983494390117033,-0.11237840826784837,0,-0.06637473365435186,-0.055800229462059446,0,-0.10454894877119018,-0.39610762992090154
2025-03-18,659,66,659,0,-0.07632810655229813,-0.1768347463081586,0,-0.0693442435893655,-0.09868435893683689,0,-0.056976370091195404,-0.08983173866136446,0,-0.06770418383111584,-0.05301496359837495,0,-0.11054320695488659,-0.40797686799688543
2025-03-19,660,66,659,0,-0.07440600466244955,-0.22131907094616549,0,-0.0658771879816582,-0.11935439370947716,0,-0.054917475748314154,-0.13754577195638765,0,-0.05969242514110836,-0.08883761768209512,0,-0.1001385304395836,-0.39640373832089193
2025-03-20,660,66,660,0,-0.0777203794557599,-0.17895495627859567,0,-0.07268891979589104,-0.08748947374242658,0,-0.06448195667900238,-0.09282953942836082,0,-0.06272283044107359,-0.05913562285913921,0,-0.11495243060559424,-0.4250529834674886
2025-03-21,651,66,651,0,-0.06052048869119701,-0.13855635755497225,0,-0.06206178622430173,-0.0486989993975943,0,-0.07037956647963614,-0.049475472083823566,0,-0.057280606271309785,-0.021506666695663337,0,-0.09487561064326439,-0.4281604878398862
2025-03-24,655,66,654,0,-0.0809961642990463,-0.17188679291824585,0,-0.0813663491942818,-0.08650643750495352,0,-0.06612365337264312,-0.03534461503185211,0,-0.07048266171507155,-0.018833448964504895,0,-0.0930778227805348,-0.3770763284777537
2025-03-25,662,67,662,0,-0.05772017166982758,-0.11382682591090726,0,-0.06019543183447099,-0.04938953807670045,0,-0.05219835462704504,-0.008512204181883035,0,-0.048505203812160655,-0.004806318292435987,0,-0.07390579214306808,-0.36376389782178337
2025-03-26,659,66,658,1,,-0.12970350267616246,1,,-0.06617911789804765,0,-0.05741152888666292,0.02129887805613327,0,-0.05714452025386594,0.01962197616344467,0,-0.07844563797822564,-0.3018881900147908
2025-03-27,652,66,652,0,-0.08500840109109022,-0.1574673622036378,0,-0.0823802311977181,-0.10754845947652888,0,-0.056505028671436,-0.028245901435289145,0,-0.07147519764189916,-0.03191146569858658,0,-0.0668626433812419,-0.29173340347151533
2025-03-28,648,65,648,0,-0.04486209937976755,-0.15049105592498216,0,-0.03753927613631698,-0.12549928037825572,0,-0.03300232668951726,-0.0500040364264947,0,-0.04198262241368661,-0.05958890104214813,0,-0.02333381637889494,-0.13905430838197066
2025-03-31,658,66,658,0,-0.04402212708947702,-0.15152004017050238,0,-0.038137483930355,-0.16315258664265528,0,-0.021523060545654435,-0.06229753344279192,0,-0.044228935123873866,-0.10254444420973377,0,-0.025858812666827827,-0.1618616025359042
2025-04-01,657,66,657,0,-0.05590309616957957,-0.11698002384236732,0,-0.05838723495533258,-0.12966138095893853,0,-0.053954381247944945,-0.076616266352381,0,-0.051602638904599096,-0.09898230940209693,0,-0.029908149837158067,-0.1414968981780083
2025-04-02,654,66,654,0,-0.08623240168912902,-0.10725287401748147,0,-0.08537311665093752,-0.11639179460857003,0,-0.10083614805979021,-0.10417592998595658,0,-0.0844052659395826,-0.10912321412704493,0,-0.06898409336324517,-0.25004502001327444
2025-04-07,654,66,654,0,-0.021062578018180542,-0.04221577754946118,0,-0.025711218669349306,-0.06116110778517321,0,-0.04312144591032989,-0.062486756888152896,0,-0.031210848170977884,-0.05649627207708589,0,-0.009341698029368505,0.05068643572556445
2025-04-08,635,64,635,0,0.03220751648464953,0.13467027412597768,0,0.018311498140202803,0.14572449990087766,0,0.007998091517098951,0.11941087121267151,0,0.017040837195134217,0.140529646013759,0,0.05001589656362844,0.406954216729694
2025-04-09,632,64,632,0,0.0527006521024698,0.20086552383458708,0,0.0410777623348712,0.20301918428725843,0,0.04023734071795559,0.12255846780499859,0,0.04437486494834881,0.16327707781766337,0,0.0477700164979924,0.3827871071108682
2025-04-10,641,65,641,0,0.06341082656923978,0.12762128445921428,0,0.04988216337849694,0.14787801610406787,0,0.03936052321487114,0.04673870010373118,0,0.04885168045509338,0.11134704043025467,0,0.10374240211690301,0.5673488663047123
2025-04-11,644,65,644,0,0.0704058661290231,0.14646847380730357,0,0.06407197058176334,0.16558454934966704,0,0.0757229950637332,0.09094597335857735,0,0.054154822361763486,0.1449015374406182,0,0.08304745810259252,0.39800579087132426
2025-04-14,642,65,641,0,0.02082944462628755,0.06722219895999791,0,0.013224675761016312,0.10000323949888652,0,0.010770521026647575,0.01546835658854616,0,-0.002007628980232834,0.07033990909082218,0,0.02976343384152993,0.3870521831329275
2025-04-15,638,64,638,0,-0.027180860247565743,-0.017706824474894016,0,-0.0413960400338923,0.005853994820531292,0,-0.04541183023096807,-0.07095829851776267,0,-0.05747618546045904,-0.02359420481452225,0,-0.000689957732445878,0.3410069236599212
2025-04-16,636,64,636,0,-0.015162379490260941,0.059918925927425065,0,-0.014091152586727586,0.10817359857485467,0,-0.04376902428680535,-0.0018999232201242686,0,-0.03982064053101715,0.07220799744251331,0,0.007630065031325848,0.4136557698623017
2025-04-17,630,63,630,0,-0.028239354937460007,0.007573643331518592,0,-0.03229340213670765,0.0280670664573183,0,-0.056508520118911165,0.008562691894659684,0,-0.042166616958390586,0.026576918832018067,0,-0.004515044151741037,0.35728516703464047
2025-04-18,629,63,629,0,-0.034666009272498584,-0.04165033202125746,0,-0.02788608651708686,-0.010033739782709432,0,-0.05694835029358103,-0.05054631251708809,0,-0.03615543710072518,-0.022961231316420527,0,-0.019104164597705434,0.29462820418234426
2025-04-21,625,63,625,0,-0.015990046836569523,-0.012432342709871862,0,-0.005426266859423095,0.03881661532644956,0,-0.04257788963220189,-0.007032293292322117,0,-0.021705010749623384,0.03443765222106922,0,0.025178075917166417,0.4322258261108793
2025-04-22,623,63,622,0,-0.029220933875151078,-0.07187294665794296,0,-0.034514204908686834,-0.012738690086294689,0,-0.06598673482430219,-0.07156726337489652,0,-0.03373932774673945,-0.02348477895470828,0,0.004865826829115608,0.3348914204750602
2025-04-23,625,63,625,0,-0.021865810795940355,-0.10778565022820476,0,-0.020017821264952856,-0.05852039957042025,0,-0.05505756190015498,-0.11417046237823701,0,-0.046073817055486334,-0.07111636940566159,0,0.03195850840372488,0.26470420901214575
2025-04-24,619,62,619,0,-0.053021139805728736,-0.06601003930741278,0,-0.009806664690760424,-0.0410247375742317,0,-0.04044803692917603,-0.08124996735019493,0,-0.016965886714967956,-0.0424130741129285,0,0.022638109042996506,0.19394879302316703
2025-04-25,616,62,616,0,-0.034966143881592616,-0.07718311751435951,0,-0.015527649385569586,-0.03752911563263644,0,-0.03652297572893095,-0.10606888997757152,0,-0.013967744052621953,-0.05171420731725552,0,0.0040862050790539985,0.13056833044943383
2025-04-28,617,62,617,0,-0.03638472123964561,-0.08832020994693493,0,-0.026020359798643557,-0.03298925272615694,0,-0.056095742677301455,-0.14259255323518671,0,-0.028566072478986532,-0.07250266531001688,0,-0.014116987790994021,0.07863149894746564
2025-04-29,610,61,610,0,-0.05428926620882492,-0.0629762374830865,0,-0.042783628222353945,-0.03387530750180503,0,-0.06397867174703108,-0.0913838828577142,0,-0.04766791128623198,-0.05878126688265463,0,-0.05322440108770526,-0.016365212190701545
2025-04-30,601,61,601,0,-0.018781375256831736,-0.050509167525117735,0,-0.0163915584063597,0.011549775264414098,0,-0.04778210897527435,-0.09219447181095239,0,-0.030589029460207574,-0.023243275611269404,0,-0.03444116381841248,-0.0001410164174259661
2025-05-02,600,60,600,0,-0.039468266769483035,-0.07980106601737767,0,-0.03258200648887745,-0.0657073811282656,0,-0.04057055169604727,-0.13967142809426095,0,-0.04059801974857344,-0.104397479630675,0,0.0004524641450146231,-0.018448032434552484
2025-05-05,607,61,607,0,-0.03514606360984333,-0.10401026563961405,0,-0.021490459773723096,-0.08479172889621002,0,-0.06268747489718234,-0.1591600701796404,0,-0.037017505522100896,-0.12393885622713596,0,0.020012957966039017,0.2327572705065844
2025-05-06,608,61,608,0,-0.05300355436229049,-0.20633918634063284,0,-0.04067171411486767,-0.1206488081765516,0,-0.06660316973977326,-0.24689888737944318,0,-0.059020678626227126,-0.15666692512581307,0,0.004376480363920911,0.2536446843672655
2025-05-07,614,62,614,0,-0.07824491771743212,-0.28957664205726197,0,-0.04914103367886004,-0.1962846460773603,0,-0.08071131669958115,-0.3097854849112689,0,-0.057572884162811366,-0.2167136596655547,0,-0.0005751003036627459,0.1994281574521959
2025-05-08,597,60,597,0,-0.07445933392931887,-0.25924161311869265,0,-0.0628166049840531,-0.19109023803284592,0,-0.07752010695624097,-0.2667966177086007,0,-0.062164511848387824,-0.20531260749005417,0,-0.02773398466878677,0.0863197060699443
2025-05-09,597,60,597,0,-0.08968196809754868,-0.25977973320643544,0,-0.07760038860712082,-0.1869326194504428,0,-0.09083046167943946,-0.2695861811880699,0,-0.06889353627247959,-0.20519798253289567,0,-0.05065658845617886,0.04662336309347982
2025-05-12,591,60,589,1,,-0.14200368866261814,0,-0.07575943455351866,-0.10254882003156437,2,,-0.16081974104132807,1,,-0.1200939940802473,1,,-0.09891709309331446
2025-05-13,590,59,0,59,,,59,,,59,,,59,,,59,,
2025-05-14,592,60,0,60,,,60,,,60,,,60,,,60,,
2025-05-15,592,60,0,60,,,60,,,60,,,60,,,60,,
2025-05-16,599,60,0,60,,,60,,,60,,,60,,,60,,
2025-05-19,607,61,0,61,,,61,,,61,,,61,,,61,,
2025-05-20,608,61,607,0,-0.0878482738884001,-0.21633318075418842,0,-0.07650417124679651,-0.13168235195203162,0,-0.09601480609134548,-0.23869130533208766,0,-0.08086887634814244,-0.16840453286228377,0,-0.07095618244202738,-0.011843334333657418
2025-05-21,609,61,607,0,-0.08199631095374325,-0.1788273828423094,0,-0.08136784810925889,-0.11182083375419576,0,-0.0922435133559722,-0.2008936367083747,0,-0.0950296996036945,-0.1487106721712113,0,-0.06786548436098597,-0.04173385374056448
2025-05-22,609,61,607,0,-0.08684288827771997,-0.1427912919057547,0,-0.09735863302048517,-0.08713422262752606,0,-0.10042407357734123,-0.159566229642266,0,-0.10068806517066722,-0.11310125105386643,0,-0.08602727552367738,-0.14120560314255387
2025-05-23,611,62,610,0,-0.10150475003915983,-0.18286778231636375,0,-0.10562679332889983,-0.0927457049405771,0,-0.10984544738032395,-0.22089436300062348,0,-0.10784696347230589,-0.141947445001052,0,-0.097310979233288,-0.11144731196532853
2025-05-26,613,62,612,0,-0.10892521593817231,-0.23348106457058723,0,-0.11718190964922601,-0.10915294547852243,0,-0.10509168965160956,-0.26392292201332435,0,-0.10976998494027042,-0.1384605055285023,0,-0.10142481497088633,-0.02519797656673618
2025-05-27,615,62,614,0,-0.11541718423799034,-0.22006896082022587,0,-0.11681451908903562,-0.09122960904856599,0,-0.11974587397736755,-0.2550680448462423,0,-0.11870263345448372,-0.12612205516956368,0,-0.11705193802376995,-0.03261797936074419
2025-05-28,617,62,616,0,-0.09824657133282645,-0.18069562388881968,0,-0.09988267595735968,-0.09452403029013311,0,-0.10956317968716005,-0.21115144978714678,0,-0.09428103618723505,-0.11814366645965546,0,-0.10099990777391994,0.01676234645589838
2025-05-29,613,62,612,0,-0.11612022032669939,-0.21755706533166147,0,-0.10628179221329653,-0.13071857889236463,0,-0.11225645437830503,-0.23095231866046678,0,-0.10141402440599552,-0.1462591395864194,0,-0.10413144413444704,0.02331144308199827
2025-06-02,609,61,609,0,-0.12398772351899875,-0.17210422263599318,0,-0.1095622817701192,-0.06776706736680789,0,-0.12296117464925495,-0.19061811918890587,0,-0.10666672936839751,-0.09071408984901924,0,-0.10346342184758603,0.03351703746521643
2025-06-03,601,61,601,0,-0.12392163095278867,-0.18359951050014608,0,-0.09018139319498888,-0.03524408913832718,0,-0.11723833429606514,-0.20537739231888558,0,-0.09119372049152485,-0.07617443847627829,0,-0.09594670701301976,0.009654370431867195
2025-06-04,600,60,600,0,-0.1060398864482115,-0.21169168606660665,0,-0.08919056473008241,-0.08363793258022491,0,-0.10508023692264004,-0.19911715026410884,0,-0.09356593313331177,-0.10239295820217291,0,-0.0832304895749902,-0.0176331613166399
2025-06-05,600,60,600,0,-0.1186312497048164,-0.23662647451128935,0,-0.0984775599314228,-0.09830853946403424,0,-0.11396755484248201,-0.22653891703125884,0,-0.1008003394495966,-0.12035249326012074,0,-0.08537607385245057,0.019810113885335604
2025-06-06,599,60,599,0,-0.11213976721505205,-0.19589879669693258,0,-0.08403142784373907,-0.08853123340801618,0,-0.11019631218390358,-0.1917652066350472,0,-0.09887292733361823,-0.11417171394756238,0,-0.09560797926271407,-0.04011988265446233
2025-06-09,596,60,596,0,-0.10463240848970297,-0.15398882631532262,0,-0.0746464995136702,-0.04652238690491541,0,-0.09231179047019758,-0.13179228724979586,0,-0.08079841362801897,-0.057127212964036236,0,-0.08962277881296002,-0.12179531689239724
2025-06-10,594,60,0,60,,,60,,,60,,,60,,,60,,
2025-06-11,595,60,0,60,,,60,,,60,,,60,,,60,,
2025-06-12,586,59,0,59,,,59,,,59,,,59,,,59,,
2025-06-13,584,59,0,59,,,59,,,59,,,59,,,59,,
2025-06-16,582,59,0,59,,,59,,,59,,,59,,,59,,
2025-06-17,579,58,577,0,-0.08882240369426903,-0.11213816243186032,0,-0.06529155867584333,-0.013322224087922458,0,-0.08940170380816298,-0.09673651548497879,0,-0.07733476185822419,-0.01633716234990275,0,-0.09121383886980142,-0.11451718010070785
2025-06-18,583,59,582,0,-0.1029657225789952,-0.10684216471693674,0,-0.07238123975554728,0.0028021559873630305,0,-0.08905272669593924,-0.08796529122518838,0,-0.08063547950712563,-0.0025381869766492155,1,,-0.09943806679968203
2025-06-19,583,59,583,0,-0.08696313277165048,-0.034755304859808704,0,-0.05503064427045143,0.06764107014161773,0,-0.0772520961244624,-0.01738117997733219,0,-0.06444963942211072,0.06986515094564785,0,-0.07741108716407975,-0.004564373857227986
2025-06-20,581,59,581,0,-0.08627549216946709,-0.037207996638547444,0,-0.07456671038549956,0.016288219501665487,0,-0.09401201172719459,-0.0775323641455115,0,-0.08404118559392092,-0.00475711190846029,0,-0.07263722405576126,0.09990855861476315
2025-06-23,584,59,584,0,-0.08644583903310407,-0.04625461263894327,0,-0.07417200887920412,0.031919490105123766,0,-0.08820489855276842,-0.08211728641316904,0,-0.07494882214403091,-0.0034240852796234406,0,-0.07957167247926553,0.0318598745229059
2025-06-24,585,59,585,0,-0.09509804376989177,-0.14171669488130725,0,-0.09683697785045016,-0.043585850118611866,0,-0.10705873590656766,-0.11744193441404327,0,-0.09252833159671266,-0.04737937709290892,0,-0.09649120418799033,-0.16341866136671418
2025-06-25,581,59,581,0,-0.06834504721563699,-0.15681294305472784,0,-0.059195048098515446,-0.022638653073091514,0,-0.07539315740323674,-0.09211544403374677,0,-0.06186826128115295,-0.003647131367078156,0,-0.06469310175993138,-0.1429271115684175
2025-06-26,578,58,578,0,-0.08370388189974787,-0.16205089169149947,0,-0.08964696207467575,-0.050489371391299276,0,-0.09336253161979467,-0.15312139254212623,0,-0.09288128657581479,-0.05355710882354991,0,-0.0711534792061187,-0.10866989889920649
2025-06-27,577,58,577,0,-0.08080096411767772,-0.11889330313064214,0,-0.08554728873282194,-0.014468444654224807,0,-0.06579808638046813,-0.10397808984672145,0,-0.06752525000989426,-0.013411179685320568,0,-0.06727446811048218,-0.10455860171413811
2025-06-30,575,58,575,0,-0.07098652669986338,-0.1070043133461721,0,-0.07891221066678497,0.03646761510784482,0,-0.05138421848488612,-0.0927125382448794,0,-0.045612043673756694,0.027227379313375846,0,-0.05445590454001663,-0.04925832333313807
2025-07-01,577,58,577,0,-0.06245538401788004,-0.06951999407431926,0,-0.06683875087585013,0.048794821844380214,0,-0.03554487773541339,-0.06094409197161608,0,-0.036229411939748206,0.04499788211252539,0,-0.03570735639007216,-0.06758733878876848
2025-07-02,575,58,573,0,-0.0668597337533451,-0.05868694128904367,0,-0.06187640228729612,0.07593058441783557,0,-0.03065702348876317,-0.03354234303374902,0,-0.04168327949521872,0.08202415902397182,0,-0.063169624928383,-0.12408677786543616
2025-07-03,579,58,579,0,-0.09066210060390192,-0.0704339582319798,0,-0.08288242866341687,0.029920688324761982,0,-0.06093651638918411,-0.0758980508573558,0,-0.07232297840246951,0.020698650672021084,0,-0.05975005866562089,-0.07889666051475706
2025-07-04,576,58,576,0,-0.05486502173927114,-0.03138321702997792,0,-0.05649158749684169,0.031450531727239404,0,-0.025065034641416403,-0.04743566874255377,0,-0.040888856579006067,0.03229664356329346,0,-0.011412036787532208,0.0707569774752747
2025-07-07,578,58,578,0,-0.035127322992143876,0.020545951383796942,0,-0.020908681598497573,0.029410790964457527,0,0.007807491361172073,0.03872375082703992,0,-0.013426883377446857,0.06660492972393081,0,0.006877458426641696,0.12873757429061236
2025-07-08,580,58,580,0,-0.0325248454833085,0.007852128799021606,0,-0.03259339003569395,0.03257793931282956,0,-0.012936969299664446,0.019672390268083744,0,-0.028313576067567237,0.05623918886962127,0,-0.023589609715569195,0.11285594661757882
2025-07-09,577,58,577,0,-0.021052208874547864,-0.0019146334591973332,0,-0.01977704241478632,0.04780886598352915,0,-0.0027326046912230523,-0.007879107107406814,0,-0.018257851856818785,0.04572669428819586,0,-0.000309384753554771,0.06561177130393649
2025-07-10,575,58,575,0,-0.04176272522486976,0.007826655299280899,0,-0.03640029195843465,0.05489585084633173,0,-0.033468224667009785,-0.0005611523683644011,0,-0.04296117073219455,0.04948448623581298,0,-5.662950740712742e-05,0.08936730196710421
2025-07-11,572,58,572,0,-0.02101597674186589,0.0010538167579073005,0,-0.039678508537099866,0.03205674028995931,0,-0.018474068425781486,0.006547321518096407,0,-0.04211605750626491,0.0321328510591492,0,-0.0016194342543628028,0.07504505812054563
2025-07-14,574,58,572,0,-0.02641838086164478,0.062450456167541205,0,-0.04603575268368148,0.07151605077103594,0,-0.017832913168246096,0.034235380338496976,0,-0.05350541789977626,0.03497933431780198,0,-0.01320258162150956,0.1368115177605347
2025-07-15,571,58,570,0,-0.007991972388199788,-0.0031384978699046714,0,-0.034956688449037245,0.06832442894596975,0,-0.024599577996384733,0.009248802117516561,0,-0.03176840123769145,0.053181551739038734,0,0.002598907805135597,0.10786899668650074
2025-07-16,567,57,566,0,-0.016579991074685,0.02153559437401959,0,-0.0364930807320578,0.025574091198407152,0,-0.015702435943016027,-0.0024334421845288354,0,-0.04080234632823965,0.0014621036854377484,0,-0.0028252553815032327,0.09356096949204927
2025-07-17,568,57,567,0,-0.00523321509448237,0.014293330047027172,0,-0.02911994368937847,0.016644106219877636,0,-0.0064861911107333865,-0.008616352722941928,0,-0.02058811501105946,-0.0014115585062101908,0,0.01726024071859786,0.08716719391096393
2025-07-18,559,56,558,0,0.026164420540815542,0.01980000764243061,0,-0.016096968238263194,0.029210281199829935,0,0.00844546353635047,-0.012236211607470654,0,-0.015334937605526813,0.008787828153336197,0,0.043256261319912656,0.1369968007293916
2025-07-21,558,56,557,0,0.028751423847005374,0.016062577611365862,0,-0.0018517089260829598,0.024470272318785014,0,0.0053865377800481895,-0.0047467558383971886,0,0.009909851178875745,0.006285537607518816,0,0.05536588948339562,0.16745864908092004
2025-07-22,559,56,558,0,0.04560198944384908,0.06351895690529173,0,0.012790997497988113,0.07462254837446075,0,0.012300508485955859,0.04165228171096657,0,0.009975767807309605,0.0611671051423336,0,0.06364206629504145,0.19972115661985262
2025-07-23,565,57,564,0,0.04659149489233177,0.053120826216497476,0,0.011570099048823885,0.046232143698015093,0,-0.014945777656103642,-0.016016827303821507,0,-0.015954243770427975,0.005102650994644726,0,0.051297270901266415,0.09857781002649839
2025-07-24,567,57,566,0,0.02949079270706688,0.04278232426688919,0,0.0369640720135729,0.06927121194393179,0,0.008564532135535761,0.004215631798445713,0,0.006497275836908885,0.05165729852247241,0,0.0735391510364451,0.13251680733223065
2025-07-25,570,57,569,0,0.03915414686246509,0.06745402663155659,0,0.04519583655285761,0.06871457773793421,0,0.000788803656130483,0.007385182100096146,0,-0.00213699497524571,0.04235260206680173,0,0.06685904672119547,0.1308086484365049
2025-07-28,573,58,573,0,0.0373436668475831,-0.02283195195659645,0,0.007171035501361556,-0.024562408291062106,0,0.034871967173655614,-0.07768782279418324,0,0.014449050869256744,-0.044239041721576354,0,0.05728806828465344,0.19682396409183922
2025-07-29,572,58,570,0,0.0485768081090663,0.006621880275172199,0,0.006004916935715226,-0.03889289958230754,0,0.04984999607982028,-0.03489476607343784,0,0.03619350656044883,-0.05637655300299439,0,0.05431347853838095,0.2473297407995903
2025-07-30,575,58,575,0,0.0579979130666636,0.04168156405723824,0,0.044498334373507316,-0.025250057208031255,0,0.051793022386437806,-0.020794040372576764,0,0.04715704314375388,-0.04469546982615434,0,0.08255569932737761,0.27417336189866065
2025-07-31,578,58,578,0,0.04189767368190982,-0.008678562039282033,0,0.07506819716963649,-0.01169254502494415,0,0.05626038576264945,-0.03565451763268608,0,0.054437207121510414,-0.018040676776518508,0,0.10263553815155034,0.3052465955430903
2025-08-01,577,58,577,0,0.02896496828443216,-0.05554042190055115,0,0.032668067940458644,-0.03187414793153937,0,0.019924344807100734,-0.08481241754368275,0,0.014878035047065885,-0.039195481052961646,0,0.10482676727168826,0.29400753956384584
2025-08-04,578,58,578,0,0.008333852046649293,-0.05202791545521084,0,0.019349017866494986,-0.005692980267200187,0,-0.006328545731165308,-0.06543728445161612,0,-0.0011689673315319722,-0.0024536624081563435,0,0.07836269299824099,0.23930984246840328
2025-08-05,579,58,579,0,-0.004062123200704587,-0.0507579791848127,0,0.001152780383562292,-0.014263110417462192,0,-0.0031029700385833857,-0.07868631418078621,0,-0.004430471002362148,-0.029712039082977,0,0.051579953843287535,0.20770171363596
2025-08-06,581,59,581,0,0.01631291141290413,-0.04396419316454227,0,0.02592067214774719,-0.047816268550348706,0,0.0043887835465354925,-0.0589794339073992,0,0.02270084422667373,-0.054147674056289896,0,0.0770164017278514,0.2111678155159613
2025-08-07,582,59,581,0,0.015961808947274777,-0.039192826591006216,0,0.04930048919387179,-0.04577833920971812,0,0.03374433978149977,-0.044434779727619785,0,0.045743682546405026,-0.04124311849098268,0,0.08395492507644166,0.15245705998641462
2025-08-08,585,59,584,0,0.024190582232553375,0.021686701075920443,0,0.04487468653131233,-0.04017063796442522,0,0.013557752752151014,0.0020671157416874016,0,0.04783737430400997,-0.02997854034426651,0,0.08806481404334268,0.2069425055193052
2025-08-11,589,59,587,0,0.014517424495956369,0.015973052439630844,0,0.033396919999766767,-0.06049896510593021,0,0.019598696780618128,0.014268109192905781,0,0.02052832650551034,-0.04201260905709287,0,0.08023162530356776,0.17209909056348444
2025-08-12,594,60,592,0,0.006842074142459207,-0.012039556012814246,0,0.010987463775506514,-0.09310559907199209,0,-0.0014792435378692922,-0.0079113876461956,0,0.023141565743134508,-0.06753164983063717,0,0.05712066772041808,0.11348830747526188
2025-08-13,595,60,593,0,-0.008249168641374323,-0.0043433759948201586,0,0.006006404411439346,-0.044689826351282554,0,0.002434726190525249,-0.030719446891129584,0,0.015367928021642729,-0.04899338020146844,0,0.058250582625621466,0.1576106966423926
2025-08-14,598,60,597,0,-0.049971096996241665,-0.012344753502320494,0,-0.03388882007644745,-0.004496991767001375,0,-0.03650261944425156,-0.04944243294318376,0,-0.02204991012127507,-0.022644140641087596,0,0.0014321142783512838,0.07250972366080764
2025-08-15,600,60,599,0,-0.058052737686125004,0.009785205269239294,0,-0.06519722629234645,-0.027765116547789147,0,-0.0692860475383665,-0.03804213929688108,0,-0.05860103572901768,-0.055643381545702766,0,-0.02883379423700061,0.010285732918457547
2025-08-18,606,61,606,0,-0.0921667199736655,0.04122892145437399,0,-0.062006868371771655,0.027320704213599434,0,-0.08692326421651164,0.02457031385331135,0,-0.06557333794042682,0.013633135067288369,0,-0.09748972590887481,-0.15548942343687716
2025-08-19,605,61,605,0,-0.09780184834867732,-0.031065827512519444,0,-0.0927081997625996,-0.043564837704310966,0,-0.09610417596147831,-0.06439117464308866,0,-0.09493693098970812,-0.06290683826910498,0,-0.09469327797292011,-0.006862065137204615
2025-08-20,606,61,606,0,-0.08808269258593518,0.016699481017273504,0,-0.08606831009483056,-0.015477154152262867,0,-0.1020185256967114,-0.0276415132097617,0,-0.09710665195002544,-0.029517183854021137,0,-0.09606456411295826,0.016766074469786386
2025-08-21,610,61,609,0,-0.09190256696036637,-0.037093540573468343,1,,-0.045648112037734806,1,,-0.06523824034315744,1,,-0.05925093553961961,0,-0.10168702294608131,0.003578362173498868
2025-08-22,614,62,613,0,-0.08490598103979463,-0.052751895781511085,1,,-0.06312118543840078,1,,-0.08063885037106994,1,,-0.07717939025830355,0,-0.09888597293569475,-0.03425308845156178
2025-08-25,616,62,615,0,-0.09155608971736968,-0.06216520354257512,1,,-0.02286718325478998,0,-0.10139873659182662,-0.06568666835637832,1,,-0.024853307981813264,0,-0.09881092827419444,-0.043815513832325195
2025-08-26,620,62,619,0,-0.12436947856487404,-0.09104357676449207,0,-0.12041002205906656,-0.045473571026095,0,-0.12385196561409001,-0.06329529782496146,0,-0.11005657355553841,-0.03607596783598808,0,-0.14636815791573654,-0.14508276125923789
2025-08-27,619,62,618,0,-0.14239816480187745,-0.10960874351268035,0,-0.1432877274040221,-0.04645397204035992,0,-0.14923802222569105,-0.08996974609092068,0,-0.1472679540591019,-0.049248365266237985,0,-0.18051404799585416,-0.2393043204955557
2025-08-28,618,62,613,0,-0.15994155787603326,-0.08587323538160654,0,-0.1507382463013406,-0.0001945510646272529,0,-0.16358275712907555,-0.05449195850824526,0,-0.14243870913050144,-3.758698436967813e-05,0,-0.18014586164932644,-0.30272749965104767
2025-08-29,623,63,618,0,-0.17164582466217934,-0.10231424732180755,0,-0.16975830823995192,-0.020468574200151735,0,-0.18059029863373147,-0.06702826728110306,0,-0.17133468886833073,-0.017457291996606287,0,-0.19354285393330253,-0.3698340233351715
2025-09-01,625,63,621,0,-0.164281534403996,-0.11143923403108376,0,-0.1507992117285635,-0.04165728967305767,0,-0.15701023855620805,-0.09090770496556853,0,-0.14507160942240557,-0.03329189855687426,0,-0.16562692612293825,-0.285678154220325
2025-09-02,627,63,623,0,-0.1661149890796546,-0.06276596523403087,0,-0.15810867587128763,-0.005225999652859027,0,-0.15301473605706473,-0.048107901082900306,0,-0.1458451614706293,-0.008306448921437263,0,-0.14970132488761015,-0.2065100247229529
2025-09-03,626,63,621,0,-0.19201659293489654,-0.05963600613799499,0,-0.1800301437111532,-0.0020331854539502744,0,-0.1736509329520816,-0.024671590077825854,1,,0.01058302692764476,0,-0.19590499731949326,-0.2771889793040742
2025-09-04,628,63,624,0,-0.1924595841181324,-0.01113979751224074,1,,0.03827436336508973,0,-0.1816133105542464,0.0004885048622433448,1,,0.03902519696818896,0,-0.18803486667223887,-0.1733517362678306
2025-09-05,629,63,629,0,-0.20803844132764335,-0.03760795228026228,0,-0.20508348230669748,0.03041887497339016,0,-0.206913996356812,-0.01094978332722893,0,-0.20578560826936892,0.03160779621506111,0,-0.2196299530416957,-0.21457858495877632
2025-09-08,631,64,631,0,-0.19458253361573086,-0.09069946215426453,0,-0.18847574012189855,-0.024978125008433213,0,-0.19167078894080408,-0.08345252862340768,0,-0.1899983858992766,-0.029555233699946077,0,-0.2073218262533864,-0.22787521237650118
2025-09-09,633,64,633,0,-0.17426160768152799,-0.09376234141060688,0,-0.1687506836275588,-0.022950959320110043,0,-0.16843684330782305,-0.07945717800422336,0,-0.16543091980234412,-0.023852063779849754,0,-0.2000620538574986,-0.2212508568056523
2025-09-10,626,63,626,0,-0.1445117045600123,-0.09716950758572859,0,-0.14687822712087864,-0.038705095479219104,0,-0.1463388848766264,-0.08947951865086469,0,-0.1428847268430992,-0.03599296862886368,0,-0.17339235368785236,-0.25387395024380766
2025-09-11,637,64,637,0,-0.15025807727640456,-0.11714766050892823,0,-0.1426877448751686,-0.04701697402957673,0,-0.142926044805641,-0.1095161956633918,0,-0.1327689858936501,-0.04456745199835741,0,-0.17305300530334597,-0.29605058416320407
2025-09-12,635,64,635,0,-0.14917538315470655,-0.14929663718787411,0,-0.14747142498458995,-0.08266167720670237,0,-0.15481531131679976,-0.15217962412262356,0,-0.14542055964448958,-0.0897285687602583,0,-0.155444731020966,-0.2208131082338208
2025-09-15,635,64,634,0,-0.1622050087788504,-0.16680338216255106,0,-0.1513899410946371,-0.10932201204007616,0,-0.161094802737003,-0.17946916905172874,0,-0.14906645776133337,-0.11387833979557978,1,,-0.16322677718048934
2025-09-16,632,64,631,0,-0.15826539234235865,-0.2142082720574979,1,,-0.11638594321643164,0,-0.16227894816000732,-0.21865462974071936,0,-0.1553708506393648,-0.12026967305146602,1,,-0.24081756735304366
2025-09-17,635,64,634,0,-0.1823251608048243,-0.22960158242697926,0,-0.18731416857013586,-0.14404314509610341,1,,-0.21986702945039258,1,,-0.1384249722698936,0,-0.17170289428558833,-0.2091054533290326
2025-09-18,633,64,633,0,-0.1690171749019123,-0.20018968090504977,0,-0.17304359847630657,-0.13344645317134937,0,-0.16462793824643024,-0.18146233751300322,0,-0.16969507198038788,-0.12163830054018733,0,-0.15039150376006077,-0.18064762487195712
2025-09-19,634,64,633,0,-0.16153514472180117,-0.19693098232006517,0,-0.1577678442471726,-0.1397779787827722,0,-0.16568093078742652,-0.16266647921655816,0,-0.16060783174086887,-0.11669012927445672,0,-0.14148963907944534,-0.16229191018296366
2025-09-22,637,64,636,0,-0.16122678221709472,-0.257595674566522,0,-0.15774423269587884,-0.18291639031059698,0,-0.15558211455908022,-0.21083134650029792,0,-0.15390463620777048,-0.15766835317168906,0,-0.1475555283691638,-0.22502431521724817
2025-09-23,632,64,631,0,-0.15095119566576523,-0.2018776254366046,0,-0.15146107738761327,-0.1379716209343638,0,-0.1402290538898354,-0.16763547155254474,0,-0.13349420259278882,-0.11541389842028839,0,-0.1259146716036264,-0.1200961346248715
2025-09-24,629,63,624,0,-0.15134644110601456,-0.20862068209783238,1,,-0.13845885531910482,2,,-0.1836911583955528,2,,-0.12749231556317567,0,-0.1024218618244302,-0.09177284181830132
2025-09-25,627,63,626,0,-0.16503147268630228,-0.17467490919086553,0,-0.16535743893858304,-0.1503861706664627,0,-0.1617288860022052,-0.1595436213879142,0,-0.15607351117859206,-0.14212311765548227,0,-0.08594740838227961,-0.024236201708550387
2025-09-26,627,63,626,0,-0.17246403058688764,-0.13060720794944508,0,-0.16160510642152792,-0.11107320183274716,0,-0.1732945170514693,-0.12042164699828184,0,-0.14812065577102326,-0.1041385880819109,0,-0.08921724992888591,-0.008583359590526002
2025-09-30,622,63,621,0,-0.19730053601928935,-0.2063457121074812,0,-0.18096663658194,-0.14410814601824018,0,-0.18656354784958745,-0.18748476323547686,0,-0.1738492695790076,-0.13617330944398232,0,-0.10278166889296728,-0.016821651100869667
2025-10-01,620,62,620,0,-0.16156201348085095,-0.22057019170824566,0,-0.1348813006053978,-0.13901740856672826,0,-0.14845100906560985,-0.1991455977327251,0,-0.14507066473222247,-0.13051963321519322,0,-0.07759952454375899,-0.017413966859703894
2025-10-02,618,62,618,0,-0.15298920982811343,-0.2518263989808974,0,-0.1328784033384143,-0.15170736414481525,0,-0.15267776512331363,-0.2403030560934589,0,-0.1491431666986914,-0.15189204532282136,0,-0.08678994801245435,-0.05548150513965348
2025-10-03,616,62,615,0,-0.12184652663831293,-0.2595196136190814,0,-0.10959035250737582,-0.14600242055553092,0,-0.11205731822165337,-0.22842006646725804,0,-0.11356800681918032,-0.139877104701924,0,-0.057534771435756006,-0.14160760586835108
2025-10-07,617,62,616,0,-0.1015200479590123,-0.22493427464075597,0,-0.09086546655309909,-0.121322597822331,0,-0.09829511157158043,-0.20004692051188233,0,-0.09123165615531807,-0.12080718835898047,0,-0.037838021257008955,-0.0964631973219044
2025-10-08,615,62,614,0,-0.08457911074569617,-0.16234967626168487,0,-0.0720932680594925,-0.0796844606723223,0,-0.08444984321691416,-0.13452262676684498,0,-0.06910912295807883,-0.07424727546506799,0,-0.03510388707526708,-0.14594299154260873
2025-10-09,617,62,616,0,-0.0849571756599053,-0.09836594356824745,0,-0.0805679716190747,-0.08568043809830109,0,-0.08628856361567698,-0.09965489076644873,0,-0.07234419906462955,-0.09060405005978965,0,-0.005499784031982764,0.06024528012673789
2025-10-13,616,62,615,0,-0.08045018269550884,-0.1203948663067289,0,-0.06686900062361131,-0.07403255735142321,0,-0.06991751445109072,-0.09899188136222943,0,-0.05070910819979785,-0.064492952259517,0,-0.020040279747663852,-0.08649625256239349
2025-10-14,614,62,613,0,-0.03651191967494692,-0.03167746895323011,0,-0.004367426372728906,0.001669690556726762,0,-0.04230930082536918,-0.0326950526303816,0,-0.01676124511787116,0.0024033270761290994,0,0.03422268072033426,0.042196251168183714
2025-10-15,619,62,614,0,-0.007420569491893739,-0.032811865185016775,0,0.003946974679018912,0.026507579715200607,0,-0.03708070067757811,-0.02095258491153021,0,-0.01476985140299308,0.02040700529617628,0,0.05340792149825863,0.025541099216431763
2025-10-16,625,63,622,0,-0.015691673951632516,-0.05050820407441164,0,-0.00832172968927333,0.07001496165102186,0,-0.01959981010208948,-0.005215241114362189,0,-0.0011381872370950811,0.08601142290570889,0,0.03158349878386449,-0.02690616312235082
2025-10-17,626,63,624,0,-0.015842686919967788,-0.05222197931156884,0,0.01134151188835783,0.05196767630491855,0,-0.010818524599278902,-0.0326833691241726,0,-0.010613461016588548,0.051574566034684945,0,0.03364443531446499,0.0028775405081501552
2025-10-20,622,63,620,0,-0.015920556104240785,-0.09266470815051349,0,-0.0007422063482055994,0.03625381370384626,0,-0.01747640147553201,-0.0520351989117759,0,-0.009155068623908285,0.04703444717268062,0,0.023684293106483522,-0.08846503939908415
2025-10-21,623,63,620,0,-0.012967827184263002,-0.09100705203498297,0,0.010717261504428078,0.06618438132686703,1,,-0.0367859710888355,1,,0.07309972618042952,0,0.007400735341780294,-0.10925870257868026
2025-10-22,622,63,620,0,-0.0453625317497421,-0.09581023867982812,0,-0.008256523604605742,0.04723993340134864,0,-0.04663851462997629,-0.0673152460342713,0,-0.028690898538968782,0.04130179823635637,0,0.000794543123452907,-0.044589310181009575
2025-10-23,619,62,617,0,-0.03415823807116726,-0.08924967103831322,0,-0.006424522459202923,0.03330406277645503,0,-0.029761156024316497,-0.034930428102840805,0,-0.012358193025809145,0.05035096058447382,0,-0.01701807507874032,-0.1862805453110877
2025-10-27,621,63,621,0,-0.03778382335946386,-0.06777781624963324,0,0.00011565286041328342,0.014911557519368415,0,-0.02511052817043429,-0.008396056515678898,0,0.001811143943788157,0.04992396352353675,0,0.0018303123151032677,-0.16522697022263383
2025-10-28,619,62,619,0,-0.004502279314629613,-0.01624912767287197,0,0.009402869723749558,0.04028966143158654,0,0.0037471651304031386,0.03383956345115504,0,0.016928245412718482,0.06791601434500391,0,0.025852699830239818,-0.11692831463186946
2025-10-29,621,63,621,0,0.0007980584447387283,0.023493695026749677,0,0.022553706806731535,0.062375327988641455,0,0.00819364014058018,0.076687996837181,0,0.029681974403297413,0.09464998635808076,0,0.008102997641442468,-0.1424758347566158
2025-10-30,621,63,620,0,0.015601930159204412,0.07553073836933642,0,0.028335288097690765,0.10391098520919405,0,0.02099679184585934,0.11156883176219162,0,0.033218459552784046,0.12060923910719315,1,,-0.05020860512866124
2025-10-31,622,63,621,0,0.024393067138688575,0.11149347321801109,0,0.043969541363347804,0.1252538991245265,0,0.029241497509033456,0.1466265416325174,0,0.04725723177876601,0.14351320236613876,1,,-0.0597860353110777
2025-11-03,620,62,619,0,0.04126576916362098,0.158380708382532,0,0.060718953331071183,0.1531049049156155,0,0.057964271562250674,0.2122140710464043,0,0.06440507187303379,0.18483331663476577,1,,-0.09279356828028652
2025-11-04,626,63,624,0,0.06214651172868061,0.16774188609505045,0,0.05988104206327807,0.19592231038951344,1,,0.18671806067862298,0,0.0846481539814376,0.19653043499949607,1,,0.04500803679665202
2025-11-05,625,63,623,0,0.034163284272721126,0.19155368546018894,0,0.049698090620167355,0.20106458167633517,1,,0.2160993137115273,0,0.04622268295977245,0.21357508446179505,1,,-0.04099073566327563
2025-11-06,627,63,626,0,0.02755766830076311,0.12606864471976287,0,0.03521140901666807,0.14661264716717884,1,,0.14970256097339846,0,0.041775207757644435,0.16216227586108278,1,,-0.04162061286776251
2025-11-07,625,63,624,1,,0.05076785766431806,1,,0.09657675406498675,1,,0.06876349897510467,1,,0.10843686830509669,1,,-0.012400971503317253
2025-11-10,621,63,621,0,-0.0002833052118185891,0.0751474417302083,0,0.027259895555043125,0.11984616623441079,0,0.007916536011496013,0.09753788006905202,0,0.022486040852276318,0.13336249121668398,0,0.01942881356408745,0.012583413017684734
2025-11-11,622,63,622,0,-0.007838836833705889,0.06951101156152358,0,0.00548370398478395,0.12167496946314843,0,-0.008524345593186707,0.08852461268573004,0,0.007019840813823712,0.134613077558025,0,0.03041234468513723,0.03595344273761994
2025-11-12,618,62,614,2,,0.005393769863633605,0,-0.03555487880060108,0.03437520943151433,3,,0.01727754969755232,1,,0.0409498506310678,1,,-0.0037662841080219464
2025-11-13,609,61,609,0,-0.02560499938834061,-0.026959195427699773,0,-0.03640284342168497,-0.0330867900221385,0,-0.028883274012416218,-0.017325598456831553,0,-0.029201681975656795,-0.01845615478795848,0,-0.0022262400558972963,0.026740410636159524
2025-11-14,609,61,609,0,-0.020726831882122952,0.018119175050423503,0,-0.020802014948393604,-0.016617804197463035,0,-0.023519868679238467,-0.007118534806778775,0,-0.026123093146249696,-0.03410907481299099,0,0.008990363142296504,0.0034897216145601557
2025-11-17,611,62,611,0,-0.008190208787726031,-0.0143881656071394,0,0.009606712329038387,-0.01321772282276233,0,-0.01916331316153605,-0.032433912306558156,0,0.0035976089175053954,-0.03943689328460423,0,0.027987938503752186,0.00908113770532326
2025-11-18,610,61,610,0,-0.016780455184246913,-0.0004148289521161414,0,0.014444221374346984,-0.03118158712452383,0,-0.007357803978589643,-0.028604720321545575,0,-0.004170250125942854,-0.05532691603632997,0,0.00779939677531591,0.024084874326099796
2025-11-19,607,61,607,0,-0.003521794463621323,-0.00956068575065181,0,0.024463605417539412,-0.04174550101139051,0,0.011467132835228844,-0.011083356902765044,0,0.02899067575621617,-0.04143097070521902,0,0.03128844476100726,-0.07921211285078202
2025-11-20,605,61,604,0,0.00783703975924295,0.000748515192313801,0,0.036667512826538,-0.01857035994475177,0,0.0077252832737188405,-0.020870882136822193,0,0.0251425161719196,-0.02939111383752303,0,0.055914560423535625,0.07352050787718421
2025-11-21,604,61,604,0,0.005682615312342202,0.024996578937848984,0,0.04896721873917261,-0.006859278966852488,0,0.029386051511231533,0.00562299948191556,0,0.043451850314990687,-0.012351004421260869,0,0.04925548603956414,0.11280727628979981
2025-11-24,599,60,599,0,0.008195096975616692,0.04412531156661609,0,0.038872811918299936,0.03487248489950901,0,0.01932427517772462,0.0289261455320643,0,0.032144099386384344,0.035337111147014315,0,0.05569572317277561,0.18884660267985515
2025-11-25,597,60,597,0,0.010542466112743015,0.04193966110632073,0,0.03435073942898595,0.02269277412131677,0,0.019504524102248868,0.01960551867567194,0,0.02998934932672855,0.015181642524125091,0,0.05621004265325046,0.15206040081820163
2025-11-26,594,60,593,1,,0.1386115031188698,1,,0.11488165279573909,1,,0.11094455072895679,1,,0.09884925249897403,1,,0.10906663544970477
2025-11-27,593,60,593,0,0.012824943808431893,0.06986628391371072,0,0.02324908788869943,0.047338401794623446,0,0.026516206836325298,0.05288835424399067,0,0.01566860823324706,0.042371279808920685,0,0.07269793402253066,0.13947038619309532
2025-11-28,590,59,590,0,-0.006853889396863541,0.048841313620489525,0,-0.015302879762288163,0.020657710026864975,0,-0.007831965257723145,0.049301528136896804,0,-0.023742170568979808,0.02610251547858152,0,0.03082976758140018,0.09340049666541161
2025-12-01,589,59,589,0,0.014486049189529346,0.07424192083768054,0,-0.010704979194235102,0.03213744431043339,0,0.003752754335377806,0.054363177093007024,0,-0.008437900516639965,0.020313586676053392,0,0.03635193991412416,0.14356003608764842
2025-12-02,588,59,588,0,0.025898762297027818,0.05588527703402288,0,-0.018071180383999266,-0.022174108012188273,0,-0.00033901713686393435,0.03169303628513028,0,-0.009960217192732311,-0.03384436342137755,0,0.047985845529136525,0.15456273013516492
2025-12-03,586,59,586,0,0.016319585046252662,0.02556845368388049,0,-0.01824097222815816,-0.047920161588670136,0,-0.014548912601453027,-0.012212923798854431,0,-0.03628302263005088,-0.06514915025735192,0,0.04003418732327411,0.1592870586465589
2025-12-04,586,59,586,0,-0.025526725410779796,0.03659211643069632,0,-0.06163490567571816,-0.02239190583523651,0,-0.05183439203096641,-0.005187303386716913,0,-0.0751066837168871,-0.04799098700334324,0,0.002888047905770691,0.1404982402920192
2025-12-05,581,59,581,0,-0.022660399148198885,-0.053156697465911576,0,-0.05878007257931012,-0.05865205301290991,0,-0.05898782673031893,-0.07352240368412519,0,-0.07577103005605057,-0.06957135969750992,0,-0.01652447214381029,0.15712056915983663
2025-12-08,577,58,577,0,-0.016907351885726576,-0.04464814946605095,0,-0.03710004495705706,-0.015749132796342213,0,-0.0301920471850571,-0.05565970219190594,0,-0.039654769389604765,-0.03540090265485641,0,0.004932826889629435,0.1323773529486466
2025-12-09,569,57,569,0,-0.055356098256013515,-0.045849772633841726,0,-0.06847891940524199,-0.028879537175695084,0,-0.05958887165911174,-0.053532906271828794,0,-0.08694436226933398,-0.046550187598359764,0,-0.03624548425038976,0.00790597665994626
2025-12-10,569,57,569,0,-0.029545568623738274,-0.0008015122326618542,0,-0.04151144076030293,0.025370342360282173,0,-0.05202277554232947,-0.010802224861689972,0,-0.06351119300499691,-4.709604975533508e-05,0,-0.0031592738709677985,0.04791970950793721
2025-12-11,571,58,571,0,-0.03825525394433707,0.01956072935412259,0,-0.04690578118863234,0.06669997514352921,0,-0.05877771889548526,-0.0005772502458454058,0,-0.053697851327457594,0.04082965018444965,0,0.0019689294563615275,0.12702534916896036
2025-12-12,570,57,570,0,-0.05055399426429818,-0.06042992341846558,0,-0.06087041383644599,0.025957411735158253,0,-0.07174633764856314,-0.06148890842316534,0,-0.08040084703931599,0.01776497077439843,0,-0.03844584628574295,0.1581128178331961
2025-12-15,562,57,562,0,-0.08967071060186153,-0.09003490252767207,0,-0.08791212256609857,-0.020473695535119445,0,-0.09793634451489971,-0.08546877961116804,0,-0.09577399696016099,-0.020967916043560162,0,-0.04727514884847471,0.12396531559728119
2025-12-16,563,57,563,0,-0.05078089457092746,-0.04653781499438788,0,-0.05054751271892951,0.03158778968183196,0,-0.07371195279403411,-0.03513151383068918,0,-0.06562147054658389,0.04630524948140239,0,-0.03006771669905496,0.18991241960023805
2025-12-17,565,57,564,0,-0.08994285087452886,-0.09558984096430329,0,-0.0878898519858802,-0.009288808539841844,0,-0.07731072132853258,-0.08754835155035413,0,-0.08044534655846507,-0.007408532480855914,0,-0.03757425507862109,0.2815797843869635
2025-12-18,569,57,569,0,-0.06622640127987935,-0.038584693226569475,0,-0.07781027568927326,0.039546155352509785,0,-0.07400825626356011,-0.01694306667171505,0,-0.07101715902975379,0.05107171515707441,0,-0.01447413596093607,0.24919645688830128
2025-12-19,568,57,568,0,-0.09020804015074792,-0.07689812108506866,0,-0.07752770934409638,0.01751392324384901,0,-0.08888775874208932,-0.07019857985049167,0,-0.07540733851348896,0.01695445760801969,0,-0.015725077086239003,0.24299871092398811
2025-12-22,566,57,566,0,-0.10741010547367331,-0.10625054413223109,0,-0.10799544424391155,-0.037304529757763834,0,-0.10176444267722305,-0.09113651602573769,0,-0.1033399007594572,-0.03730062507659049,0,-0.03673259882907048,0.16885737480279805
2025-12-23,567,57,566,1,,-0.08297271166980405,0,-0.11603732525446522,-0.030902491309400343,1,,-0.06619357728257681,0,-0.12100639625240119,-0.0335114457149084,0,-0.05404705079699856,0.13220330373911957
2025-12-24,563,57,563,0,-0.10374905341360371,-0.057942456001897784,0,-0.10420840016207289,0.010181471835429862,0,-0.1110871076783384,-0.052103539811419575,0,-0.11243219937354952,-0.0036473809311148467,0,-0.060274808905222736,0.17225518916940927
2025-12-26,573,58,573,0,-0.08260061043101793,-0.05628422864126451,0,-0.06869102460069554,0.026286001865074467,0,-0.07573384813607266,-0.046223926274712286,0,-0.07987851619678253,0.01296539151888749,0,-0.02854757343044474,0.15395843512361024
2025-12-29,574,58,573,0,-0.09279950959227165,-0.05996835815958447,0,-0.08683218920395908,0.0006162909712384124,0,-0.08959049914755943,-0.0686339692477703,0,-0.10254262937434223,-0.01931978430836592,0,-0.026388097549172738,0.19427380088207932
2025-12-30,569,57,569,0,-0.10134395619978406,-0.06824869408324162,0,-0.10150663751368644,-0.00025912575120941235,0,-0.0888940862339501,-0.0781092496770577,0,-0.11433257332082662,-0.01475368747327135,0,-0.0382818421222779,0.2017011592538957
2025-12-31,574,58,574,0,-0.09193047273289295,-0.046085543397340716,0,-0.09620497742578095,0.00782414635023391,0,-0.09224158646949221,-0.053680119271365574,0,-0.10154372625533947,-0.004599404515889587,0,-0.023640961409506365,0.15547359102760328
