symbol,event_date,method,entry_date,official_cash_per_share,reference_delta,raw_detail_key
2344,2026-03-27,logistic,2026-03-02,0.5,0.5,"2344,20260327"
8996,2026-03-27,mom60_skip5,2026-03-02,4.555207,4.559999999999945,"8996,20260327"
2344,2026-03-27,mom60_skip5,2026-03-02,0.5,0.5,"2344,20260327"
6415,2026-03-26,mom60_skip5,2026-03-02,2.55261,2.5600000000000023,"6415,20260326"
6830,2026-04-09,logistic,2026-04-01,1.0,1.0,"6830,20260409"
4764,2026-04-23,logistic,2026-04-01,1.0,1.0,"4764,20260423"
6830,2026-04-09,mom60_skip5,2026-04-01,1.0,1.0,"6830,20260409"
1717,2026-04-24,mom60_skip5,2026-04-01,1.0,1.0,"1717,20260424"
2426,2026-05-25,logistic,2026-05-04,0.1,0.10000000000000853,"2426,20260525"
2486,2026-05-25,logistic,2026-05-04,0.49846,0.5,"2486,20260525"
6909,2026-06-01,logistic,2026-05-04,1.000142,1.009999999999998,"6909,20260601"
2426,2026-05-25,mom60_skip5,2026-05-04,0.1,0.10000000000000853,"2426,20260525"
2486,2026-05-25,mom60_skip5,2026-05-04,0.49846,0.5,"2486,20260525"
6861,2026-06-15,logistic,2026-06-01,2.0,2.0,"6861,20260615"
3026,2026-06-22,logistic,2026-06-01,5.8,5.7999999999999545,"3026,20260622"
6531,2026-06-22,logistic,2026-06-01,6.985647,6.990000000000009,"6531,20260622"
6658,2026-06-08,logistic,2026-06-01,1.2,1.1999999999999886,"6658,20260608"
6834,2026-06-11,logistic,2026-06-01,0.4,0.4000000000000057,"6834,20260611"
3481,2026-06-11,logistic,2026-06-01,1.0,1.0,"3481,20260611"
3016,2026-06-29,logistic,2026-06-01,0.496874,0.5,"3016,20260629"
2302,2026-07-01,logistic,2026-06-01,0.35,0.3500000000000014,"2302,20260701"
3443,2026-06-08,logistic,2026-06-01,20.0,20.0,"3443,20260608"
6449,2026-06-23,logistic,2026-06-01,4.200947,4.2099999999999795,"6449,20260623"
3042,2026-06-16,logistic,2026-06-01,4.8,4.800000000000011,"3042,20260616"
8039,2026-06-30,logistic,2026-06-01,1.993351,2.0,"8039,20260630"
8114,2026-06-25,logistic,2026-06-01,11.467,11.469999999999999,"8114,20260625"
2313,2026-06-02,logistic,2026-06-01,2.8,2.8000000000000114,"2313,20260602"
1582,2026-06-16,logistic,2026-06-01,3.0,3.0,"1582,20260616"
8028,2026-06-12,logistic,2026-06-01,2.701988,2.7099999999999795,"8028,20260612"
2489,2026-06-25,logistic,2026-06-01,1.2,1.2000000000000028,"2489,20260625"
2327,2026-06-12,logistic,2026-06-01,5.998525,6.0,"2327,20260612"
4958,2026-06-08,logistic,2026-06-01,3.421698,3.430000000000007,"4958,20260608"
3026,2026-06-22,mom60_skip5,2026-06-01,5.8,5.7999999999999545,"3026,20260622"
6658,2026-06-08,mom60_skip5,2026-06-01,1.2,1.1999999999999886,"6658,20260608"
6861,2026-06-15,mom60_skip5,2026-06-01,2.0,2.0,"6861,20260615"
4958,2026-06-08,mom60_skip5,2026-06-01,3.421698,3.430000000000007,"4958,20260608"
6834,2026-06-11,mom60_skip5,2026-06-01,0.4,0.4000000000000057,"6834,20260611"
6531,2026-06-22,mom60_skip5,2026-06-01,6.985647,6.990000000000009,"6531,20260622"
2327,2026-06-12,mom60_skip5,2026-06-01,5.998525,6.0,"2327,20260612"
3714,2026-06-30,mom60_skip5,2026-06-01,0.9,0.8999999999999986,"3714,20260630"
3016,2026-06-29,mom60_skip5,2026-06-01,0.496874,0.5,"3016,20260629"
3443,2026-06-08,mom60_skip5,2026-06-01,20.0,20.0,"3443,20260608"
1727,2026-06-30,mom60_skip5,2026-06-01,0.15,0.15000000000000568,"1727,20260630"
8271,2026-07-01,mom60_skip5,2026-06-01,4.448443,4.449999999999989,"8271,20260701"
3042,2026-06-16,mom60_skip5,2026-06-01,4.8,4.800000000000011,"3042,20260616"
8046,2026-06-25,mom60_skip5,2026-06-01,2.0,2.0,"8046,20260625"
2388,2026-06-22,mom60_skip5,2026-06-01,0.05,0.05000000000001137,"2388,20260622"
3054,2026-06-26,mom60_skip5,2026-06-01,0.8,0.7999999999999972,"3054,20260626"
3030,2026-06-11,mom60_skip5,2026-06-01,7.0,7.0,"3030,20260611"
6449,2026-06-23,mom60_skip5,2026-06-01,4.200947,4.2099999999999795,"6449,20260623"
2368,2026-06-23,mom60_skip5,2026-06-01,9.803012,9.809999999999945,"2368,20260623"
3481,2026-06-11,mom60_skip5,2026-06-01,1.0,1.0,"3481,20260611"
2492,2026-07-09,logistic,2026-07-01,2.503091,2.509999999999991,"2492,20260709"
3189,2026-07-02,logistic,2026-07-01,1.517564,1.5199999999999818,"3189,20260702"
3090,2026-07-02,logistic,2026-07-01,4.8,4.800000000000011,"3090,20260702"
2478,2026-07-09,logistic,2026-07-01,2.0,2.0,"2478,20260709"
6715,2026-07-02,logistic,2026-07-01,1.943104,1.9499999999999886,"6715,20260702"
8261,2026-07-09,logistic,2026-07-01,5.0,5.0,"8261,20260709"
6451,2026-07-27,logistic,2026-07-01,0.217665,0.22000000000002728,"6451,20260727"
6213,2026-07-02,logistic,2026-07-01,2.998927,3.0,"6213,20260702"
6862,2026-07-07,logistic,2026-07-01,5.0,5.0,"6862,20260707"
3037,2026-07-06,logistic,2026-07-01,1.980153,1.990000000000009,"3037,20260706"
2493,2026-07-09,logistic,2026-07-01,4.0,4.0,"2493,20260709"
2409,2026-07-30,logistic,2026-07-01,0.4,0.3999999999999986,"2409,20260730"
6155,2026-07-06,logistic,2026-07-01,0.8,0.7999999999999972,"6155,20260706"
2425,2026-07-03,logistic,2026-07-01,0.1,0.10000000000000142,"2425,20260703"
2316,2026-07-13,logistic,2026-07-01,2.0,2.0,"2316,20260713"
7788,2026-07-24,logistic,2026-07-01,2.0,2.0,"7788,20260724"
3532,2026-07-14,logistic,2026-07-01,1.0,1.0,"3532,20260714"
6239,2026-07-30,logistic,2026-07-01,4.5,4.5,"6239,20260730"
1303,2026-07-08,logistic,2026-07-01,0.8,0.8000000000000114,"1303,20260708"
1809,2026-07-23,logistic,2026-07-01,0.25,0.25,"1809,20260723"
8021,2026-07-15,logistic,2026-07-01,1.972185,1.9800000000000182,"8021,20260715"
3055,2026-07-10,logistic,2026-07-01,0.5,0.5,"3055,20260710"
2233,2026-07-30,logistic,2026-07-01,3.999946,4.0,"2233,20260730"
6166,2026-07-09,logistic,2026-07-01,1.198986,1.1999999999999886,"6166,20260709"
2408,2026-07-07,logistic,2026-07-01,1.347149,1.3500000000000227,"2408,20260707"
2492,2026-07-09,mom60_skip5,2026-07-01,2.503091,2.509999999999991,"2492,20260709"
2478,2026-07-09,mom60_skip5,2026-07-01,2.0,2.0,"2478,20260709"
3090,2026-07-02,mom60_skip5,2026-07-01,4.8,4.800000000000011,"3090,20260702"
2454,2026-07-07,mom60_skip5,2026-07-01,24.500215,24.51000000000022,"2454,20260707"
2303,2026-07-08,mom60_skip5,2026-07-01,2.608082,2.6100000000000136,"2303,20260708"
3532,2026-07-14,mom60_skip5,2026-07-01,1.0,1.0,"3532,20260714"
6166,2026-07-09,mom60_skip5,2026-07-01,1.198986,1.1999999999999886,"6166,20260709"
8261,2026-07-09,mom60_skip5,2026-07-01,5.0,5.0,"8261,20260709"
2493,2026-07-09,mom60_skip5,2026-07-01,4.0,4.0,"2493,20260709"
8021,2026-07-15,mom60_skip5,2026-07-01,1.972185,1.9800000000000182,"8021,20260715"
3189,2026-07-02,mom60_skip5,2026-07-01,1.517564,1.5199999999999818,"3189,20260702"
2316,2026-07-13,mom60_skip5,2026-07-01,2.0,2.0,"2316,20260713"
2408,2026-07-07,mom60_skip5,2026-07-01,1.347149,1.3500000000000227,"2408,20260707"
6278,2026-07-09,mom60_skip5,2026-07-01,5.564956,5.569999999999993,"6278,20260709"
6197,2026-07-02,mom60_skip5,2026-07-01,6.923259,6.930000000000007,"6197,20260702"
1809,2026-07-23,mom60_skip5,2026-07-01,0.25,0.25,"1809,20260723"
7788,2026-07-24,mom60_skip5,2026-07-01,2.0,2.0,"7788,20260724"
3048,2026-07-07,mom60_skip5,2026-07-01,1.0,0.9999999999999929,"3048,20260707"
3037,2026-07-06,mom60_skip5,2026-07-01,1.980153,1.990000000000009,"3037,20260706"
6155,2026-07-06,mom60_skip5,2026-07-01,0.8,0.7999999999999972,"6155,20260706"
1303,2026-07-08,mom60_skip5,2026-07-01,0.8,0.8000000000000114,"1303,20260708"
6451,2026-07-27,mom60_skip5,2026-07-01,0.217665,0.22000000000002728,"6451,20260727"
3167,2026-07-09,mom60_skip5,2026-07-01,3.914761,3.919999999999959,"3167,20260709"
3583,2026-07-30,mom60_skip5,2026-07-01,5.747619,5.75,"3583,20260730"
3673,2026-07-16,mom60_skip5,2026-07-01,1.8,1.7999999999999972,"3673,20260716"
2484,2026-08-24,logistic,2026-08-03,0.7,0.7000000000000028,"2484,20260824"
2472,2026-08-20,logistic,2026-08-03,3.5,3.5,"2472,20260820"
2375,2026-08-06,logistic,2026-08-03,1.2,1.2000000000000028,"2375,20260806"
2351,2026-08-04,logistic,2026-08-03,1.028839,1.0300000000000011,"2351,20260804"
2484,2026-08-24,mom60_skip5,2026-08-03,0.7,0.7000000000000028,"2484,20260824"
2059,2026-08-27,mom60_skip5,2026-08-03,51.0,51.0,"2059,20260827"
1714,2026-08-20,mom60_skip5,2026-08-03,0.18,0.17999999999999972,"1714,20260820"
3008,2026-08-13,mom60_skip5,2026-08-03,41.5,41.5,"3008,20260813"
2375,2026-08-06,mom60_skip5,2026-08-03,1.2,1.2000000000000028,"2375,20260806"
2377,2026-08-20,mom60_skip5,2026-08-03,4.2,4.199999999999989,"2377,20260820"
1709,2026-08-28,mom60_skip5,2026-08-03,1.0,1.0,"1709,20260828"
9914,2026-08-06,mom60_skip5,2026-08-03,2.8,2.799999999999997,"9914,20260806"
2472,2026-08-20,mom60_skip5,2026-08-03,3.5,3.5,"2472,20260820"
1409,2026-08-27,mom60_skip5,2026-08-03,0.9,0.9000000000000021,"1409,20260827"
2527,2026-08-24,mom60_skip5,2026-08-03,1.5,1.5,"2527,20260824"
6426,2026-09-02,logistic,2026-09-01,0.5,0.5,"6426,20260902"
