method,entry_date,exit_observation_date,selected,complete_action_free,rows_with_recorded_action,rows_with_factor_drift,rows_with_missing_or_nontrade,mean_clean_open_to_open_return,clean_label_positive_rate,coverage
logistic,2026-01-02,2026-02-02,59,58,1,1,0,0.11319077229710549,0.3793103448275862,0.9830508474576272
logistic,2026-02-02,2026-03-02,69,69,0,0,0,0.06896535855449804,0.3188405797101449,1.0
logistic,2026-03-02,2026-04-01,68,67,1,1,0,0.0658029592736787,0.26865671641791045,0.9852941176470589
logistic,2026-04-01,2026-05-04,67,65,2,2,0,0.2628698599620481,0.5846153846153846,0.9701492537313433
logistic,2026-05-04,2026-06-01,69,66,3,3,0,0.15961889193684578,0.4696969696969697,0.9565217391304348
logistic,2026-06-01,2026-07-01,72,53,19,19,0,0.06411347168020372,0.32075471698113206,0.7361111111111112
logistic,2026-07-01,2026-08-03,75,47,28,27,0,-0.32198486016599825,0.1276595744680851,0.6266666666666667
logistic,2026-08-03,2026-09-01,72,66,6,6,0,0.28083055447620536,0.6666666666666666,0.9166666666666666
logistic,2026-09-01,2026-10-01,65,63,2,2,0,0.08600534857049316,0.20634920634920634,0.9692307692307692
mom60_skip5,2026-01-02,2026-02-02,59,58,1,1,0,0.12988014590738065,0.41379310344827586,0.9830508474576272
mom60_skip5,2026-02-02,2026-03-02,69,69,0,0,0,0.08580745289843685,0.36231884057971014,1.0
mom60_skip5,2026-03-02,2026-04-01,68,65,3,3,0,0.042811571349703946,0.16923076923076924,0.9558823529411765
mom60_skip5,2026-04-01,2026-05-04,67,64,3,2,0,0.3175625969068687,0.640625,0.9552238805970149
mom60_skip5,2026-05-04,2026-06-01,69,67,2,2,0,0.10706807709240515,0.373134328358209,0.9710144927536232
mom60_skip5,2026-06-01,2026-07-01,72,52,20,20,0,0.044704011106775514,0.21153846153846154,0.7222222222222222
mom60_skip5,2026-07-01,2026-08-03,75,47,28,27,0,-0.3156578950962392,0.06382978723404255,0.6266666666666667
mom60_skip5,2026-08-03,2026-09-01,72,60,12,11,0,0.15340447813907684,0.35,0.8333333333333334
mom60_skip5,2026-09-01,2026-10-01,65,65,0,0,0,0.05751634037767328,0.15384615384615385,1.0
