method,timing,date,phase,open_quote,spendable_cash,cash_receivable,saleable_shares,pending_free_shares,assumed_gross_economic_mark,sold_shares,is_portfolio_nav
logistic,early,2026-04-01,assumed_one_original_share_bought_at_open,356.5,0.0,0.0,1.0,0.0,356.5,0.0,False
logistic,early,2026-05-04,continued_selection_no_order,675.0,0.0,0.0,1.0,0.0,675.0,0.0,False
logistic,early,2026-06-01,continued_selection_no_order,1580.0,0.0,0.0,1.0,0.0,1580.0,0.0,False
logistic,early,2026-07-01,continued_selection_no_order,2295.0,0.0,0.0,1.0,0.0,2295.0,0.0,False
logistic,early,2026-07-13,ex_entitle;waive_paid_subscription,,0.0,0.5,1.0,0.2000598697684344,,0.0,False
logistic,early,2026-07-31,hypothetical_payment;hypothetical_delivery,,0.5,0.0,1.2000598697684344,0.0,,0.0,False
logistic,early,2026-08-03,continued_selection_no_order,1320.0,0.5,0.0,1.2000598697684344,0.0,1584.5790280943334,0.0,False
logistic,early,2026-09-01,continued_selection_no_order,1525.0,0.5,0.0,1.2000598697684344,0.0,1830.5913013968625,0.0,False
logistic,early,2026-10-01,quote_only_no_october_selection_or_sale_assumed,1730.0,0.5,0.0,1.2000598697684344,0.0,2076.6035746993916,0.0,False
logistic,late,2026-04-01,assumed_one_original_share_bought_at_open,356.5,0.0,0.0,1.0,0.0,356.5,0.0,False
logistic,late,2026-05-04,continued_selection_no_order,675.0,0.0,0.0,1.0,0.0,675.0,0.0,False
logistic,late,2026-06-01,continued_selection_no_order,1580.0,0.0,0.0,1.0,0.0,1580.0,0.0,False
logistic,late,2026-07-01,continued_selection_no_order,2295.0,0.0,0.0,1.0,0.0,2295.0,0.0,False
logistic,late,2026-07-13,ex_entitle;waive_paid_subscription,,0.0,0.5,1.0,0.2000598697684344,,0.0,False
logistic,late,2026-08-03,continued_selection_no_order,1320.0,0.0,0.5,1.0,0.2000598697684344,1584.5790280943334,0.0,False
logistic,late,2026-08-17,hypothetical_payment;hypothetical_delivery,,0.5,0.0,1.2000598697684344,0.0,,0.0,False
logistic,late,2026-09-01,continued_selection_no_order,1525.0,0.5,0.0,1.2000598697684344,0.0,1830.5913013968625,0.0,False
logistic,late,2026-10-01,quote_only_no_october_selection_or_sale_assumed,1730.0,0.5,0.0,1.2000598697684344,0.0,2076.6035746993916,0.0,False
mom60_skip5,early,2026-04-01,assumed_one_original_share_bought_at_open,356.5,0.0,0.0,1.0,0.0,356.5,0.0,False
mom60_skip5,early,2026-05-04,continued_selection_no_order,675.0,0.0,0.0,1.0,0.0,675.0,0.0,False
mom60_skip5,early,2026-06-01,continued_selection_no_order,1580.0,0.0,0.0,1.0,0.0,1580.0,0.0,False
mom60_skip5,early,2026-07-01,continued_selection_no_order,2295.0,0.0,0.0,1.0,0.0,2295.0,0.0,False
mom60_skip5,early,2026-07-13,ex_entitle;waive_paid_subscription,,0.0,0.5,1.0,0.2000598697684344,,0.0,False
mom60_skip5,early,2026-07-31,hypothetical_payment;hypothetical_delivery,,0.5,0.0,1.2000598697684344,0.0,,0.0,False
mom60_skip5,early,2026-08-03,continued_selection_no_order,1320.0,0.5,0.0,1.2000598697684344,0.0,1584.5790280943334,0.0,False
mom60_skip5,early,2026-09-01,continued_selection_no_order,1525.0,0.5,0.0,1.2000598697684344,0.0,1830.5913013968625,0.0,False
mom60_skip5,early,2026-10-01,quote_only_no_october_selection_or_sale_assumed,1730.0,0.5,0.0,1.2000598697684344,0.0,2076.6035746993916,0.0,False
mom60_skip5,late,2026-04-01,assumed_one_original_share_bought_at_open,356.5,0.0,0.0,1.0,0.0,356.5,0.0,False
mom60_skip5,late,2026-05-04,continued_selection_no_order,675.0,0.0,0.0,1.0,0.0,675.0,0.0,False
mom60_skip5,late,2026-06-01,continued_selection_no_order,1580.0,0.0,0.0,1.0,0.0,1580.0,0.0,False
mom60_skip5,late,2026-07-01,continued_selection_no_order,2295.0,0.0,0.0,1.0,0.0,2295.0,0.0,False
mom60_skip5,late,2026-07-13,ex_entitle;waive_paid_subscription,,0.0,0.5,1.0,0.2000598697684344,,0.0,False
mom60_skip5,late,2026-08-03,continued_selection_no_order,1320.0,0.0,0.5,1.0,0.2000598697684344,1584.5790280943334,0.0,False
mom60_skip5,late,2026-08-17,hypothetical_payment;hypothetical_delivery,,0.5,0.0,1.2000598697684344,0.0,,0.0,False
mom60_skip5,late,2026-09-01,continued_selection_no_order,1525.0,0.5,0.0,1.2000598697684344,0.0,1830.5913013968625,0.0,False
mom60_skip5,late,2026-10-01,quote_only_no_october_selection_or_sale_assumed,1730.0,0.5,0.0,1.2000598697684344,0.0,2076.6035746993916,0.0,False
