date,eligible,top_n,base_rate,logistic,hist_gradient_boosting,mom60_skip5,mom20,month
2025-01-02,642,65,0.024922118380062305,0.07692307692307693,0.06153846153846154,0.06153846153846154,0.07692307692307693,2025-01
2025-01-03,642,65,0.03115264797507788,0.07692307692307693,0.09230769230769231,0.06153846153846154,0.07692307692307693,2025-01
2025-01-06,638,64,0.02664576802507837,0.09375,0.0625,0.046875,0.0625,2025-01
2025-01-07,639,64,0.028169014084507043,0.109375,0.109375,0.03125,0.0625,2025-01
2025-01-08,633,64,0.02843601895734597,0.046875,0.046875,0.03125,0.078125,2025-01
2025-01-09,631,64,0.04754358161648178,0.09375,0.109375,0.109375,0.125,2025-01
2025-01-10,633,64,0.05055292259083728,0.171875,0.1875,0.125,0.140625,2025-01
2025-01-13,634,64,0.06466876971608833,0.1875,0.171875,0.203125,0.21875,2025-01
2025-01-14,636,64,0.05817610062893082,0.171875,0.140625,0.171875,0.1875,2025-01
2025-01-15,637,64,0.0706436420722135,0.203125,0.1875,0.21875,0.171875,2025-01
2025-01-16,640,64,0.0625,0.171875,0.15625,0.15625,0.140625,2025-01
2025-01-17,640,64,0.0703125,0.203125,0.203125,0.1875,0.171875,2025-01
2025-01-20,634,64,0.056782334384858045,0.125,0.109375,0.078125,0.078125,2025-01
2025-01-21,632,64,0.061708860759493674,0.15625,0.109375,0.09375,0.078125,2025-01
2025-01-22,629,63,0.058823529411764705,0.12698412698412698,0.1111111111111111,0.09523809523809523,0.14285714285714285,2025-01
2025-02-03,628,63,0.06210191082802548,0.15873015873015872,0.12698412698412698,0.1111111111111111,0.15873015873015872,2025-02
2025-02-04,624,63,0.0625,0.14285714285714285,0.1111111111111111,0.06349206349206349,0.14285714285714285,2025-02
2025-02-05,620,62,0.04838709677419355,0.08064516129032258,0.08064516129032258,0.03225806451612903,0.11290322580645161,2025-02
2025-02-06,619,62,0.04361873990306947,0.06451612903225806,0.08064516129032258,0.03225806451612903,0.0967741935483871,2025-02
2025-02-07,620,62,0.041935483870967745,0.06451612903225806,0.06451612903225806,0.03225806451612903,0.0967741935483871,2025-02
2025-02-10,620,62,0.03870967741935484,0.08064516129032258,0.11290322580645161,0.016129032258064516,0.08064516129032258,2025-02
2025-02-11,622,63,0.03215434083601286,0.06349206349206349,0.06349206349206349,0.0,0.047619047619047616,2025-02
2025-02-12,622,63,0.03215434083601286,0.047619047619047616,0.031746031746031744,0.031746031746031744,0.047619047619047616,2025-02
2025-02-13,628,63,0.022292993630573247,0.07936507936507936,0.06349206349206349,0.031746031746031744,0.047619047619047616,2025-02
2025-02-14,636,64,0.01729559748427673,0.09375,0.078125,0.0625,0.0625,2025-02
2025-02-17,637,64,0.015698587127158554,0.078125,0.078125,0.046875,0.046875,2025-02
2025-02-18,639,64,0.010954616588419406,0.03125,0.03125,0.015625,0.015625,2025-02
2025-02-19,637,64,0.007849293563579277,0.015625,0.015625,0.0,0.015625,2025-02
2025-02-20,643,65,0.00933125972006221,0.015384615384615385,0.015384615384615385,0.0,0.03076923076923077,2025-02
2025-02-21,643,65,0.00933125972006221,0.03076923076923077,0.03076923076923077,0.03076923076923077,0.046153846153846156,2025-02
2025-02-24,645,65,0.007751937984496124,0.03076923076923077,0.015384615384615385,0.03076923076923077,0.046153846153846156,2025-02
2025-02-25,651,66,0.013824884792626729,0.045454545454545456,0.045454545454545456,0.015151515151515152,0.06060606060606061,2025-02
2025-02-26,653,66,0.013782542113323124,0.045454545454545456,0.045454545454545456,0.030303030303030304,0.06060606060606061,2025-02
2025-02-27,657,66,0.0106544901065449,0.045454545454545456,0.045454545454545456,0.030303030303030304,0.06060606060606061,2025-02
2025-03-03,659,66,0.013657056145675266,0.06060606060606061,0.06060606060606061,0.030303030303030304,0.06060606060606061,2025-03
2025-03-04,663,67,0.00904977375565611,0.04477611940298507,0.04477611940298507,0.04477611940298507,0.04477611940298507,2025-03
2025-03-05,663,67,0.00904977375565611,0.04477611940298507,0.04477611940298507,0.04477611940298507,0.04477611940298507,2025-03
2025-03-06,669,67,0.007473841554559043,0.04477611940298507,0.04477611940298507,0.04477611940298507,0.04477611940298507,2025-03
2025-03-07,669,67,0.01046337817638266,0.07462686567164178,0.05970149253731343,0.04477611940298507,0.05970149253731343,2025-03
2025-03-10,673,68,0.007429420505200594,0.04411764705882353,0.04411764705882353,0.04411764705882353,0.058823529411764705,2025-03
2025-03-11,673,68,0.007429420505200594,0.058823529411764705,0.04411764705882353,0.04411764705882353,0.04411764705882353,2025-03
2025-03-12,674,68,0.008902077151335312,0.07352941176470588,0.04411764705882353,0.029411764705882353,0.04411764705882353,2025-03
2025-03-13,673,68,0.007429420505200594,0.058823529411764705,0.04411764705882353,0.029411764705882353,0.04411764705882353,2025-03
2025-03-14,677,68,0.007385524372230428,0.058823529411764705,0.04411764705882353,0.04411764705882353,0.029411764705882353,2025-03
2025-03-17,673,68,0.005943536404160475,0.029411764705882353,0.029411764705882353,0.029411764705882353,0.029411764705882353,2025-03
2025-03-18,666,67,0.006006006006006006,0.04477611940298507,0.04477611940298507,0.04477611940298507,0.029850746268656716,2025-03
2025-03-19,669,67,0.005979073243647235,0.05970149253731343,0.05970149253731343,0.04477611940298507,0.04477611940298507,2025-03
2025-03-20,670,67,0.007462686567164179,0.07462686567164178,0.07462686567164178,0.04477611940298507,0.05970149253731343,2025-03
2025-03-21,661,67,0.006051437216338881,0.05970149253731343,0.05970149253731343,0.029850746268656716,0.029850746268656716,2025-03
2025-03-24,664,67,0.004518072289156626,0.04477611940298507,0.04477611940298507,0.014925373134328358,0.029850746268656716,2025-03
2025-03-25,671,68,0.005961251862891207,0.058823529411764705,0.058823529411764705,0.029411764705882353,0.04411764705882353,2025-03
2025-03-26,668,67,0.005988023952095809,0.05970149253731343,0.05970149253731343,0.04477611940298507,0.04477611940298507,2025-03
2025-03-27,662,67,0.006042296072507553,0.05970149253731343,0.05970149253731343,0.04477611940298507,0.04477611940298507,2025-03
2025-03-28,658,66,0.007598784194528876,0.06060606060606061,0.06060606060606061,0.045454545454545456,0.06060606060606061,2025-03
2025-03-31,668,67,0.008982035928143712,0.07462686567164178,0.05970149253731343,0.07462686567164178,0.07462686567164178,2025-03
2025-04-01,667,67,0.0074962518740629685,0.05970149253731343,0.05970149253731343,0.05970149253731343,0.07462686567164178,2025-04
2025-04-02,663,67,0.006033182503770739,0.05970149253731343,0.05970149253731343,0.04477611940298507,0.04477611940298507,2025-04
2025-04-07,664,67,0.025602409638554216,0.07462686567164178,0.08955223880597014,0.08955223880597014,0.07462686567164178,2025-04
2025-04-08,673,68,0.09212481426448738,0.20588235294117646,0.16176470588235295,0.14705882352941177,0.08823529411764706,2025-04
2025-04-09,671,68,0.3323397913561848,0.5,0.4264705882352941,0.35294117647058826,0.11764705882352941,2025-04
2025-04-10,682,69,0.10997067448680352,0.18840579710144928,0.14492753623188406,0.14492753623188406,0.07246376811594203,2025-04
2025-04-11,686,69,0.09183673469387756,0.3188405797101449,0.21739130434782608,0.17391304347826086,0.08695652173913043,2025-04
2025-04-14,683,69,0.07613469985358712,0.2753623188405797,0.2318840579710145,0.15942028985507245,0.08695652173913043,2025-04
2025-04-15,686,69,0.04081632653061224,0.13043478260869565,0.07246376811594203,0.07246376811594203,0.043478260869565216,2025-04
2025-04-16,684,69,0.06578947368421052,0.2753623188405797,0.2318840579710145,0.11594202898550725,0.043478260869565216,2025-04
2025-04-17,679,68,0.07216494845360824,0.2647058823529412,0.20588235294117646,0.11764705882352941,0.058823529411764705,2025-04
2025-04-18,679,68,0.07511045655375552,0.25,0.23529411764705882,0.10294117647058823,0.04411764705882353,2025-04
2025-04-21,675,68,0.11407407407407408,0.23529411764705882,0.23529411764705882,0.1323529411764706,0.058823529411764705,2025-04
2025-04-22,670,67,0.14626865671641792,0.44776119402985076,0.373134328358209,0.1791044776119403,0.05970149253731343,2025-04
2025-04-23,674,68,0.08902077151335312,0.29411764705882354,0.20588235294117646,0.1323529411764706,0.04411764705882353,2025-04
2025-04-24,668,67,0.08682634730538923,0.23880597014925373,0.14925373134328357,0.05970149253731343,0.014925373134328358,2025-04
2025-04-25,665,67,0.07368421052631578,0.19402985074626866,0.08955223880597014,0.04477611940298507,0.014925373134328358,2025-04
2025-04-28,665,67,0.06315789473684211,0.14925373134328357,0.07462686567164178,0.029850746268656716,0.014925373134328358,2025-04
2025-04-29,657,66,0.0487062404870624,0.12121212121212122,0.030303030303030304,0.015151515151515152,0.015151515151515152,2025-04
2025-04-30,647,65,0.05564142194744977,0.07692307692307693,0.07692307692307693,0.03076923076923077,0.03076923076923077,2025-04
2025-05-02,646,65,0.029411764705882353,0.07692307692307693,0.015384615384615385,0.06153846153846154,0.015384615384615385,2025-05
2025-05-05,653,66,0.055130168453292494,0.16666666666666666,0.030303030303030304,0.045454545454545456,0.015151515151515152,2025-05
2025-05-06,655,66,0.04885496183206107,0.12121212121212122,0.015151515151515152,0.045454545454545456,0.015151515151515152,2025-05
2025-05-07,636,64,0.05817610062893082,0.171875,0.15625,0.0625,0.125,2025-05
2025-05-08,615,62,0.04552845528455285,0.14516129032258066,0.0967741935483871,0.06451612903225806,0.0967741935483871,2025-05
2025-05-09,614,62,0.03908794788273615,0.11290322580645161,0.08064516129032258,0.08064516129032258,0.04838709677419355,2025-05
2025-05-12,607,61,0.032948929159802305,0.06557377049180328,0.06557377049180328,0.06557377049180328,0.11475409836065574,2025-05
2025-05-13,605,61,0.03966942148760331,0.08196721311475409,0.09836065573770492,0.08196721311475409,0.13114754098360656,2025-05
2025-05-14,609,61,0.027914614121510674,0.08196721311475409,0.08196721311475409,0.06557377049180328,0.08196721311475409,2025-05
2025-05-15,608,61,0.027960526315789474,0.04918032786885246,0.11475409836065574,0.06557377049180328,0.09836065573770492,2025-05
2025-05-16,611,62,0.027823240589198037,0.11290322580645161,0.0967741935483871,0.06451612903225806,0.12903225806451613,2025-05
2025-05-19,619,62,0.03715670436187399,0.08064516129032258,0.11290322580645161,0.04838709677419355,0.1774193548387097,2025-05
2025-05-20,619,62,0.03715670436187399,0.0967741935483871,0.14516129032258066,0.04838709677419355,0.14516129032258066,2025-05
2025-05-21,619,62,0.033925686591276254,0.11290322580645161,0.12903225806451613,0.04838709677419355,0.12903225806451613,2025-05
2025-05-22,619,62,0.030694668820678513,0.06451612903225806,0.11290322580645161,0.04838709677419355,0.12903225806451613,2025-05
2025-05-23,621,63,0.030595813204508857,0.047619047619047616,0.07936507936507936,0.047619047619047616,0.1111111111111111,2025-05
2025-05-26,623,63,0.03531300160513644,0.06349206349206349,0.06349206349206349,0.031746031746031744,0.1111111111111111,2025-05
2025-05-27,624,63,0.03205128205128205,0.047619047619047616,0.07936507936507936,0.047619047619047616,0.09523809523809523,2025-05
2025-05-28,626,63,0.036741214057507986,0.07936507936507936,0.07936507936507936,0.047619047619047616,0.07936507936507936,2025-05
2025-05-29,623,63,0.033707865168539325,0.047619047619047616,0.047619047619047616,0.047619047619047616,0.09523809523809523,2025-05
2025-06-02,620,62,0.04838709677419355,0.06451612903225806,0.12903225806451613,0.04838709677419355,0.11290322580645161,2025-06
2025-06-03,612,62,0.04738562091503268,0.03225806451612903,0.0967741935483871,0.04838709677419355,0.0967741935483871,2025-06
2025-06-04,611,62,0.03436988543371522,0.04838709677419355,0.06451612903225806,0.03225806451612903,0.0967741935483871,2025-06
2025-06-05,610,61,0.03442622950819672,0.06557377049180328,0.04918032786885246,0.06557377049180328,0.09836065573770492,2025-06
2025-06-06,610,61,0.03278688524590164,0.04918032786885246,0.06557377049180328,0.04918032786885246,0.08196721311475409,2025-06
2025-06-09,608,61,0.029605263157894735,0.03278688524590164,0.03278688524590164,0.06557377049180328,0.08196721311475409,2025-06
2025-06-10,609,61,0.026272577996715927,0.03278688524590164,0.03278688524590164,0.08196721311475409,0.08196721311475409,2025-06
2025-06-11,610,61,0.027868852459016394,0.08196721311475409,0.03278688524590164,0.06557377049180328,0.06557377049180328,2025-06
2025-06-12,602,61,0.029900332225913623,0.04918032786885246,0.04918032786885246,0.06557377049180328,0.06557377049180328,2025-06
2025-06-13,599,60,0.0333889816360601,0.06666666666666667,0.08333333333333333,0.1,0.1,2025-06
2025-06-16,596,60,0.030201342281879196,0.06666666666666667,0.06666666666666667,0.03333333333333333,0.05,2025-06
2025-06-17,591,60,0.028764805414551606,0.1,0.08333333333333333,0.06666666666666667,0.05,2025-06
2025-06-18,595,60,0.025210084033613446,0.08333333333333333,0.05,0.03333333333333333,0.06666666666666667,2025-06
2025-06-19,597,60,0.031825795644891124,0.1,0.06666666666666667,0.05,0.11666666666666667,2025-06
2025-06-20,595,60,0.031932773109243695,0.1,0.06666666666666667,0.06666666666666667,0.13333333333333333,2025-06
2025-06-23,598,60,0.03177257525083612,0.06666666666666667,0.08333333333333333,0.06666666666666667,0.1,2025-06
2025-06-24,599,60,0.021702838063439065,0.11666666666666667,0.08333333333333333,0.03333333333333333,0.06666666666666667,2025-06
2025-06-25,595,60,0.021848739495798318,0.11666666666666667,0.08333333333333333,0.03333333333333333,0.06666666666666667,2025-06
2025-06-26,592,60,0.02364864864864865,0.1,0.08333333333333333,0.06666666666666667,0.11666666666666667,2025-06
2025-06-27,591,60,0.023688663282571912,0.08333333333333333,0.08333333333333333,0.06666666666666667,0.06666666666666667,2025-06
2025-06-30,589,59,0.028862478777589132,0.1016949152542373,0.0847457627118644,0.06779661016949153,0.0847457627118644,2025-06
2025-07-01,590,59,0.03898305084745763,0.1016949152542373,0.0847457627118644,0.1016949152542373,0.0847457627118644,2025-07
2025-07-02,587,59,0.04258943781942078,0.13559322033898305,0.11864406779661017,0.15254237288135594,0.13559322033898305,2025-07
2025-07-03,591,60,0.04230118443316413,0.16666666666666666,0.1,0.16666666666666666,0.16666666666666666,2025-07
2025-07-04,588,59,0.047619047619047616,0.1694915254237288,0.0847457627118644,0.15254237288135594,0.1694915254237288,2025-07
2025-07-07,590,59,0.0576271186440678,0.23728813559322035,0.13559322033898305,0.15254237288135594,0.2033898305084746,2025-07
2025-07-08,588,59,0.06462585034013606,0.2542372881355932,0.1864406779661017,0.15254237288135594,0.1864406779661017,2025-07
2025-07-09,584,59,0.06678082191780822,0.22033898305084745,0.22033898305084745,0.15254237288135594,0.2033898305084746,2025-07
2025-07-10,582,59,0.070446735395189,0.2711864406779661,0.2033898305084746,0.1864406779661017,0.23728813559322035,2025-07
2025-07-11,579,58,0.0690846286701209,0.25862068965517243,0.20689655172413793,0.2413793103448276,0.27586206896551724,2025-07
2025-07-14,581,59,0.08605851979345955,0.22033898305084745,0.23728813559322035,0.2711864406779661,0.23728813559322035,2025-07
2025-07-15,579,58,0.07772020725388601,0.22413793103448276,0.1724137931034483,0.22413793103448276,0.20689655172413793,2025-07
2025-07-16,576,58,0.09895833333333333,0.25862068965517243,0.1896551724137931,0.29310344827586204,0.25862068965517243,2025-07
2025-07-17,575,58,0.09913043478260869,0.2413793103448276,0.1896551724137931,0.3103448275862069,0.27586206896551724,2025-07
2025-07-18,567,57,0.10229276895943562,0.2982456140350877,0.22807017543859648,0.2631578947368421,0.2982456140350877,2025-07
2025-07-21,566,57,0.10424028268551237,0.2631578947368421,0.19298245614035087,0.3157894736842105,0.2982456140350877,2025-07
2025-07-22,567,57,0.13051146384479717,0.38596491228070173,0.2982456140350877,0.40350877192982454,0.3157894736842105,2025-07
2025-07-23,572,58,0.11713286713286714,0.29310344827586204,0.25862068965517243,0.3448275862068966,0.3620689655172414,2025-07
2025-07-24,574,58,0.11672473867595819,0.3620689655172414,0.27586206896551724,0.29310344827586204,0.39655172413793105,2025-07
2025-07-25,577,58,0.1265164644714038,0.41379310344827586,0.29310344827586204,0.3275862068965517,0.4482758620689655,2025-07
2025-07-28,579,58,0.11398963730569948,0.3275862068965517,0.25862068965517243,0.3275862068965517,0.3793103448275862,2025-07
2025-07-29,578,58,0.13321799307958476,0.3620689655172414,0.3103448275862069,0.41379310344827586,0.39655172413793105,2025-07
2025-07-30,582,59,0.13573883161512026,0.3050847457627119,0.23728813559322035,0.4067796610169492,0.3728813559322034,2025-07
2025-07-31,585,59,0.13846153846153847,0.2711864406779661,0.288135593220339,0.3728813559322034,0.3220338983050847,2025-07
2025-08-01,583,59,0.13379073756432247,0.3389830508474576,0.23728813559322035,0.3728813559322034,0.3389830508474576,2025-08
2025-08-04,584,59,0.136986301369863,0.3559322033898305,0.23728813559322035,0.4406779661016949,0.423728813559322,2025-08
2025-08-05,586,59,0.12457337883959044,0.3559322033898305,0.23728813559322035,0.4067796610169492,0.3898305084745763,2025-08
2025-08-06,587,59,0.12776831345826234,0.3728813559322034,0.3050847457627119,0.3898305084745763,0.4067796610169492,2025-08
2025-08-07,588,59,0.1292517006802721,0.3389830508474576,0.2711864406779661,0.4067796610169492,0.3559322033898305,2025-08
2025-08-08,592,60,0.11317567567567567,0.31666666666666665,0.2,0.3333333333333333,0.26666666666666666,2025-08
2025-08-11,597,60,0.11725293132328309,0.26666666666666666,0.26666666666666666,0.26666666666666666,0.3333333333333333,2025-08
2025-08-12,603,61,0.10613598673300166,0.2459016393442623,0.21311475409836064,0.26229508196721313,0.2786885245901639,2025-08
2025-08-13,605,61,0.09586776859504133,0.2459016393442623,0.21311475409836064,0.26229508196721313,0.19672131147540983,2025-08
2025-08-14,609,61,0.09523809523809523,0.26229508196721313,0.19672131147540983,0.26229508196721313,0.21311475409836064,2025-08
2025-08-15,612,62,0.08333333333333333,0.16129032258064516,0.16129032258064516,0.20967741935483872,0.14516129032258066,2025-08
2025-08-18,618,62,0.06796116504854369,0.12903225806451613,0.1774193548387097,0.14516129032258066,0.11290322580645161,2025-08
2025-08-19,617,62,0.0713128038897893,0.14516129032258066,0.1774193548387097,0.16129032258064516,0.1774193548387097,2025-08
2025-08-20,618,62,0.0970873786407767,0.1774193548387097,0.22580645161290322,0.1774193548387097,0.22580645161290322,2025-08
2025-08-21,620,62,0.07258064516129033,0.12903225806451613,0.0967741935483871,0.1774193548387097,0.11290322580645161,2025-08
2025-08-22,624,63,0.08173076923076923,0.14285714285714285,0.1111111111111111,0.19047619047619047,0.12698412698412698,2025-08
2025-08-25,626,63,0.06869009584664537,0.12698412698412698,0.09523809523809523,0.14285714285714285,0.1111111111111111,2025-08
2025-08-26,630,63,0.06507936507936508,0.14285714285714285,0.07936507936507936,0.09523809523809523,0.14285714285714285,2025-08
2025-08-27,629,63,0.05087440381558029,0.07936507936507936,0.09523809523809523,0.031746031746031744,0.09523809523809523,2025-08
2025-08-28,623,63,0.051364365971107544,0.047619047619047616,0.1111111111111111,0.015873015873015872,0.09523809523809523,2025-08
2025-08-29,628,63,0.044585987261146494,0.07936507936507936,0.07936507936507936,0.031746031746031744,0.06349206349206349,2025-08
2025-09-01,629,63,0.05564387917329094,0.12698412698412698,0.12698412698412698,0.06349206349206349,0.09523809523809523,2025-09
2025-09-02,632,64,0.060126582278481014,0.09375,0.140625,0.078125,0.0625,2025-09
2025-09-03,631,64,0.05229793977812995,0.09375,0.109375,0.09375,0.0625,2025-09
2025-09-04,634,64,0.050473186119873815,0.109375,0.078125,0.109375,0.125,2025-09
2025-09-05,635,64,0.04566929133858268,0.0625,0.078125,0.078125,0.0625,2025-09
2025-09-08,637,64,0.04709576138147567,0.109375,0.125,0.078125,0.09375,2025-09
2025-09-09,641,65,0.0530421216848674,0.07692307692307693,0.1076923076923077,0.09230769230769231,0.07692307692307693,2025-09
2025-09-10,635,64,0.050393700787401574,0.09375,0.109375,0.09375,0.078125,2025-09
2025-09-11,645,65,0.05891472868217054,0.09230769230769231,0.09230769230769231,0.09230769230769231,0.07692307692307693,2025-09
2025-09-12,643,65,0.05598755832037325,0.18461538461538463,0.1076923076923077,0.07692307692307693,0.07692307692307693,2025-09
2025-09-15,640,64,0.05625,0.203125,0.171875,0.09375,0.15625,2025-09
2025-09-16,636,64,0.04716981132075472,0.171875,0.125,0.0625,0.109375,2025-09
2025-09-17,638,64,0.050156739811912224,0.1875,0.125,0.078125,0.140625,2025-09
2025-09-18,638,64,0.048589341692789965,0.1875,0.09375,0.09375,0.140625,2025-09
2025-09-19,638,64,0.050156739811912224,0.1875,0.140625,0.09375,0.140625,2025-09
2025-09-22,640,64,0.046875,0.15625,0.109375,0.046875,0.109375,2025-09
2025-09-23,635,64,0.05511811023622047,0.15625,0.140625,0.0625,0.15625,2025-09
2025-09-24,632,64,0.056962025316455694,0.171875,0.140625,0.109375,0.15625,2025-09
2025-09-25,634,64,0.05993690851735016,0.15625,0.15625,0.109375,0.171875,2025-09
2025-09-26,634,64,0.08201892744479496,0.234375,0.171875,0.171875,0.25,2025-09
2025-09-30,629,63,0.06200317965023847,0.1746031746031746,0.14285714285714285,0.12698412698412698,0.20634920634920634,2025-09
2025-10-01,628,63,0.06369426751592357,0.1746031746031746,0.20634920634920634,0.14285714285714285,0.2222222222222222,2025-10
2025-10-02,625,63,0.064,0.2222222222222222,0.25396825396825395,0.15873015873015872,0.25396825396825395,2025-10
2025-10-03,623,63,0.0593900481540931,0.15873015873015872,0.19047619047619047,0.09523809523809523,0.1746031746031746,2025-10
2025-10-07,622,63,0.04823151125401929,0.1746031746031746,0.1746031746031746,0.09523809523809523,0.15873015873015872,2025-10
2025-10-08,620,62,0.04838709677419355,0.16129032258064516,0.1935483870967742,0.11290322580645161,0.16129032258064516,2025-10
2025-10-09,622,63,0.05144694533762058,0.15873015873015872,0.1746031746031746,0.12698412698412698,0.20634920634920634,2025-10
2025-10-13,621,63,0.061191626409017714,0.1746031746031746,0.1746031746031746,0.14285714285714285,0.19047619047619047,2025-10
2025-10-14,620,62,0.07741935483870968,0.25806451612903225,0.27419354838709675,0.22580645161290322,0.2903225806451613,2025-10
2025-10-15,621,63,0.07085346215780998,0.2698412698412698,0.19047619047619047,0.20634920634920634,0.23809523809523808,2025-10
2025-10-16,625,63,0.0688,0.30158730158730157,0.2222222222222222,0.19047619047619047,0.2698412698412698,2025-10
2025-10-17,626,63,0.06549520766773163,0.2857142857142857,0.25396825396825395,0.19047619047619047,0.25396825396825395,2025-10
2025-10-20,623,63,0.05457463884430177,0.23809523809523808,0.19047619047619047,0.14285714285714285,0.20634920634920634,2025-10
2025-10-21,624,63,0.05448717948717949,0.2222222222222222,0.1746031746031746,0.1746031746031746,0.1746031746031746,2025-10
2025-10-22,623,63,0.060995184590690206,0.23809523809523808,0.15873015873015872,0.2222222222222222,0.1746031746031746,2025-10
2025-10-23,619,62,0.05977382875605816,0.24193548387096775,0.16129032258064516,0.1935483870967742,0.20967741935483872,2025-10
2025-10-27,620,62,0.0467741935483871,0.1774193548387097,0.0967741935483871,0.12903225806451613,0.14516129032258066,2025-10
2025-10-28,619,62,0.046849757673667204,0.1935483870967742,0.16129032258064516,0.11290322580645161,0.16129032258064516,2025-10
2025-10-29,620,62,0.043548387096774194,0.12903225806451613,0.11290322580645161,0.0967741935483871,0.12903225806451613,2025-10
2025-10-30,619,62,0.04361873990306947,0.12903225806451613,0.0967741935483871,0.0967741935483871,0.14516129032258066,2025-10
2025-10-31,620,62,0.04838709677419355,0.16129032258064516,0.1774193548387097,0.16129032258064516,0.16129032258064516,2025-10
2025-11-03,618,62,0.043689320388349516,0.16129032258064516,0.0967741935483871,0.1774193548387097,0.16129032258064516,2025-11
2025-11-04,623,63,0.051364365971107544,0.23809523809523808,0.20634920634920634,0.23809523809523808,0.15873015873015872,2025-11
2025-11-05,624,63,0.04326923076923077,0.14285714285714285,0.1111111111111111,0.15873015873015872,0.09523809523809523,2025-11
2025-11-06,626,63,0.036741214057507986,0.1111111111111111,0.09523809523809523,0.1111111111111111,0.06349206349206349,2025-11
2025-11-07,625,63,0.04,0.09523809523809523,0.1111111111111111,0.09523809523809523,0.06349206349206349,2025-11
2025-11-10,622,63,0.03536977491961415,0.12698412698412698,0.1746031746031746,0.09523809523809523,0.12698412698412698,2025-11
2025-11-11,623,63,0.033707865168539325,0.1111111111111111,0.09523809523809523,0.1111111111111111,0.07936507936507936,2025-11
2025-11-12,619,62,0.033925686591276254,0.08064516129032258,0.08064516129032258,0.08064516129032258,0.08064516129032258,2025-11
2025-11-13,613,62,0.037520391517128875,0.0967741935483871,0.04838709677419355,0.08064516129032258,0.04838709677419355,2025-11
2025-11-14,613,62,0.040783034257748776,0.0967741935483871,0.04838709677419355,0.11290322580645161,0.06451612903225806,2025-11
2025-11-17,616,62,0.048701298701298704,0.12903225806451613,0.12903225806451613,0.06451612903225806,0.0967741935483871,2025-11
2025-11-18,616,62,0.06168831168831169,0.1774193548387097,0.12903225806451613,0.08064516129032258,0.12903225806451613,2025-11
2025-11-19,614,62,0.06514657980456026,0.16129032258064516,0.14516129032258066,0.12903225806451613,0.14516129032258066,2025-11
2025-11-20,611,62,0.05564648117839607,0.16129032258064516,0.12903225806451613,0.0967741935483871,0.14516129032258066,2025-11
2025-11-21,609,61,0.08210180623973727,0.2459016393442623,0.22950819672131148,0.18032786885245902,0.18032786885245902,2025-11
2025-11-24,603,61,0.06799336650082918,0.19672131147540983,0.18032786885245902,0.16393442622950818,0.16393442622950818,2025-11
2025-11-25,601,61,0.0632279534109817,0.18032786885245902,0.16393442622950818,0.16393442622950818,0.13114754098360656,2025-11
2025-11-26,597,60,0.06532663316582915,0.2833333333333333,0.26666666666666666,0.26666666666666666,0.16666666666666666,2025-11
2025-11-27,597,60,0.06030150753768844,0.26666666666666666,0.16666666666666666,0.21666666666666667,0.18333333333333332,2025-11
2025-11-28,594,60,0.06228956228956229,0.3,0.25,0.18333333333333332,0.16666666666666666,2025-11
2025-12-01,593,60,0.06239460370994941,0.3,0.21666666666666667,0.21666666666666667,0.13333333333333333,2025-12
2025-12-02,592,60,0.06587837837837837,0.3,0.25,0.2,0.2,2025-12
