cohort,method,rows,dates,prevalence,pr_auc,daily_top_decile_precision
combined,logistic,28613,42,0.03288714919791703,0.06121706897676127,0.07174511812079364
combined,hist_gradient_boosting,28613,42,0.03288714919791703,0.06221927531288286,0.07852445109560155
combined,mom60_skip5,28613,42,0.03288714919791703,0.05106417983517163,0.07480517623445658
combined,mom20,28613,42,0.03288714919791703,0.054807562610907606,0.06853219981481667
2024-10-01,logistic,13086,19,0.03133119364206022,0.07051542888626779,0.07951400239729758
2024-10-01,hist_gradient_boosting,13086,19,0.03133119364206022,0.07986069012907832,0.09928081072245833
2024-10-01,mom60_skip5,13086,19,0.03133119364206022,0.05453537226767135,0.08406886782172825
2024-10-01,mom20,13086,19,0.03133119364206022,0.06454960642147431,0.07721477607061131
2024-11-01,logistic,15527,23,0.0341984929477684,0.05602048459267158,0.06532734415324688
2024-11-01,hist_gradient_boosting,15527,23,0.0341984929477684,0.05307807286631419,0.06137789314298074
2024-11-01,mom60_skip5,15527,23,0.0341984929477684,0.04946446685542696,0.0671525614449713
2024-11-01,mom20,15527,23,0.0341984929477684,0.052261033039906896,0.061359636820899385
