scenario,method,entry_date,selected,hypothetical_claim_marks,mean_hypothetical_gross_mark
early,logistic,2026-01-02,59,0,0.11153506218984932
early,logistic,2026-02-02,69,0,0.06896535855449804
early,logistic,2026-03-02,68,0,0.0626102047575057
early,logistic,2026-04-01,67,0,0.2874993316964122
early,logistic,2026-05-04,69,0,0.1557741976286534
early,logistic,2026-06-01,72,0,0.0633873868332494
early,logistic,2026-07-01,75,1,-0.3185118965474204
early,logistic,2026-08-03,72,0,0.2742330961749912
early,logistic,2026-09-01,65,1,0.0891394879813663
early,mom60_skip5,2026-01-02,59,0,0.12794156506096727
early,mom60_skip5,2026-02-02,69,0,0.08580745289843685
early,mom60_skip5,2026-03-02,68,0,0.040667880089954034
early,mom60_skip5,2026-04-01,67,0,0.3360816649040933
early,mom60_skip5,2026-05-04,69,0,0.10900149218622676
early,mom60_skip5,2026-06-01,72,0,0.052177357208803114
early,mom60_skip5,2026-07-01,75,1,-0.3175950505177682
early,mom60_skip5,2026-08-03,72,0,0.1746963397469348
early,mom60_skip5,2026-09-01,65,0,0.05751634037767328
late,logistic,2026-01-02,59,0,0.11153506218984932
late,logistic,2026-02-02,69,0,0.06896535855449804
late,logistic,2026-03-02,68,0,0.0626102047575057
late,logistic,2026-04-01,67,0,0.2874993316964122
late,logistic,2026-05-04,69,0,0.1557741976286534
late,logistic,2026-06-01,72,0,0.0633873868332494
late,logistic,2026-07-01,75,1,-0.3185118965474204
late,logistic,2026-08-03,72,0,0.2742330961749912
late,logistic,2026-09-01,65,1,0.0891394879813663
late,mom60_skip5,2026-01-02,59,0,0.12794156506096727
late,mom60_skip5,2026-02-02,69,0,0.08580745289843685
late,mom60_skip5,2026-03-02,68,0,0.040667880089954034
late,mom60_skip5,2026-04-01,67,0,0.3360816649040933
late,mom60_skip5,2026-05-04,69,0,0.10900149218622676
late,mom60_skip5,2026-06-01,72,0,0.052177357208803114
late,mom60_skip5,2026-07-01,75,1,-0.3175950505177682
late,mom60_skip5,2026-08-03,72,0,0.1746963397469348
late,mom60_skip5,2026-09-01,65,0,0.05751634037767328
