month,price_ridge_vs_0050,price_ridge_vs_pool,price_flow_ridge_vs_0050,price_flow_ridge_vs_pool,vol20_rank_vs_0050,vol20_rank_vs_pool,flow_minus_price,flow_minus_vol20,flow_minus_price_rank_ic,signal_dates
2026-01,-0.08529420716566828,0.0007157709614667816,-0.08185853604005872,0.004151442087076349,-0.06019563875095528,0.025814339376179787,0.0034356711256095665,-0.02166289728910344,0.032945552241492204,21
2026-02,0.03296704075444287,0.030483929195764346,0.02248477646030531,0.020001664901626786,0.07040303739014434,0.0679199258314658,-0.010482264294137565,-0.04791826092983902,0.0058151303227769015,12
2026-03,-0.04600919045650928,0.013110504529197419,-0.054998470695021305,0.004121224290685391,0.03254957677155431,0.091669271757261,-0.008989280238512027,-0.08754804746657562,0.023477681742441102,22
2026-04,-0.06225313249831327,0.02497620203856575,-0.06702174434891026,0.02020759018796876,-0.01327780072041688,0.07395153381646213,-0.00476861185059699,-0.05374394362849337,-0.008632318514043214,20
2026-05,-0.04982253933858275,-0.026505438288496618,-0.04689754212820699,-0.023580441078120858,-0.020445483719089823,0.0028716173309963093,0.002924997210375765,-0.026452058409117164,0.04853128405533545,20
2026-06,-0.04469432456782128,-0.02387739729542827,-0.03812065615419186,-0.017303728881798857,-0.07103914238786234,-0.05022221511546933,0.006573668413629416,0.032918486233670476,0.046404770368541876,21
2026-07,-0.0431441535297069,-0.008810495804693133,-0.04164638407917462,-0.007312726354160864,-0.09097044744009027,-0.05663678971507649,0.0014977694505322716,0.04932406336091563,0.045760188741372575,22
2026-08,-0.0035174710112263093,0.03122772210445989,-0.009315810770152075,0.025429382345534126,0.01760540213403878,0.052350595249724984,-0.005798339758925766,-0.026921212904190858,-0.010933163608542126,21
2026-09,0.0593564454120235,0.09718351805229711,0.03518758902668135,0.07301466166695494,0.024321526990898353,0.062148599631171954,-0.02416885638534215,0.010866062035783,-0.004871809244752862,2
