scope,date,asof_price_pool,asof_common_pool,flow_missing_rows,future_label_removed,removed_with_observed_endpoints,label_valid_pool,price_ridge_asof_top_count,price_ridge_missing_target_in_top,price_ridge_missing_endpoints_in_top,price_ridge_top_overlap,price_ridge_asof_top_mean,price_ridge_endpoint_top_mean,price_ridge_future_filtered_top_mean,price_flow_ridge_asof_top_count,price_flow_ridge_missing_target_in_top,price_flow_ridge_missing_endpoints_in_top,price_flow_ridge_top_overlap,price_flow_ridge_asof_top_mean,price_flow_ridge_endpoint_top_mean,price_flow_ridge_future_filtered_top_mean
original_read_window,2024-01-02,641,641,0,0,0,641,65,0,0,65,-0.0810102848984645,-0.0810102848984645,-0.0810102848984645,65,0,0,65,-0.07510645093230012,-0.07510645093230012,-0.07510645093230012
original_read_window,2024-01-03,643,643,0,0,0,643,65,0,0,65,-0.05803537675464525,-0.05803537675464525,-0.05803537675464525,65,0,0,65,-0.04933705727369383,-0.04933705727369383,-0.04933705727369383
original_read_window,2024-01-04,639,639,0,0,0,639,64,0,0,64,-0.0411776731010387,-0.0411776731010387,-0.0411776731010387,64,0,0,64,-0.044150174952713075,-0.044150174952713075,-0.044150174952713075
original_read_window,2024-01-05,636,636,0,0,0,636,64,0,0,64,-0.06567069367919745,-0.06567069367919745,-0.06567069367919745,64,0,0,64,-0.06388224899653301,-0.06388224899653301,-0.06388224899653301
original_read_window,2024-01-08,633,633,0,0,0,633,64,0,0,64,-0.05941114437157134,-0.05941114437157134,-0.05941114437157134,64,0,0,64,-0.0571454013571615,-0.0571454013571615,-0.0571454013571615
original_read_window,2024-01-09,633,633,0,0,0,633,64,0,0,64,-0.06681096132480602,-0.06681096132480602,-0.06681096132480602,64,0,0,64,-0.08865982404772038,-0.08865982404772038,-0.08865982404772038
original_read_window,2024-01-10,628,628,0,0,0,628,63,0,0,63,-0.03045004850862049,-0.03045004850862049,-0.03045004850862049,63,0,0,63,-0.055501998066657,-0.055501998066657,-0.055501998066657
original_read_window,2024-01-11,631,631,0,0,0,631,64,0,0,64,-0.014768228492684238,-0.014768228492684238,-0.014768228492684238,64,0,0,64,-0.0463682865261391,-0.0463682865261391,-0.0463682865261391
original_read_window,2024-01-12,628,628,0,0,0,628,63,0,0,63,-0.012242330627510917,-0.012242330627510917,-0.012242330627510917,63,0,0,63,-0.04266388469501236,-0.04266388469501236,-0.04266388469501236
original_read_window,2024-01-15,623,623,0,0,0,623,63,0,0,63,-0.06325348882058227,-0.06325348882058227,-0.06325348882058227,63,0,0,63,-0.06180563327171341,-0.06180563327171341,-0.06180563327171341
original_read_window,2024-01-16,625,625,0,0,0,625,63,0,0,63,-0.029967085439312112,-0.029967085439312112,-0.029967085439312112,63,0,0,63,-0.05277790326050827,-0.05277790326050827,-0.05277790326050827
original_read_window,2024-01-17,625,625,0,0,0,625,63,0,0,63,-0.0744474211314871,-0.0744474211314871,-0.0744474211314871,63,0,0,63,-0.06585971269918907,-0.06585971269918907,-0.06585971269918907
original_read_window,2024-01-18,625,625,0,0,0,625,63,0,0,63,-0.035636925221955336,-0.035636925221955336,-0.035636925221955336,63,0,0,63,-0.03781023340097326,-0.03781023340097326,-0.03781023340097326
original_read_window,2024-01-19,623,623,0,0,0,623,63,0,0,63,-0.03715194377782919,-0.03715194377782919,-0.03715194377782919,63,0,0,63,-0.03838321295998837,-0.03838321295998837,-0.03838321295998837
original_read_window,2024-01-22,623,623,0,0,0,623,63,0,0,63,-0.020542822800214855,-0.020542822800214855,-0.020542822800214855,63,0,0,63,-0.027581859034782254,-0.027581859034782254,-0.027581859034782254
original_read_window,2024-01-23,619,619,0,0,0,619,62,0,0,62,-0.025063729805881476,-0.025063729805881476,-0.025063729805881476,62,0,0,62,-0.02757843987537563,-0.02757843987537563,-0.02757843987537563
original_read_window,2024-01-24,622,622,0,0,0,622,63,0,0,63,-0.0411773041553955,-0.0411773041553955,-0.0411773041553955,63,0,0,63,-0.04015769967872443,-0.04015769967872443,-0.04015769967872443
original_read_window,2024-01-25,625,625,0,0,0,625,63,0,0,63,-0.05909187555124407,-0.05909187555124407,-0.05909187555124407,63,0,0,63,-0.0659800878882785,-0.0659800878882785,-0.0659800878882785
original_read_window,2024-01-26,625,625,0,0,0,625,63,0,0,63,-0.05322536024666209,-0.05322536024666209,-0.05322536024666209,63,0,0,63,-0.04779792564018213,-0.04779792564018213,-0.04779792564018213
original_read_window,2024-01-29,623,622,1,0,0,622,63,0,0,63,-0.10702162212817017,-0.10702162212817017,-0.10702162212817017,63,0,0,63,-0.10056273827902282,-0.10056273827902282,-0.10056273827902282
original_read_window,2024-01-30,617,616,1,0,0,616,62,0,0,62,-0.14977494202801117,-0.14977494202801117,-0.14977494202801117,62,0,0,62,-0.1298348743767479,-0.1298348743767479,-0.1298348743767479
original_read_window,2024-01-31,619,618,1,0,0,618,62,0,0,62,-0.13033105651116,-0.13033105651116,-0.13033105651116,62,0,0,62,-0.1193501849494709,-0.1193501849494709,-0.1193501849494709
original_read_window,2024-02-01,614,613,1,0,0,613,62,0,0,62,-0.11758513077978544,-0.11758513077978544,-0.11758513077978544,62,0,0,62,-0.10339717328818686,-0.10339717328818686,-0.10339717328818686
original_read_window,2024-02-02,614,613,1,0,0,613,62,0,0,62,-0.1157062714408613,-0.1157062714408613,-0.1157062714408613,62,0,0,62,-0.11151938878860676,-0.11151938878860676,-0.11151938878860676
original_read_window,2024-02-05,609,608,1,1,0,607,61,0,0,61,-0.06971738694893469,-0.06971738694893469,-0.06971738694893469,61,0,0,61,-0.052303207465206975,-0.052303207465206975,-0.052303207465206975
original_read_window,2024-02-15,615,614,1,1,1,613,62,0,0,62,-0.056149111295514344,-0.056149111295514344,-0.056149111295514344,62,0,0,62,-0.04419037390883318,-0.04419037390883318,-0.04419037390883318
original_read_window,2024-02-16,618,617,1,1,1,616,62,0,0,62,-0.0841675072723505,-0.0841675072723505,-0.0841675072723505,62,0,0,62,-0.05949486489832309,-0.05949486489832309,-0.05949486489832309
original_read_window,2024-02-19,628,627,1,1,1,626,63,0,0,63,-0.08923551058382188,-0.08923551058382188,-0.08923551058382188,63,0,0,63,-0.06559019803774592,-0.06559019803774592,-0.06559019803774592
original_read_window,2024-02-20,633,632,1,1,1,631,64,0,0,64,-0.08324929250048457,-0.08324929250048457,-0.08324929250048457,64,0,0,64,-0.062757078021168,-0.062757078021168,-0.062757078021168
original_read_window,2024-02-21,637,636,1,1,1,635,64,0,0,64,-0.11530621507857114,-0.11530621507857114,-0.11530621507857114,64,0,0,64,-0.09541007962288839,-0.09541007962288839,-0.09541007962288839
original_read_window,2024-02-22,633,632,1,1,1,631,64,0,0,64,-0.10927579053293748,-0.10927579053293748,-0.10927579053293748,64,0,0,64,-0.09709951742497609,-0.09709951742497609,-0.09709951742497609
original_read_window,2024-02-23,634,633,1,1,1,632,64,0,0,64,-0.07416209557453597,-0.07416209557453597,-0.07416209557453597,64,0,0,64,-0.07423227434996024,-0.07423227434996024,-0.07423227434996024
original_read_window,2024-02-26,642,641,1,1,1,640,65,0,0,64,-0.11072814165359558,-0.11072814165359558,-0.11026318444491448,65,0,0,64,-0.10112733105782526,-0.10112733105782526,-0.10083350257526344
original_read_window,2024-02-27,651,650,1,1,1,649,65,0,0,65,-0.10623971744438032,-0.10623971744438032,-0.10623971744438032,65,0,0,65,-0.08878415517089831,-0.08878415517089831,-0.08878415517089831
original_read_window,2024-02-29,652,651,1,1,1,650,66,0,0,65,-0.09888497151420432,-0.09888497151420432,-0.09952327680400197,66,0,0,65,-0.09652516663719317,-0.09652516663719317,-0.09664020875050314
original_read_window,2024-03-01,659,658,1,1,1,657,66,0,0,66,-0.09726956786748504,-0.09726956786748504,-0.09726956786748504,66,0,0,66,-0.09117472081612593,-0.09117472081612593,-0.09117472081612593
original_read_window,2024-03-04,662,661,1,1,1,660,67,0,0,66,-0.07872121976461097,-0.07872121976461097,-0.07818431856043459,67,0,0,66,-0.07736717641196089,-0.07736717641196089,-0.07546013973816822
original_read_window,2024-03-05,674,673,1,1,1,672,68,0,0,68,-0.10277754470391996,-0.10277754470391996,-0.10277754470391996,68,0,0,68,-0.10553510674645553,-0.10553510674645553,-0.10553510674645553
original_read_window,2024-03-06,673,671,2,1,1,670,68,0,0,67,-0.06969810210436847,-0.06969810210436847,-0.06880534438780292,68,0,0,67,-0.06725772798463325,-0.06725772798463325,-0.06786966599835288
original_read_window,2024-03-07,690,689,1,1,1,688,69,0,0,69,-0.01986413101533431,-0.01986413101533431,-0.01986413101533431,69,0,0,69,-0.017419866633138235,-0.017419866633138235,-0.017419866633138235
original_read_window,2024-03-08,698,696,2,1,1,695,70,0,0,70,-0.010650568223515042,-0.010650568223515042,-0.010650568223515042,70,0,0,70,-0.01566646886437647,-0.01566646886437647,-0.01566646886437647
original_read_window,2024-03-11,702,701,1,1,1,700,71,0,0,70,-0.02750787186475334,-0.02750787186475334,-0.027304039286095094,71,0,0,70,-0.0365482209002897,-0.0365482209002897,-0.034682536544300584
original_read_window,2024-03-12,709,708,1,1,1,707,71,0,0,71,-0.01501968235572094,-0.01501968235572094,-0.01501968235572094,71,0,0,71,-0.01739117207051972,-0.01739117207051972,-0.01739117207051972
original_read_window,2024-03-13,714,713,1,1,0,712,72,0,0,72,-0.016336029897559792,-0.016336029897559792,-0.016336029897559792,72,0,0,72,-0.01750168580877906,-0.01750168580877906,-0.01750168580877906
original_read_window,2024-03-14,715,713,2,0,0,713,72,0,0,72,-0.014456412886883862,-0.014456412886883862,-0.014456412886883862,72,0,0,72,-0.014509558921089636,-0.014509558921089636,-0.014509558921089636
original_read_window,2024-03-15,717,715,2,0,0,715,72,0,0,72,-0.02952415619657325,-0.02952415619657325,-0.02952415619657325,72,0,0,72,-0.034204177741176144,-0.034204177741176144,-0.034204177741176144
original_read_window,2024-03-18,716,714,2,0,0,714,72,0,0,72,-0.02675083687060388,-0.02675083687060388,-0.02675083687060388,72,0,0,72,-0.02931661340296064,-0.02931661340296064,-0.02931661340296064
original_read_window,2024-03-19,718,716,2,0,0,716,72,0,0,72,-0.03254627436195626,-0.03254627436195626,-0.03254627436195626,72,0,0,72,-0.025096867771462576,-0.025096867771462576,-0.025096867771462576
original_read_window,2024-03-20,718,716,2,0,0,716,72,0,0,72,0.01706715095739732,0.01706715095739732,0.01706715095739732,72,0,0,72,0.019082109426179533,0.019082109426179533,0.019082109426179533
original_read_window,2024-03-21,718,716,2,0,0,716,72,0,0,72,0.005215472100058553,0.005215472100058553,0.005215472100058553,72,0,0,72,0.007153208155697056,0.007153208155697056,0.007153208155697056
original_read_window,2024-03-22,715,713,2,0,0,713,72,0,0,72,0.0031028942825015,0.0031028942825015,0.0031028942825015,72,0,0,72,-0.0007503593837840584,-0.0007503593837840584,-0.0007503593837840584
original_read_window,2024-03-25,716,714,2,0,0,714,72,0,0,72,-0.014197220794098834,-0.014197220794098834,-0.014197220794098834,72,0,0,72,-0.013156401950342319,-0.013156401950342319,-0.013156401950342319
original_read_window,2024-03-26,717,715,2,0,0,715,72,0,0,72,-0.0053711686344699965,-0.0053711686344699965,-0.0053711686344699965,72,0,0,72,-0.0072299838938320905,-0.0072299838938320905,-0.0072299838938320905
original_read_window,2024-03-27,720,718,2,1,0,717,72,0,0,72,-0.00977722258540285,-0.00977722258540285,-0.00977722258540285,72,0,0,72,-0.010007174533345731,-0.010007174533345731,-0.010007174533345731
original_read_window,2024-03-28,716,714,2,1,1,713,72,0,0,72,-0.016160924374562895,-0.016160924374562895,-0.016160924374562895,72,0,0,72,-0.02231369482929308,-0.02231369482929308,-0.02231369482929308
original_read_window,2024-03-29,715,713,2,1,1,712,72,0,0,72,-0.0010138387437218263,-0.0010138387437218263,-0.0010138387437218263,72,0,0,72,-0.004743754440648998,-0.004743754440648998,-0.004743754440648998
original_read_window,2024-04-01,714,712,2,1,1,711,72,0,0,72,0.0049930048479874395,0.0049930048479874395,0.0049930048479874395,72,0,0,72,-0.0006348151998576011,-0.0006348151998576011,-0.0006348151998576011
original_read_window,2024-04-02,712,711,1,1,1,710,72,0,0,71,0.014223646222528067,0.014223646222528067,0.010102269989158382,72,0,0,71,0.017394618229184828,0.017394618229184828,0.016320031754662057
original_read_window,2024-04-03,712,711,1,1,1,710,72,0,0,71,-0.001108790396024053,-0.001108790396024053,-0.00017820858224357157,72,0,0,71,0.007703088978319396,0.007703088978319396,0.00525284932350669
original_read_window,2024-04-08,712,711,1,1,1,710,72,1,0,71,,-0.01321121327062139,-0.01080164623955515,72,1,0,71,,-0.008880625084843425,-0.006410063853977497
original_read_window,2024-04-09,708,707,1,1,1,706,71,1,0,70,,0.0014889996387541407,0.0038212463484360894,71,1,0,70,,-0.006339787678619576,0.000510671443450329
original_read_window,2024-04-10,712,711,1,1,1,710,72,0,0,71,0.014085940415474408,0.014085940415474408,0.014277550869867622,72,0,0,71,-0.012384793223320227,-0.012384793223320227,-0.013322081921838341
original_read_window,2024-04-11,712,711,1,1,1,710,72,0,0,71,0.005813264623985875,0.005813264623985875,0.004663398363133182,72,0,0,71,-0.0011669436276168525,-0.0011669436276168525,-0.0008917266092949686
original_read_window,2024-04-12,710,708,2,1,1,707,71,0,0,71,-0.023657530256679812,-0.023657530256679812,-0.023657530256679812,71,0,0,71,-0.03827506513835664,-0.03827506513835664,-0.03827506513835664
original_read_window,2024-04-15,711,710,1,1,1,709,71,0,0,71,-0.026556010793445294,-0.026556010793445294,-0.026556010793445294,71,0,0,71,-0.022807238329523076,-0.022807238329523076,-0.022807238329523076
original_read_window,2024-04-16,711,710,1,1,1,709,71,1,0,70,,-0.03492812962973234,-0.034868951090181094,71,1,0,70,,-0.04303594794756174,-0.0382221160347226
original_read_window,2024-04-17,712,711,1,1,1,710,72,0,0,71,-0.02005283481676841,-0.02005283481676841,-0.0217090811271099,72,0,0,71,-0.03003605026583665,-0.03003605026583665,-0.02947947003305293
original_read_window,2024-04-18,712,711,1,1,1,710,72,1,0,71,,-0.05915449788355445,-0.05701152163657176,72,0,0,71,-0.05868520142194649,-0.05868520142194649,-0.0626634765657873
original_read_window,2024-04-19,712,711,1,1,1,710,72,0,0,71,-0.0642737751299677,-0.0642737751299677,-0.06299994053636823,72,0,0,71,-0.0777696762817207,-0.0777696762817207,-0.0770701516391597
original_read_window,2024-04-22,716,715,1,1,1,714,72,0,0,72,-0.022698497573226437,-0.022698497573226437,-0.022698497573226437,72,0,0,72,-0.02839197684066788,-0.02839197684066788,-0.02839197684066788
original_read_window,2024-04-23,713,712,1,1,1,711,72,1,0,71,,-0.037081520632449065,-0.0304197071375863,72,1,0,71,,-0.045045432302311006,-0.039633449680090055
original_read_window,2024-04-24,714,713,1,1,1,712,72,0,0,72,-0.057613437571892336,-0.057613437571892336,-0.057613437571892336,72,0,0,72,-0.06690299369062738,-0.06690299369062738,-0.06690299369062738
original_read_window,2024-04-25,714,713,1,1,0,712,72,0,0,72,-0.04523891592874917,-0.04523891592874917,-0.04523891592874917,72,0,0,72,-0.05717753885875396,-0.05717753885875396,-0.05717753885875396
original_read_window,2024-04-26,711,710,1,0,0,710,71,0,0,71,-0.044505108320815924,-0.044505108320815924,-0.044505108320815924,71,0,0,71,-0.05744858246444174,-0.05744858246444174,-0.05744858246444174
original_read_window,2024-04-29,715,714,1,0,0,714,72,0,0,72,-0.03998421209198515,-0.03998421209198515,-0.03998421209198515,72,0,0,72,-0.05881254909934905,-0.05881254909934905,-0.05881254909934905
original_read_window,2024-04-30,715,714,1,0,0,714,72,0,0,72,-0.030050866812101784,-0.030050866812101784,-0.030050866812101784,72,0,0,72,-0.03866819882663827,-0.03866819882663827,-0.03866819882663827
original_read_window,2024-05-02,716,715,1,0,0,715,72,0,0,72,-0.009865824257819594,-0.009865824257819594,-0.009865824257819594,72,0,0,72,-0.042680865909792136,-0.042680865909792136,-0.042680865909792136
original_read_window,2024-05-03,713,712,1,0,0,712,72,0,0,72,0.01049506491909274,0.01049506491909274,0.01049506491909274,72,0,0,72,-0.004369535475991419,-0.004369535475991419,-0.004369535475991419
original_read_window,2024-05-06,717,716,1,0,0,716,72,0,0,72,-0.029721772030229063,-0.029721772030229063,-0.029721772030229063,72,0,0,72,-0.0261731041062753,-0.0261731041062753,-0.0261731041062753
original_read_window,2024-05-07,715,714,1,0,0,714,72,0,0,72,-0.03875003546602532,-0.03875003546602532,-0.03875003546602532,72,0,0,72,-0.038906544816415,-0.038906544816415,-0.038906544816415
original_read_window,2024-05-08,714,712,2,1,0,711,72,0,0,72,-0.013620334669404138,-0.013620334669404138,-0.013620334669404138,72,0,0,72,-0.01930655133311708,-0.01930655133311708,-0.01930655133311708
original_read_window,2024-05-09,718,716,2,1,1,715,72,0,0,72,-0.060660045540011635,-0.060660045540011635,-0.060660045540011635,72,0,0,72,-0.06132501600661833,-0.06132501600661833,-0.06132501600661833
original_read_window,2024-05-10,722,720,2,1,1,719,72,0,0,72,-0.014922309755392065,-0.014922309755392065,-0.014922309755392065,72,0,0,72,-0.013850827835894088,-0.013850827835894088,-0.013850827835894088
original_read_window,2024-05-13,718,716,2,1,1,715,72,0,0,72,-0.029495766961563235,-0.029495766961563235,-0.029495766961563235,72,0,0,72,-0.022251134194983913,-0.022251134194983913,-0.022251134194983913
original_read_window,2024-05-14,717,715,2,1,1,714,72,0,0,72,-0.04036349868468192,-0.04036349868468192,-0.04036349868468192,72,0,0,72,-0.02881120964824313,-0.02881120964824313,-0.02881120964824313
original_read_window,2024-05-15,722,720,2,1,1,719,72,0,0,72,-0.039410754084640315,-0.039410754084640315,-0.039410754084640315,72,0,0,72,-0.03653767445960678,-0.03653767445960678,-0.03653767445960678
original_read_window,2024-05-16,729,727,2,1,1,726,73,0,0,73,-0.03592007597924037,-0.03592007597924037,-0.03592007597924037,73,0,0,73,-0.039249233427488116,-0.039249233427488116,-0.039249233427488116
original_read_window,2024-05-17,731,729,2,1,1,728,73,0,0,73,-0.0591253291737188,-0.0591253291737188,-0.0591253291737188,73,0,0,73,-0.062451811325854,-0.062451811325854,-0.062451811325854
original_read_window,2024-05-20,730,728,2,1,1,727,73,0,0,73,-0.0887342916650449,-0.0887342916650449,-0.0887342916650449,73,0,0,73,-0.08248301861257509,-0.08248301861257509,-0.08248301861257509
original_read_window,2024-05-21,731,729,2,1,1,728,73,0,0,73,-0.09619484805742008,-0.09619484805742008,-0.09619484805742008,73,0,0,73,-0.09876625668264999,-0.09876625668264999,-0.09876625668264999
original_read_window,2024-05-22,732,730,2,1,1,729,73,0,0,73,-0.08134397716062229,-0.08134397716062229,-0.08134397716062229,73,0,0,73,-0.07996780764316479,-0.07996780764316479,-0.07996780764316479
original_read_window,2024-05-23,739,737,2,1,1,736,74,0,0,74,-0.05064055612370388,-0.05064055612370388,-0.05064055612370388,74,0,0,74,-0.051876966667497,-0.051876966667497,-0.051876966667497
original_read_window,2024-05-24,739,737,2,1,1,736,74,0,0,74,-0.029220439730403214,-0.029220439730403214,-0.029220439730403214,74,0,0,74,-0.027400237524259314,-0.027400237524259314,-0.027400237524259314
original_read_window,2024-05-27,742,740,2,1,1,739,74,0,0,74,-0.03274166642965313,-0.03274166642965313,-0.03274166642965313,74,0,0,74,-0.028873050590939905,-0.028873050590939905,-0.028873050590939905
original_read_window,2024-05-28,748,746,2,1,1,745,75,0,0,75,-0.04747070036083036,-0.04747070036083036,-0.04747070036083036,75,0,0,75,-0.054219741919352464,-0.054219741919352464,-0.054219741919352464
original_read_window,2024-05-29,753,751,2,1,1,750,76,0,0,75,-0.082118993467657,-0.082118993467657,-0.08113519606219123,76,0,0,75,-0.08093473515546204,-0.08093473515546204,-0.08014511621142932
original_read_window,2024-05-30,754,752,2,1,1,751,76,0,0,76,-0.08942804426246369,-0.08942804426246369,-0.08942804426246369,76,0,0,76,-0.09308995907508684,-0.09308995907508684,-0.09308995907508684
original_read_window,2024-05-31,752,750,2,1,1,749,75,0,0,75,-0.08797431693703812,-0.08797431693703812,-0.08797431693703812,75,0,0,75,-0.08610220400586067,-0.08610220400586067,-0.08610220400586067
original_read_window,2024-06-03,754,752,2,1,1,751,76,0,0,76,-0.08498510271356473,-0.08498510271356473,-0.08498510271356473,76,0,0,76,-0.07581264085886412,-0.07581264085886412,-0.07581264085886412
original_read_window,2024-06-04,750,748,2,1,0,747,75,0,0,75,-0.10995651726193695,-0.10995651726193695,-0.10995651726193695,75,0,0,75,-0.09696622190432613,-0.09696622190432613,-0.09696622190432613
original_read_window,2024-06-05,750,748,2,0,0,748,75,0,0,75,-0.0651279712781708,-0.0651279712781708,-0.0651279712781708,75,0,0,75,-0.060702732068634975,-0.060702732068634975,-0.060702732068634975
original_read_window,2024-06-06,749,747,2,0,0,747,75,0,0,75,-0.05856691855564577,-0.05856691855564577,-0.05856691855564577,75,0,0,75,-0.06924726447772632,-0.06924726447772632,-0.06924726447772632
original_read_window,2024-06-07,753,749,4,0,0,749,75,0,0,75,-0.12106398311334997,-0.12106398311334997,-0.12106398311334997,75,0,0,75,-0.122266345252035,-0.122266345252035,-0.122266345252035
original_read_window,2024-06-11,756,753,3,0,0,753,76,0,0,76,-0.11762863213244032,-0.11762863213244032,-0.11762863213244032,76,0,0,76,-0.12956181780038364,-0.12956181780038364,-0.12956181780038364
original_read_window,2024-06-12,759,755,4,0,0,755,76,0,0,76,-0.08849980772500007,-0.08849980772500007,-0.08849980772500007,76,0,0,76,-0.09796098176714536,-0.09796098176714536,-0.09796098176714536
original_read_window,2024-06-13,755,751,4,0,0,751,76,0,0,76,-0.11975803642283026,-0.11975803642283026,-0.11975803642283026,76,0,0,76,-0.12397862266177344,-0.12397862266177344,-0.12397862266177344
original_read_window,2024-06-14,755,751,4,0,0,751,76,0,0,76,-0.07470457795236256,-0.07470457795236256,-0.07470457795236256,76,0,0,76,-0.09155371605317923,-0.09155371605317923,-0.09155371605317923
original_read_window,2024-06-17,754,749,5,0,0,749,75,0,0,75,-0.05165991959785276,-0.05165991959785276,-0.05165991959785276,75,0,0,75,-0.06840497368336887,-0.06840497368336887,-0.06840497368336887
original_read_window,2024-06-18,746,742,4,0,0,742,75,0,0,75,-0.0405347420524085,-0.0405347420524085,-0.0405347420524085,75,0,0,75,-0.06160438693467663,-0.06160438693467663,-0.06160438693467663
original_read_window,2024-06-19,744,740,4,0,0,740,74,0,0,74,0.021998861086264674,0.021998861086264674,0.021998861086264674,74,0,0,74,0.016125221315339208,0.016125221315339208,0.016125221315339208
original_read_window,2024-06-20,742,738,4,0,0,738,74,0,0,74,-0.0017994733853943354,-0.0017994733853943354,-0.0017994733853943354,74,0,0,74,0.0013406790797802764,0.0013406790797802764,0.0013406790797802764
original_read_window,2024-06-21,745,741,4,1,0,740,75,0,0,74,0.0003433763522469091,0.0003433763522469091,0.0005071597232857424,75,0,0,74,-0.007333932262207538,-0.007333932262207538,-0.004740395490768001
original_read_window,2024-06-24,746,742,4,1,0,741,75,0,0,75,0.007122825996232495,0.007122825996232495,0.007122825996232495,75,0,0,75,-0.010324714728769701,-0.010324714728769701,-0.010324714728769701
original_read_window,2024-06-25,745,740,5,1,0,739,74,0,0,74,0.003622242266446411,0.003622242266446411,0.003622242266446411,74,0,0,74,-0.0030557782352294604,-0.0030557782352294604,-0.0030557782352294604
original_read_window,2024-06-26,744,741,3,1,0,740,75,0,0,74,0.012937651533777864,0.012937651533777864,0.011723762351902324,75,0,0,74,0.016689628944138026,0.016689628944138026,0.012070558502766828
original_read_window,2024-06-27,745,743,2,1,1,742,75,0,0,75,0.020376847823500265,0.020376847823500265,0.020376847823500265,75,0,0,75,0.022113524675915954,0.022113524675915954,0.022113524675915954
original_read_window,2024-06-28,748,746,2,1,1,745,75,0,0,75,0.0370425182830783,0.0370425182830783,0.0370425182830783,75,0,0,75,0.03618344123924043,0.03618344123924043,0.03618344123924043
original_read_window,2024-07-01,750,748,2,1,1,747,75,0,0,75,0.006512743465452219,0.006512743465452219,0.006512743465452219,75,0,0,75,0.012764696368144151,0.012764696368144151,0.012764696368144151
original_read_window,2024-07-02,750,747,3,1,1,746,75,0,0,75,0.061814718420895184,0.061814718420895184,0.061814718420895184,75,0,0,75,0.051211737368298184,0.051211737368298184,0.051211737368298184
original_read_window,2024-07-03,753,750,3,1,1,749,75,0,0,75,0.08847863801318004,0.08847863801318004,0.08847863801318004,75,0,0,75,0.06720758259671816,0.06720758259671816,0.06720758259671816
original_read_window,2024-07-04,753,749,4,1,1,748,75,0,0,75,0.0593324512355064,0.0593324512355064,0.0593324512355064,75,0,0,75,0.05937962743988448,0.05937962743988448,0.05937962743988448
original_read_window,2024-07-05,757,751,6,1,0,750,76,0,0,75,-0.0038974901279118044,-0.0038974901279118044,-0.005798871811113068,76,0,0,75,0.007929038786956014,0.007929038786956014,0.009450564539231026
original_read_window,2024-07-08,759,753,6,1,1,752,76,0,0,76,0.04553205535872064,0.04553205535872064,0.04553205535872064,76,0,0,76,0.04952149000773685,0.04952149000773685,0.04952149000773685
original_read_window,2024-07-09,762,755,7,1,1,754,76,0,0,76,0.05146252699040181,0.05146252699040181,0.05146252699040181,76,0,0,76,0.0544800187283214,0.0544800187283214,0.0544800187283214
original_read_window,2024-07-10,765,757,8,1,1,756,76,0,0,76,0.025883093912689385,0.025883093912689385,0.025883093912689385,76,0,0,76,0.036769056754805955,0.036769056754805955,0.036769056754805955
original_read_window,2024-07-11,768,759,9,1,1,758,76,0,0,76,0.007956594014352683,0.007956594014352683,0.007956594014352683,76,0,0,76,0.022279083166515903,0.022279083166515903,0.022279083166515903
original_read_window,2024-07-12,769,760,9,1,1,759,76,0,0,76,0.006194476511133298,0.006194476511133298,0.006194476511133298,76,0,0,76,0.026980870590791264,0.026980870590791264,0.026980870590791264
original_read_window,2024-07-15,770,761,9,1,1,760,77,0,0,76,-0.013129865281185243,-0.013129865281185243,-0.012465126863508673,77,0,0,76,0.004277720688689289,0.004277720688689289,0.00500694269676285
original_read_window,2024-07-16,765,755,10,2,1,753,76,0,0,76,-0.010186204224044699,-0.010186204224044699,-0.010186204224044699,76,0,0,76,0.005708377417298437,0.005708377417298437,0.005708377417298437
original_read_window,2024-07-17,767,758,9,2,1,756,76,0,0,76,-0.043341152893579246,-0.043341152893579246,-0.043341152893579246,76,0,0,76,-0.023330558748999152,-0.023330558748999152,-0.023330558748999152
original_read_window,2024-07-18,768,759,9,2,0,757,76,0,0,76,-0.03611371791629345,-0.03611371791629345,-0.03611371791629345,76,0,0,76,-0.024707554861105558,-0.024707554861105558,-0.024707554861105558
original_read_window,2024-07-19,769,760,9,1,0,759,76,0,0,76,-0.04049058543164545,-0.04049058543164545,-0.04049058543164545,76,0,0,76,-0.0250167420791815,-0.0250167420791815,-0.0250167420791815
original_read_window,2024-07-22,770,760,10,2,0,758,76,0,0,76,-0.030735764338898287,-0.030735764338898287,-0.030735764338898287,76,0,0,76,-0.01694467031615718,-0.01694467031615718,-0.01694467031615718
original_read_window,2024-07-23,770,760,10,4,0,756,76,0,0,76,-0.03201903640728945,-0.03201903640728945,-0.03201903640728945,76,0,0,76,-0.017887045339799644,-0.017887045339799644,-0.017887045339799644
original_read_window,2024-07-26,769,760,9,4,2,756,76,0,0,76,-0.02390589788521738,-0.02390589788521738,-0.02390589788521738,76,0,0,76,-0.012863643768570965,-0.012863643768570965,-0.012863643768570965
original_read_window,2024-07-29,771,763,8,4,3,759,77,0,0,76,0.0029737514856866677,0.0029737514856866677,0.0006724429455772288,77,0,0,76,0.003152247826514155,0.003152247826514155,0.0017683658226786165
original_read_window,2024-07-30,771,764,7,5,3,759,77,0,0,76,0.0015917640479030327,0.0015917640479030327,0.00251966425801824,77,0,0,76,0.00170200815608383,0.00170200815608383,0.0024156718559585565
original_read_window,2024-07-31,767,760,7,5,4,755,76,0,0,76,0.019794700135533895,0.019794700135533895,0.019794700135533895,76,0,0,76,0.022390922558106152,0.022390922558106152,0.022390922558106152
original_read_window,2024-08-01,770,764,6,5,4,759,77,0,0,76,-0.004028877361903502,-0.004028877361903502,-0.002503199525703757,77,0,0,76,0.002304681286486979,0.002304681286486979,0.002910214130513983
original_read_window,2024-08-02,771,765,6,5,4,760,77,0,0,76,-0.005618802333217709,-0.005618802333217709,-0.005677284261955221,77,0,0,76,-0.013984586428662293,-0.013984586428662293,-0.01427261799865668
original_read_window,2024-08-05,772,766,6,5,4,761,77,0,0,77,0.04913942094757646,0.04913942094757646,0.04913942094757646,77,0,0,77,0.04055758230716809,0.04055758230716809,0.04055758230716809
original_read_window,2024-08-06,769,764,5,5,4,759,77,0,0,76,0.1146327771736256,0.1146327771736256,0.11363258096503402,77,0,0,76,0.10903551827996805,0.10903551827996805,0.10930620394021458
original_read_window,2024-08-07,768,763,5,5,4,758,77,0,0,76,0.053183647399650896,0.053183647399650896,0.053969754536004895,77,0,0,76,0.05759592453335975,0.05759592453335975,0.05792727873950535
original_read_window,2024-08-08,763,758,5,5,4,753,76,0,0,76,0.03946954789836388,0.03946954789836388,0.03946954789836388,76,0,0,76,0.035500396746586275,0.035500396746586275,0.035500396746586275
original_read_window,2024-08-09,760,755,5,5,4,750,76,0,0,75,0.037995533283040436,0.037995533283040436,0.03828083738015276,76,0,0,75,0.043819212433933066,0.043819212433933066,0.043816817817928344
original_read_window,2024-08-12,755,752,3,6,5,746,76,1,0,75,,0.06688881689781824,0.06248565077420249,76,1,0,75,,0.06551464858349516,0.06109316021568844
original_read_window,2024-08-13,752,749,3,6,5,743,75,1,0,74,,0.01503959806300987,0.009646117602733146,75,1,0,74,,0.020712597854381443,0.014879357135241899
original_read_window,2024-08-14,752,750,2,6,4,744,75,1,0,74,,0.027760609785786688,0.024797563284446704,75,1,0,74,,0.026844870681035953,0.024011084655735707
original_read_window,2024-08-15,750,748,2,5,4,743,75,1,0,74,,0.011644811129700963,0.006290953398792803,75,1,0,74,,0.012891893537859732,0.007036429801131914
original_read_window,2024-08-16,751,749,2,5,4,744,75,1,0,74,,0.024928511308133228,0.020490694729673697,75,1,0,74,,0.013016847818094188,0.009348488941140317
original_read_window,2024-08-19,750,748,2,5,4,743,75,1,0,74,,0.015376760065958048,0.011839861816968195,75,1,0,74,,0.007868849284567027,0.0038035629676478246
original_read_window,2024-08-20,750,748,2,5,4,743,75,1,0,74,,-0.020220138209884927,-0.02271929269733085,75,1,0,74,,-0.021803960428467318,-0.025896530309629854
original_read_window,2024-08-21,740,738,2,4,1,734,74,0,0,74,-0.024461883967081925,-0.024461883967081925,-0.024461883967081925,74,0,0,74,-0.028492323805701866,-0.028492323805701866,-0.028492323805701866
original_read_window,2024-08-22,734,732,2,2,1,730,74,0,0,73,-0.04667817846598702,-0.04667817846598702,-0.045034839446247976,74,0,0,73,-0.051942718306175445,-0.051942718306175445,-0.0518483005477645
original_read_window,2024-08-23,733,731,2,2,1,729,74,0,0,73,-0.06658019843586513,-0.06658019843586513,-0.06494527560144887,74,0,0,73,-0.0627856386724075,-0.0627856386724075,-0.06193081554667755
original_read_window,2024-08-26,735,733,2,2,0,731,74,0,0,74,-0.08290216825545123,-0.08290216825545123,-0.08290216825545123,74,0,0,74,-0.07472390345540965,-0.07472390345540965,-0.07472390345540965
original_read_window,2024-08-27,733,730,3,1,0,729,73,0,0,73,-0.10018213359239296,-0.10018213359239296,-0.10018213359239296,73,0,0,73,-0.1008950095299125,-0.1008950095299125,-0.1008950095299125
original_read_window,2024-08-28,735,732,3,1,0,731,74,0,0,74,-0.11579988659356086,-0.11579988659356086,-0.11579988659356086,74,0,0,74,-0.11256154037189207,-0.11256154037189207,-0.11256154037189207
original_read_window,2024-08-29,734,731,3,1,0,730,74,0,0,73,-0.10266844178278679,-0.10266844178278679,-0.103360013960973,74,0,0,73,-0.10170693381135201,-0.10170693381135201,-0.1015818453787181
original_read_window,2024-08-30,733,730,3,1,1,729,73,0,0,73,-0.07867895714210774,-0.07867895714210774,-0.07867895714210774,73,0,0,73,-0.07386992166239563,-0.07386992166239563,-0.07386992166239563
original_read_window,2024-09-02,718,715,3,1,1,714,72,0,0,72,-0.06779409020705865,-0.06779409020705865,-0.06779409020705865,72,0,0,72,-0.07340909910108559,-0.07340909910108559,-0.07340909910108559
original_read_window,2024-09-03,708,706,2,1,1,705,71,0,0,71,-0.09287388907495588,-0.09287388907495588,-0.09287388907495588,71,0,0,71,-0.09059843585533871,-0.09059843585533871,-0.09059843585533871
original_read_window,2024-09-04,708,705,3,1,1,704,71,0,0,71,-0.10738967677994096,-0.10738967677994096,-0.10738967677994096,71,0,0,71,-0.1179762496912692,-0.1179762496912692,-0.1179762496912692
original_read_window,2024-09-05,710,707,3,1,1,706,71,0,0,71,-0.08773933654743274,-0.08773933654743274,-0.08773933654743274,71,0,0,71,-0.09128430477028303,-0.09128430477028303,-0.09128430477028303
original_read_window,2024-09-06,709,707,2,3,1,704,71,0,0,71,-0.11901865840692093,-0.11901865840692093,-0.11901865840692093,71,0,0,71,-0.11927475622141502,-0.11927475622141502,-0.11927475622141502
original_read_window,2024-09-09,706,704,2,3,1,701,71,1,0,70,,-0.1652112069679917,-0.1642155065943439,71,1,0,70,,-0.16806975820554623,-0.16789325977938366
original_read_window,2024-09-10,706,704,2,3,1,701,71,0,0,71,-0.1340592977731577,-0.1340592977731577,-0.1340592977731577,71,0,0,71,-0.13783726369719082,-0.13783726369719082,-0.13783726369719082
original_read_window,2024-09-11,698,696,2,3,1,693,70,0,0,70,-0.15706610942878715,-0.15706610942878715,-0.15706610942878715,70,0,0,70,-0.16082973790292407,-0.16082973790292407,-0.16082973790292407
original_read_window,2024-09-12,693,691,2,3,1,688,70,0,0,69,-0.13054310233248514,-0.13054310233248514,-0.13115968554103574,70,0,0,69,-0.13140248285650147,-0.13140248285650147,-0.13134259418054517
original_read_window,2024-09-13,690,689,1,3,1,686,69,0,0,69,-0.12259236763558674,-0.12259236763558674,-0.12259236763558674,69,0,0,69,-0.1355173281270207,-0.1355173281270207,-0.1355173281270207
original_read_window,2024-09-16,692,691,1,3,1,688,70,0,0,69,-0.16274065095047716,-0.16274065095047716,-0.16953389231879432,70,0,0,69,-0.1716112384871162,-0.1716112384871162,-0.17178807920750075
original_read_window,2024-09-18,686,685,1,3,2,682,69,0,0,69,-0.14104167193271636,-0.14104167193271636,-0.14104167193271636,69,0,0,69,-0.15379163474672755,-0.15379163474672755,-0.15379163474672755
original_read_window,2024-09-19,682,681,1,2,2,679,69,0,0,68,-0.1305485942456915,-0.1305485942456915,-0.13057406391002646,69,0,0,68,-0.13401468162659658,-0.13401468162659658,-0.1347090537009725
original_read_window,2024-09-20,686,685,1,2,2,683,69,0,0,69,-0.12692000206644202,-0.12692000206644202,-0.12692000206644202,69,0,0,69,-0.12211574086033948,-0.12211574086033948,-0.12211574086033948
original_read_window,2024-09-23,690,689,1,2,2,687,69,0,0,69,-0.10534208574321431,-0.10534208574321431,-0.10534208574321431,69,0,0,69,-0.12332361034225399,-0.12332361034225399,-0.12332361034225399
original_read_window,2024-09-24,691,690,1,2,2,688,69,0,0,69,-0.08286655023194163,-0.08286655023194163,-0.08286655023194163,69,0,0,69,-0.0826523213431525,-0.0826523213431525,-0.0826523213431525
original_read_window,2024-09-25,689,688,1,3,2,685,69,0,0,69,-0.08652466232185992,-0.08652466232185992,-0.08652466232185992,69,0,0,69,-0.08581068158369838,-0.08581068158369838,-0.08581068158369838
original_read_window,2024-09-26,687,687,0,3,3,684,69,0,0,69,-0.06487702801016751,-0.06487702801016751,-0.06487702801016751,69,0,0,69,-0.06253432130953497,-0.06253432130953497,-0.06253432130953497
original_read_window,2024-09-27,694,694,0,3,3,691,70,0,0,70,-0.07061746672312662,-0.07061746672312662,-0.07061746672312662,70,0,0,70,-0.08317307579422024,-0.08317307579422024,-0.08317307579422024
original_read_window,2024-09-30,697,697,0,7,3,690,70,1,1,69,,,-0.08790585033546486,70,1,1,69,,,-0.08773934292957443
original_read_window,2024-10-01,699,698,1,7,4,691,70,2,1,68,,,-0.09678156337114231,70,1,0,69,,-0.10230937227347607,-0.10393522332497766
original_read_window,2024-10-04,701,701,0,7,4,694,71,0,0,70,-0.07081672000423138,-0.07081672000423138,-0.07028138074231399,71,0,0,70,-0.08203531273059349,-0.08203531273059349,-0.08153765647517228
original_read_window,2024-10-07,693,693,0,7,4,686,70,0,0,69,-0.07430832182784498,-0.07430832182784498,-0.07373043415257728,70,0,0,69,-0.0831739327468612,-0.0831739327468612,-0.0826312300683459
original_read_window,2024-10-08,690,690,0,7,2,683,69,0,0,69,-0.06525697004059806,-0.06525697004059806,-0.06525697004059806,69,0,0,69,-0.07507431798292988,-0.07507431798292988,-0.07507431798292988
original_read_window,2024-10-09,692,691,1,5,2,686,70,0,0,69,-0.08550126676700717,-0.08550126676700717,-0.08365269804114481,70,0,0,69,-0.09815435924766633,-0.09815435924766633,-0.09923871821956262
original_read_window,2024-10-11,697,696,1,5,5,691,70,0,0,70,-0.04104927876784111,-0.04104927876784111,-0.04104927876784111,70,0,0,70,-0.04676630577643233,-0.04676630577643233,-0.04676630577643233
original_read_window,2024-10-14,694,693,1,6,6,687,70,0,0,69,-0.036128786308126,-0.036128786308126,-0.0364877663581157,70,0,0,69,-0.03538612784682047,-0.03538612784682047,-0.034121261241794446
original_read_window,2024-10-15,698,697,1,6,6,691,70,0,0,70,-0.022592382719298927,-0.022592382719298927,-0.022592382719298927,70,0,0,70,-0.02595108202375143,-0.02595108202375143,-0.02595108202375143
original_read_window,2024-10-16,697,696,1,6,5,690,70,0,0,69,-0.02556037469019035,-0.02556037469019035,-0.023666580579267318,70,0,0,69,-0.03036585851409948,-0.03036585851409948,-0.030367818301337994
original_read_window,2024-10-17,697,696,1,5,5,691,70,0,0,70,-0.0104745386302816,-0.0104745386302816,-0.0104745386302816,70,0,0,70,-0.011565617175645415,-0.011565617175645415,-0.011565617175645415
original_read_window,2024-10-18,692,691,1,5,5,686,70,0,0,69,-0.021413070306306504,-0.021413070306306504,-0.021160879855003565,70,0,0,69,-0.01367335736262956,-0.01367335736262956,-0.012834851334369353
original_read_window,2024-10-21,690,689,1,5,5,684,69,0,0,69,-0.029990089336016847,-0.029990089336016847,-0.029990089336016847,69,0,0,69,-0.025191673274608768,-0.025191673274608768,-0.025191673274608768
original_read_window,2024-10-22,693,692,1,5,5,687,70,0,0,69,-0.05140806295127576,-0.05140806295127576,-0.051562915239134706,70,0,0,69,-0.04481747130827045,-0.04481747130827045,-0.04287834740874712
original_read_window,2024-10-23,691,690,1,5,5,685,69,0,0,69,-0.03858040104315696,-0.03858040104315696,-0.03858040104315696,69,0,0,69,-0.02916469293030501,-0.02916469293030501,-0.02916469293030501
original_read_window,2024-10-24,689,688,1,5,5,683,69,0,0,69,-0.06501694241442746,-0.06501694241442746,-0.06501694241442746,69,0,0,69,-0.06414851226910057,-0.06414851226910057,-0.06414851226910057
original_read_window,2024-10-25,694,694,0,5,4,689,70,0,0,69,-0.02611755850886965,-0.02611755850886965,-0.02591144298932644,70,0,0,69,-0.028959309060306047,-0.028959309060306047,-0.029903236256636566
original_read_window,2024-10-28,696,696,0,4,4,692,70,0,0,70,-0.03655098807499212,-0.03655098807499212,-0.03655098807499212,70,0,0,70,-0.0293104505599787,-0.0293104505599787,-0.0293104505599787
original_read_window,2024-10-29,698,698,0,4,4,694,70,1,0,69,,-0.040956851166585574,-0.039656404818329286,70,1,0,69,,-0.04249527336158947,-0.03812475845381914
original_read_window,2024-10-30,691,690,1,5,0,685,69,1,1,68,,,-0.058724117967217146,69,1,1,68,,,-0.05211825090912636
original_read_window,2024-11-01,684,683,1,0,0,683,69,0,0,69,-0.03666638712467458,-0.03666638712467458,-0.03666638712467458,69,0,0,69,-0.044254745877445,-0.044254745877445,-0.044254745877445
original_read_window,2024-11-04,681,680,1,0,0,680,68,0,0,68,-0.05570985015512826,-0.05570985015512826,-0.05570985015512826,68,0,0,68,-0.05442280786434992,-0.05442280786434992,-0.05442280786434992
original_read_window,2024-11-05,681,680,1,0,0,680,68,0,0,68,-0.05884992001769812,-0.05884992001769812,-0.05884992001769812,68,0,0,68,-0.062104265572702405,-0.062104265572702405,-0.062104265572702405
original_read_window,2024-11-06,675,674,1,1,0,673,68,0,0,68,-0.038843056057536164,-0.038843056057536164,-0.038843056057536164,68,0,0,68,-0.04085127749168347,-0.04085127749168347,-0.04085127749168347
original_read_window,2024-11-07,674,673,1,1,1,672,68,0,0,68,-0.04566424689779562,-0.04566424689779562,-0.04566424689779562,68,0,0,68,-0.041839048690333516,-0.041839048690333516,-0.041839048690333516
original_read_window,2024-11-08,675,674,1,1,1,673,68,0,0,68,-0.01346342047455194,-0.01346342047455194,-0.01346342047455194,68,0,0,68,-0.01486299449971172,-0.01486299449971172,-0.01486299449971172
original_read_window,2024-11-11,672,671,1,1,1,670,68,0,0,67,-0.02819202477594458,-0.02819202477594458,-0.028536060689348847,68,0,0,67,-0.02663488811423835,-0.02663488811423835,-0.026975291960433884
original_read_window,2024-11-12,680,679,1,1,1,678,68,0,0,68,-0.003461343735556515,-0.003461343735556515,-0.003461343735556515,68,0,0,68,-0.0026745997202246314,-0.0026745997202246314,-0.0026745997202246314
original_read_window,2024-11-13,683,682,1,1,1,681,69,0,0,69,-0.013149068452047299,-0.013149068452047299,-0.013149068452047299,69,0,0,69,-0.02603494443627075,-0.02603494443627075,-0.02603494443627075
original_read_window,2024-11-14,678,677,1,1,1,676,68,0,0,68,-0.02926614665823774,-0.02926614665823774,-0.02926614665823774,68,0,0,68,-0.03966218069266296,-0.03966218069266296,-0.03966218069266296
original_read_window,2024-11-15,682,681,1,1,1,680,69,0,0,68,-0.057072957366634015,-0.057072957366634015,-0.062426275452300777,69,0,0,68,-0.05751825881472262,-0.05751825881472262,-0.05578162603099269
original_read_window,2024-11-18,682,681,1,1,1,680,69,0,0,68,-0.07099665044769725,-0.07099665044769725,-0.07042472280398006,69,0,0,68,-0.07123290753842108,-0.07123290753842108,-0.07023783270166646
original_read_window,2024-11-19,678,677,1,1,1,676,68,0,0,68,-0.07875600194599561,-0.07875600194599561,-0.07875600194599561,68,0,0,68,-0.08808481003093555,-0.08808481003093555,-0.08808481003093555
original_read_window,2024-11-20,677,676,1,0,0,676,68,0,0,68,-0.08561352350604107,-0.08561352350604107,-0.08561352350604107,68,0,0,68,-0.07944695283747157,-0.07944695283747157,-0.07944695283747157
original_read_window,2024-11-21,671,670,1,0,0,670,67,0,0,67,-0.08233467550413646,-0.08233467550413646,-0.08233467550413646,67,0,0,67,-0.08829842683430682,-0.08829842683430682,-0.08829842683430682
original_read_window,2024-11-22,673,671,2,0,0,671,68,0,0,68,-0.08219655714994915,-0.08219655714994915,-0.08219655714994915,68,0,0,68,-0.07629484485963696,-0.07629484485963696,-0.07629484485963696
original_read_window,2024-11-25,680,678,2,0,0,678,68,0,0,68,-0.11886993869595057,-0.11886993869595057,-0.11886993869595057,68,0,0,68,-0.1150391869767126,-0.1150391869767126,-0.1150391869767126
original_read_window,2024-11-26,677,675,2,0,0,675,68,0,0,68,-0.11742890350883173,-0.11742890350883173,-0.11742890350883173,68,0,0,68,-0.11836000304591711,-0.11836000304591711,-0.11836000304591711
original_read_window,2024-11-27,673,671,2,0,0,671,68,0,0,68,-0.08665037835620135,-0.08665037835620135,-0.08665037835620135,68,0,0,68,-0.09236767900721261,-0.09236767900721261,-0.09236767900721261
original_read_window,2024-11-28,670,669,1,1,0,668,67,0,0,67,-0.08785899557022636,-0.08785899557022636,-0.08785899557022636,67,0,0,67,-0.09210547824265222,-0.09210547824265222,-0.09210547824265222
original_read_window,2024-11-29,666,665,1,1,1,664,67,0,0,67,-0.1027974421771358,-0.1027974421771358,-0.1027974421771358,67,0,0,67,-0.10204478430771158,-0.10204478430771158,-0.10204478430771158
original_read_window,2024-12-02,667,666,1,1,1,665,67,0,0,67,-0.05773161042230356,-0.05773161042230356,-0.05773161042230356,67,0,0,67,-0.06745641635276807,-0.06745641635276807,-0.06745641635276807
original_read_window,2024-12-03,664,663,1,1,1,662,67,0,0,67,-0.03130078508663582,-0.03130078508663582,-0.03130078508663582,67,0,0,67,-0.05056989545656483,-0.05056989545656483,-0.05056989545656483
original_read_window,2024-12-04,665,664,1,1,1,663,67,0,0,67,-0.04837004072487059,-0.04837004072487059,-0.04837004072487059,67,0,0,67,-0.04673651210740929,-0.04673651210740929,-0.04673651210740929
original_read_window,2024-12-05,660,658,2,1,1,657,66,0,0,66,-0.0541948070825206,-0.0541948070825206,-0.0541948070825206,66,0,0,66,-0.06542006830712666,-0.06542006830712666,-0.06542006830712666
original_read_window,2024-12-06,660,658,2,1,1,657,66,0,0,66,-0.06261363549321865,-0.06261363549321865,-0.06261363549321865,66,0,0,66,-0.06879914519896163,-0.06879914519896163,-0.06879914519896163
original_read_window,2024-12-09,653,652,1,1,1,651,66,0,0,66,-0.08027314638833993,-0.08027314638833993,-0.08027314638833993,66,0,0,66,-0.08788434337816813,-0.08788434337816813,-0.08788434337816813
original_read_window,2024-12-10,647,645,2,1,1,644,65,0,0,65,-0.06854125490222722,-0.06854125490222722,-0.06854125490222722,65,0,0,65,-0.06556597757377665,-0.06556597757377665,-0.06556597757377665
original_read_window,2024-12-11,645,643,2,1,1,642,65,0,0,65,-0.0812032316407026,-0.0812032316407026,-0.0812032316407026,65,0,0,65,-0.08771109103795428,-0.08771109103795428,-0.08771109103795428
original_read_window,2024-12-12,645,643,2,1,1,642,65,0,0,65,-0.0832335131443996,-0.0832335131443996,-0.0832335131443996,65,0,0,65,-0.08954716816071498,-0.08954716816071498,-0.08954716816071498
original_read_window,2024-12-13,641,639,2,1,1,638,64,0,0,64,-0.06319145195781012,-0.06319145195781012,-0.06319145195781012,64,0,0,64,-0.0714435412368797,-0.0714435412368797,-0.0714435412368797
original_read_window,2024-12-16,643,642,1,1,1,641,65,0,0,65,-0.03332898458896697,-0.03332898458896697,-0.03332898458896697,65,0,0,65,-0.04841208352530934,-0.04841208352530934,-0.04841208352530934
original_read_window,2024-12-17,641,640,1,1,1,639,64,0,0,64,-0.03673449537600768,-0.03673449537600768,-0.03673449537600768,64,0,0,64,-0.039467012309791605,-0.039467012309791605,-0.039467012309791605
original_read_window,2024-12-18,646,645,1,1,1,644,65,0,0,65,-0.05020094466141367,-0.05020094466141367,-0.05020094466141367,65,0,0,65,-0.05825391785803505,-0.05825391785803505,-0.05825391785803505
original_read_window,2024-12-19,644,643,1,1,1,642,65,0,0,65,-0.0646251232664659,-0.0646251232664659,-0.0646251232664659,65,0,0,65,-0.06391885624512093,-0.06391885624512093,-0.06391885624512093
original_read_window,2024-12-20,644,643,1,1,1,642,65,0,0,65,-0.04820965003693204,-0.04820965003693204,-0.04820965003693204,65,0,0,65,-0.05820667221671148,-0.05820667221671148,-0.05820667221671148
original_read_window,2024-12-23,639,638,1,1,1,637,64,0,0,64,-0.051221719241927505,-0.051221719241927505,-0.051221719241927505,64,0,0,64,-0.050754064118929715,-0.050754064118929715,-0.050754064118929715
original_read_window,2024-12-24,639,638,1,1,1,637,64,0,0,64,-0.054519680600898686,-0.054519680600898686,-0.054519680600898686,64,0,0,64,-0.05861699036940432,-0.05861699036940432,-0.05861699036940432
original_read_window,2024-12-25,639,638,1,638,0,0,64,64,64,0,,,,64,64,64,0,,,
original_read_window,2024-12-26,635,634,1,634,0,0,64,64,64,0,,,,64,64,64,0,,,
original_read_window,2024-12-27,637,636,1,636,0,0,64,64,64,0,,,,64,64,64,0,,,
original_read_window,2024-12-30,642,641,1,641,0,0,65,65,65,0,,,,65,65,65,0,,,
original_read_window,2024-12-31,643,642,1,642,0,0,65,65,65,0,,,,65,65,65,0,,,
extended_labels_only,2024-01-02,641,641,0,0,0,641,65,0,0,65,-0.0810102848984645,-0.0810102848984645,-0.0810102848984645,65,0,0,65,-0.07510645093230012,-0.07510645093230012,-0.07510645093230012
extended_labels_only,2024-01-03,643,643,0,0,0,643,65,0,0,65,-0.05803537675464525,-0.05803537675464525,-0.05803537675464525,65,0,0,65,-0.04933705727369383,-0.04933705727369383,-0.04933705727369383
extended_labels_only,2024-01-04,639,639,0,0,0,639,64,0,0,64,-0.0411776731010387,-0.0411776731010387,-0.0411776731010387,64,0,0,64,-0.044150174952713075,-0.044150174952713075,-0.044150174952713075
extended_labels_only,2024-01-05,636,636,0,0,0,636,64,0,0,64,-0.06567069367919745,-0.06567069367919745,-0.06567069367919745,64,0,0,64,-0.06388224899653301,-0.06388224899653301,-0.06388224899653301
extended_labels_only,2024-01-08,633,633,0,0,0,633,64,0,0,64,-0.05941114437157134,-0.05941114437157134,-0.05941114437157134,64,0,0,64,-0.0571454013571615,-0.0571454013571615,-0.0571454013571615
extended_labels_only,2024-01-09,633,633,0,0,0,633,64,0,0,64,-0.06681096132480602,-0.06681096132480602,-0.06681096132480602,64,0,0,64,-0.08865982404772038,-0.08865982404772038,-0.08865982404772038
extended_labels_only,2024-01-10,628,628,0,0,0,628,63,0,0,63,-0.03045004850862049,-0.03045004850862049,-0.03045004850862049,63,0,0,63,-0.055501998066657,-0.055501998066657,-0.055501998066657
extended_labels_only,2024-01-11,631,631,0,0,0,631,64,0,0,64,-0.014768228492684238,-0.014768228492684238,-0.014768228492684238,64,0,0,64,-0.0463682865261391,-0.0463682865261391,-0.0463682865261391
extended_labels_only,2024-01-12,628,628,0,0,0,628,63,0,0,63,-0.012242330627510917,-0.012242330627510917,-0.012242330627510917,63,0,0,63,-0.04266388469501236,-0.04266388469501236,-0.04266388469501236
extended_labels_only,2024-01-15,623,623,0,0,0,623,63,0,0,63,-0.06325348882058227,-0.06325348882058227,-0.06325348882058227,63,0,0,63,-0.06180563327171341,-0.06180563327171341,-0.06180563327171341
extended_labels_only,2024-01-16,625,625,0,0,0,625,63,0,0,63,-0.029967085439312112,-0.029967085439312112,-0.029967085439312112,63,0,0,63,-0.05277790326050827,-0.05277790326050827,-0.05277790326050827
extended_labels_only,2024-01-17,625,625,0,0,0,625,63,0,0,63,-0.0744474211314871,-0.0744474211314871,-0.0744474211314871,63,0,0,63,-0.06585971269918907,-0.06585971269918907,-0.06585971269918907
extended_labels_only,2024-01-18,625,625,0,0,0,625,63,0,0,63,-0.035636925221955336,-0.035636925221955336,-0.035636925221955336,63,0,0,63,-0.03781023340097326,-0.03781023340097326,-0.03781023340097326
extended_labels_only,2024-01-19,623,623,0,0,0,623,63,0,0,63,-0.03715194377782919,-0.03715194377782919,-0.03715194377782919,63,0,0,63,-0.03838321295998837,-0.03838321295998837,-0.03838321295998837
extended_labels_only,2024-01-22,623,623,0,0,0,623,63,0,0,63,-0.020542822800214855,-0.020542822800214855,-0.020542822800214855,63,0,0,63,-0.027581859034782254,-0.027581859034782254,-0.027581859034782254
extended_labels_only,2024-01-23,619,619,0,0,0,619,62,0,0,62,-0.025063729805881476,-0.025063729805881476,-0.025063729805881476,62,0,0,62,-0.02757843987537563,-0.02757843987537563,-0.02757843987537563
extended_labels_only,2024-01-24,622,622,0,0,0,622,63,0,0,63,-0.0411773041553955,-0.0411773041553955,-0.0411773041553955,63,0,0,63,-0.04015769967872443,-0.04015769967872443,-0.04015769967872443
extended_labels_only,2024-01-25,625,625,0,0,0,625,63,0,0,63,-0.05909187555124407,-0.05909187555124407,-0.05909187555124407,63,0,0,63,-0.0659800878882785,-0.0659800878882785,-0.0659800878882785
extended_labels_only,2024-01-26,625,625,0,0,0,625,63,0,0,63,-0.05322536024666209,-0.05322536024666209,-0.05322536024666209,63,0,0,63,-0.04779792564018213,-0.04779792564018213,-0.04779792564018213
extended_labels_only,2024-01-29,623,622,1,0,0,622,63,0,0,63,-0.10702162212817017,-0.10702162212817017,-0.10702162212817017,63,0,0,63,-0.10056273827902282,-0.10056273827902282,-0.10056273827902282
extended_labels_only,2024-01-30,617,616,1,0,0,616,62,0,0,62,-0.14977494202801117,-0.14977494202801117,-0.14977494202801117,62,0,0,62,-0.1298348743767479,-0.1298348743767479,-0.1298348743767479
extended_labels_only,2024-01-31,619,618,1,0,0,618,62,0,0,62,-0.13033105651116,-0.13033105651116,-0.13033105651116,62,0,0,62,-0.1193501849494709,-0.1193501849494709,-0.1193501849494709
extended_labels_only,2024-02-01,614,613,1,0,0,613,62,0,0,62,-0.11758513077978544,-0.11758513077978544,-0.11758513077978544,62,0,0,62,-0.10339717328818686,-0.10339717328818686,-0.10339717328818686
extended_labels_only,2024-02-02,614,613,1,0,0,613,62,0,0,62,-0.1157062714408613,-0.1157062714408613,-0.1157062714408613,62,0,0,62,-0.11151938878860676,-0.11151938878860676,-0.11151938878860676
extended_labels_only,2024-02-05,609,608,1,1,0,607,61,0,0,61,-0.06971738694893469,-0.06971738694893469,-0.06971738694893469,61,0,0,61,-0.052303207465206975,-0.052303207465206975,-0.052303207465206975
extended_labels_only,2024-02-15,615,614,1,1,1,613,62,0,0,62,-0.056149111295514344,-0.056149111295514344,-0.056149111295514344,62,0,0,62,-0.04419037390883318,-0.04419037390883318,-0.04419037390883318
extended_labels_only,2024-02-16,618,617,1,1,1,616,62,0,0,62,-0.0841675072723505,-0.0841675072723505,-0.0841675072723505,62,0,0,62,-0.05949486489832309,-0.05949486489832309,-0.05949486489832309
extended_labels_only,2024-02-19,628,627,1,1,1,626,63,0,0,63,-0.08923551058382188,-0.08923551058382188,-0.08923551058382188,63,0,0,63,-0.06559019803774592,-0.06559019803774592,-0.06559019803774592
extended_labels_only,2024-02-20,633,632,1,1,1,631,64,0,0,64,-0.08324929250048457,-0.08324929250048457,-0.08324929250048457,64,0,0,64,-0.062757078021168,-0.062757078021168,-0.062757078021168
extended_labels_only,2024-02-21,637,636,1,1,1,635,64,0,0,64,-0.11530621507857114,-0.11530621507857114,-0.11530621507857114,64,0,0,64,-0.09541007962288839,-0.09541007962288839,-0.09541007962288839
extended_labels_only,2024-02-22,633,632,1,1,1,631,64,0,0,64,-0.10927579053293748,-0.10927579053293748,-0.10927579053293748,64,0,0,64,-0.09709951742497609,-0.09709951742497609,-0.09709951742497609
extended_labels_only,2024-02-23,634,633,1,1,1,632,64,0,0,64,-0.07416209557453597,-0.07416209557453597,-0.07416209557453597,64,0,0,64,-0.07423227434996024,-0.07423227434996024,-0.07423227434996024
extended_labels_only,2024-02-26,642,641,1,1,1,640,65,0,0,64,-0.11072814165359558,-0.11072814165359558,-0.11026318444491448,65,0,0,64,-0.10112733105782526,-0.10112733105782526,-0.10083350257526344
extended_labels_only,2024-02-27,651,650,1,1,1,649,65,0,0,65,-0.10623971744438032,-0.10623971744438032,-0.10623971744438032,65,0,0,65,-0.08878415517089831,-0.08878415517089831,-0.08878415517089831
extended_labels_only,2024-02-29,652,651,1,1,1,650,66,0,0,65,-0.09888497151420432,-0.09888497151420432,-0.09952327680400197,66,0,0,65,-0.09652516663719317,-0.09652516663719317,-0.09664020875050314
extended_labels_only,2024-03-01,659,658,1,1,1,657,66,0,0,66,-0.09726956786748504,-0.09726956786748504,-0.09726956786748504,66,0,0,66,-0.09117472081612593,-0.09117472081612593,-0.09117472081612593
extended_labels_only,2024-03-04,662,661,1,1,1,660,67,0,0,66,-0.07872121976461097,-0.07872121976461097,-0.07818431856043459,67,0,0,66,-0.07736717641196089,-0.07736717641196089,-0.07546013973816822
extended_labels_only,2024-03-05,674,673,1,1,1,672,68,0,0,68,-0.10277754470391996,-0.10277754470391996,-0.10277754470391996,68,0,0,68,-0.10553510674645553,-0.10553510674645553,-0.10553510674645553
extended_labels_only,2024-03-06,673,671,2,1,1,670,68,0,0,67,-0.06969810210436847,-0.06969810210436847,-0.06880534438780292,68,0,0,67,-0.06725772798463325,-0.06725772798463325,-0.06786966599835288
extended_labels_only,2024-03-07,690,689,1,1,1,688,69,0,0,69,-0.01986413101533431,-0.01986413101533431,-0.01986413101533431,69,0,0,69,-0.017419866633138235,-0.017419866633138235,-0.017419866633138235
extended_labels_only,2024-03-08,698,696,2,1,1,695,70,0,0,70,-0.010650568223515042,-0.010650568223515042,-0.010650568223515042,70,0,0,70,-0.01566646886437647,-0.01566646886437647,-0.01566646886437647
extended_labels_only,2024-03-11,702,701,1,1,1,700,71,0,0,70,-0.02750787186475334,-0.02750787186475334,-0.027304039286095094,71,0,0,70,-0.0365482209002897,-0.0365482209002897,-0.034682536544300584
extended_labels_only,2024-03-12,709,708,1,1,1,707,71,0,0,71,-0.01501968235572094,-0.01501968235572094,-0.01501968235572094,71,0,0,71,-0.01739117207051972,-0.01739117207051972,-0.01739117207051972
extended_labels_only,2024-03-13,714,713,1,1,0,712,72,0,0,72,-0.016336029897559792,-0.016336029897559792,-0.016336029897559792,72,0,0,72,-0.01750168580877906,-0.01750168580877906,-0.01750168580877906
extended_labels_only,2024-03-14,715,713,2,0,0,713,72,0,0,72,-0.014456412886883862,-0.014456412886883862,-0.014456412886883862,72,0,0,72,-0.014509558921089636,-0.014509558921089636,-0.014509558921089636
extended_labels_only,2024-03-15,717,715,2,0,0,715,72,0,0,72,-0.02952415619657325,-0.02952415619657325,-0.02952415619657325,72,0,0,72,-0.034204177741176144,-0.034204177741176144,-0.034204177741176144
extended_labels_only,2024-03-18,716,714,2,0,0,714,72,0,0,72,-0.02675083687060388,-0.02675083687060388,-0.02675083687060388,72,0,0,72,-0.02931661340296064,-0.02931661340296064,-0.02931661340296064
extended_labels_only,2024-03-19,718,716,2,0,0,716,72,0,0,72,-0.03254627436195626,-0.03254627436195626,-0.03254627436195626,72,0,0,72,-0.025096867771462576,-0.025096867771462576,-0.025096867771462576
extended_labels_only,2024-03-20,718,716,2,0,0,716,72,0,0,72,0.01706715095739732,0.01706715095739732,0.01706715095739732,72,0,0,72,0.019082109426179533,0.019082109426179533,0.019082109426179533
extended_labels_only,2024-03-21,718,716,2,0,0,716,72,0,0,72,0.005215472100058553,0.005215472100058553,0.005215472100058553,72,0,0,72,0.007153208155697056,0.007153208155697056,0.007153208155697056
extended_labels_only,2024-03-22,715,713,2,0,0,713,72,0,0,72,0.0031028942825015,0.0031028942825015,0.0031028942825015,72,0,0,72,-0.0007503593837840584,-0.0007503593837840584,-0.0007503593837840584
extended_labels_only,2024-03-25,716,714,2,0,0,714,72,0,0,72,-0.014197220794098834,-0.014197220794098834,-0.014197220794098834,72,0,0,72,-0.013156401950342319,-0.013156401950342319,-0.013156401950342319
extended_labels_only,2024-03-26,717,715,2,0,0,715,72,0,0,72,-0.0053711686344699965,-0.0053711686344699965,-0.0053711686344699965,72,0,0,72,-0.0072299838938320905,-0.0072299838938320905,-0.0072299838938320905
extended_labels_only,2024-03-27,720,718,2,1,0,717,72,0,0,72,-0.00977722258540285,-0.00977722258540285,-0.00977722258540285,72,0,0,72,-0.010007174533345731,-0.010007174533345731,-0.010007174533345731
extended_labels_only,2024-03-28,716,714,2,1,1,713,72,0,0,72,-0.016160924374562895,-0.016160924374562895,-0.016160924374562895,72,0,0,72,-0.02231369482929308,-0.02231369482929308,-0.02231369482929308
extended_labels_only,2024-03-29,715,713,2,1,1,712,72,0,0,72,-0.0010138387437218263,-0.0010138387437218263,-0.0010138387437218263,72,0,0,72,-0.004743754440648998,-0.004743754440648998,-0.004743754440648998
extended_labels_only,2024-04-01,714,712,2,1,1,711,72,0,0,72,0.0049930048479874395,0.0049930048479874395,0.0049930048479874395,72,0,0,72,-0.0006348151998576011,-0.0006348151998576011,-0.0006348151998576011
extended_labels_only,2024-04-02,712,711,1,1,1,710,72,0,0,71,0.014223646222528067,0.014223646222528067,0.010102269989158382,72,0,0,71,0.017394618229184828,0.017394618229184828,0.016320031754662057
extended_labels_only,2024-04-03,712,711,1,1,1,710,72,0,0,71,-0.001108790396024053,-0.001108790396024053,-0.00017820858224357157,72,0,0,71,0.007703088978319396,0.007703088978319396,0.00525284932350669
extended_labels_only,2024-04-08,712,711,1,1,1,710,72,1,0,71,,-0.01321121327062139,-0.01080164623955515,72,1,0,71,,-0.008880625084843425,-0.006410063853977497
extended_labels_only,2024-04-09,708,707,1,1,1,706,71,1,0,70,,0.0014889996387541407,0.0038212463484360894,71,1,0,70,,-0.006339787678619576,0.000510671443450329
extended_labels_only,2024-04-10,712,711,1,1,1,710,72,0,0,71,0.014085940415474408,0.014085940415474408,0.014277550869867622,72,0,0,71,-0.012384793223320227,-0.012384793223320227,-0.013322081921838341
extended_labels_only,2024-04-11,712,711,1,1,1,710,72,0,0,71,0.005813264623985875,0.005813264623985875,0.004663398363133182,72,0,0,71,-0.0011669436276168525,-0.0011669436276168525,-0.0008917266092949686
extended_labels_only,2024-04-12,710,708,2,1,1,707,71,0,0,71,-0.023657530256679812,-0.023657530256679812,-0.023657530256679812,71,0,0,71,-0.03827506513835664,-0.03827506513835664,-0.03827506513835664
extended_labels_only,2024-04-15,711,710,1,1,1,709,71,0,0,71,-0.026556010793445294,-0.026556010793445294,-0.026556010793445294,71,0,0,71,-0.022807238329523076,-0.022807238329523076,-0.022807238329523076
extended_labels_only,2024-04-16,711,710,1,1,1,709,71,1,0,70,,-0.03492812962973234,-0.034868951090181094,71,1,0,70,,-0.04303594794756174,-0.0382221160347226
extended_labels_only,2024-04-17,712,711,1,1,1,710,72,0,0,71,-0.02005283481676841,-0.02005283481676841,-0.0217090811271099,72,0,0,71,-0.03003605026583665,-0.03003605026583665,-0.02947947003305293
extended_labels_only,2024-04-18,712,711,1,1,1,710,72,1,0,71,,-0.05915449788355445,-0.05701152163657176,72,0,0,71,-0.05868520142194649,-0.05868520142194649,-0.0626634765657873
extended_labels_only,2024-04-19,712,711,1,1,1,710,72,0,0,71,-0.0642737751299677,-0.0642737751299677,-0.06299994053636823,72,0,0,71,-0.0777696762817207,-0.0777696762817207,-0.0770701516391597
extended_labels_only,2024-04-22,716,715,1,1,1,714,72,0,0,72,-0.022698497573226437,-0.022698497573226437,-0.022698497573226437,72,0,0,72,-0.02839197684066788,-0.02839197684066788,-0.02839197684066788
extended_labels_only,2024-04-23,713,712,1,1,1,711,72,1,0,71,,-0.037081520632449065,-0.0304197071375863,72,1,0,71,,-0.045045432302311006,-0.039633449680090055
extended_labels_only,2024-04-24,714,713,1,1,1,712,72,0,0,72,-0.057613437571892336,-0.057613437571892336,-0.057613437571892336,72,0,0,72,-0.06690299369062738,-0.06690299369062738,-0.06690299369062738
extended_labels_only,2024-04-25,714,713,1,1,0,712,72,0,0,72,-0.04523891592874917,-0.04523891592874917,-0.04523891592874917,72,0,0,72,-0.05717753885875396,-0.05717753885875396,-0.05717753885875396
extended_labels_only,2024-04-26,711,710,1,0,0,710,71,0,0,71,-0.044505108320815924,-0.044505108320815924,-0.044505108320815924,71,0,0,71,-0.05744858246444174,-0.05744858246444174,-0.05744858246444174
extended_labels_only,2024-04-29,715,714,1,0,0,714,72,0,0,72,-0.03998421209198515,-0.03998421209198515,-0.03998421209198515,72,0,0,72,-0.05881254909934905,-0.05881254909934905,-0.05881254909934905
extended_labels_only,2024-04-30,715,714,1,0,0,714,72,0,0,72,-0.030050866812101784,-0.030050866812101784,-0.030050866812101784,72,0,0,72,-0.03866819882663827,-0.03866819882663827,-0.03866819882663827
extended_labels_only,2024-05-02,716,715,1,0,0,715,72,0,0,72,-0.009865824257819594,-0.009865824257819594,-0.009865824257819594,72,0,0,72,-0.042680865909792136,-0.042680865909792136,-0.042680865909792136
extended_labels_only,2024-05-03,713,712,1,0,0,712,72,0,0,72,0.01049506491909274,0.01049506491909274,0.01049506491909274,72,0,0,72,-0.004369535475991419,-0.004369535475991419,-0.004369535475991419
extended_labels_only,2024-05-06,717,716,1,0,0,716,72,0,0,72,-0.029721772030229063,-0.029721772030229063,-0.029721772030229063,72,0,0,72,-0.0261731041062753,-0.0261731041062753,-0.0261731041062753
extended_labels_only,2024-05-07,715,714,1,0,0,714,72,0,0,72,-0.03875003546602532,-0.03875003546602532,-0.03875003546602532,72,0,0,72,-0.038906544816415,-0.038906544816415,-0.038906544816415
extended_labels_only,2024-05-08,714,712,2,1,0,711,72,0,0,72,-0.013620334669404138,-0.013620334669404138,-0.013620334669404138,72,0,0,72,-0.01930655133311708,-0.01930655133311708,-0.01930655133311708
extended_labels_only,2024-05-09,718,716,2,1,1,715,72,0,0,72,-0.060660045540011635,-0.060660045540011635,-0.060660045540011635,72,0,0,72,-0.06132501600661833,-0.06132501600661833,-0.06132501600661833
extended_labels_only,2024-05-10,722,720,2,1,1,719,72,0,0,72,-0.014922309755392065,-0.014922309755392065,-0.014922309755392065,72,0,0,72,-0.013850827835894088,-0.013850827835894088,-0.013850827835894088
extended_labels_only,2024-05-13,718,716,2,1,1,715,72,0,0,72,-0.029495766961563235,-0.029495766961563235,-0.029495766961563235,72,0,0,72,-0.022251134194983913,-0.022251134194983913,-0.022251134194983913
extended_labels_only,2024-05-14,717,715,2,1,1,714,72,0,0,72,-0.04036349868468192,-0.04036349868468192,-0.04036349868468192,72,0,0,72,-0.02881120964824313,-0.02881120964824313,-0.02881120964824313
extended_labels_only,2024-05-15,722,720,2,1,1,719,72,0,0,72,-0.039410754084640315,-0.039410754084640315,-0.039410754084640315,72,0,0,72,-0.03653767445960678,-0.03653767445960678,-0.03653767445960678
extended_labels_only,2024-05-16,729,727,2,1,1,726,73,0,0,73,-0.03592007597924037,-0.03592007597924037,-0.03592007597924037,73,0,0,73,-0.039249233427488116,-0.039249233427488116,-0.039249233427488116
extended_labels_only,2024-05-17,731,729,2,1,1,728,73,0,0,73,-0.0591253291737188,-0.0591253291737188,-0.0591253291737188,73,0,0,73,-0.062451811325854,-0.062451811325854,-0.062451811325854
extended_labels_only,2024-05-20,730,728,2,1,1,727,73,0,0,73,-0.0887342916650449,-0.0887342916650449,-0.0887342916650449,73,0,0,73,-0.08248301861257509,-0.08248301861257509,-0.08248301861257509
extended_labels_only,2024-05-21,731,729,2,1,1,728,73,0,0,73,-0.09619484805742008,-0.09619484805742008,-0.09619484805742008,73,0,0,73,-0.09876625668264999,-0.09876625668264999,-0.09876625668264999
extended_labels_only,2024-05-22,732,730,2,1,1,729,73,0,0,73,-0.08134397716062229,-0.08134397716062229,-0.08134397716062229,73,0,0,73,-0.07996780764316479,-0.07996780764316479,-0.07996780764316479
extended_labels_only,2024-05-23,739,737,2,1,1,736,74,0,0,74,-0.05064055612370388,-0.05064055612370388,-0.05064055612370388,74,0,0,74,-0.051876966667497,-0.051876966667497,-0.051876966667497
extended_labels_only,2024-05-24,739,737,2,1,1,736,74,0,0,74,-0.029220439730403214,-0.029220439730403214,-0.029220439730403214,74,0,0,74,-0.027400237524259314,-0.027400237524259314,-0.027400237524259314
extended_labels_only,2024-05-27,742,740,2,1,1,739,74,0,0,74,-0.03274166642965313,-0.03274166642965313,-0.03274166642965313,74,0,0,74,-0.028873050590939905,-0.028873050590939905,-0.028873050590939905
extended_labels_only,2024-05-28,748,746,2,1,1,745,75,0,0,75,-0.04747070036083036,-0.04747070036083036,-0.04747070036083036,75,0,0,75,-0.054219741919352464,-0.054219741919352464,-0.054219741919352464
extended_labels_only,2024-05-29,753,751,2,1,1,750,76,0,0,75,-0.082118993467657,-0.082118993467657,-0.08113519606219123,76,0,0,75,-0.08093473515546204,-0.08093473515546204,-0.08014511621142932
extended_labels_only,2024-05-30,754,752,2,1,1,751,76,0,0,76,-0.08942804426246369,-0.08942804426246369,-0.08942804426246369,76,0,0,76,-0.09308995907508684,-0.09308995907508684,-0.09308995907508684
extended_labels_only,2024-05-31,752,750,2,1,1,749,75,0,0,75,-0.08797431693703812,-0.08797431693703812,-0.08797431693703812,75,0,0,75,-0.08610220400586067,-0.08610220400586067,-0.08610220400586067
extended_labels_only,2024-06-03,754,752,2,1,1,751,76,0,0,76,-0.08498510271356473,-0.08498510271356473,-0.08498510271356473,76,0,0,76,-0.07581264085886412,-0.07581264085886412,-0.07581264085886412
extended_labels_only,2024-06-04,750,748,2,1,0,747,75,0,0,75,-0.10995651726193695,-0.10995651726193695,-0.10995651726193695,75,0,0,75,-0.09696622190432613,-0.09696622190432613,-0.09696622190432613
extended_labels_only,2024-06-05,750,748,2,0,0,748,75,0,0,75,-0.0651279712781708,-0.0651279712781708,-0.0651279712781708,75,0,0,75,-0.060702732068634975,-0.060702732068634975,-0.060702732068634975
extended_labels_only,2024-06-06,749,747,2,0,0,747,75,0,0,75,-0.05856691855564577,-0.05856691855564577,-0.05856691855564577,75,0,0,75,-0.06924726447772632,-0.06924726447772632,-0.06924726447772632
extended_labels_only,2024-06-07,753,749,4,0,0,749,75,0,0,75,-0.12106398311334997,-0.12106398311334997,-0.12106398311334997,75,0,0,75,-0.122266345252035,-0.122266345252035,-0.122266345252035
extended_labels_only,2024-06-11,756,753,3,0,0,753,76,0,0,76,-0.11762863213244032,-0.11762863213244032,-0.11762863213244032,76,0,0,76,-0.12956181780038364,-0.12956181780038364,-0.12956181780038364
extended_labels_only,2024-06-12,759,755,4,0,0,755,76,0,0,76,-0.08849980772500007,-0.08849980772500007,-0.08849980772500007,76,0,0,76,-0.09796098176714536,-0.09796098176714536,-0.09796098176714536
extended_labels_only,2024-06-13,755,751,4,0,0,751,76,0,0,76,-0.11975803642283026,-0.11975803642283026,-0.11975803642283026,76,0,0,76,-0.12397862266177344,-0.12397862266177344,-0.12397862266177344
extended_labels_only,2024-06-14,755,751,4,0,0,751,76,0,0,76,-0.07470457795236256,-0.07470457795236256,-0.07470457795236256,76,0,0,76,-0.09155371605317923,-0.09155371605317923,-0.09155371605317923
extended_labels_only,2024-06-17,754,749,5,0,0,749,75,0,0,75,-0.05165991959785276,-0.05165991959785276,-0.05165991959785276,75,0,0,75,-0.06840497368336887,-0.06840497368336887,-0.06840497368336887
extended_labels_only,2024-06-18,746,742,4,0,0,742,75,0,0,75,-0.0405347420524085,-0.0405347420524085,-0.0405347420524085,75,0,0,75,-0.06160438693467663,-0.06160438693467663,-0.06160438693467663
extended_labels_only,2024-06-19,744,740,4,0,0,740,74,0,0,74,0.021998861086264674,0.021998861086264674,0.021998861086264674,74,0,0,74,0.016125221315339208,0.016125221315339208,0.016125221315339208
extended_labels_only,2024-06-20,742,738,4,0,0,738,74,0,0,74,-0.0017994733853943354,-0.0017994733853943354,-0.0017994733853943354,74,0,0,74,0.0013406790797802764,0.0013406790797802764,0.0013406790797802764
extended_labels_only,2024-06-21,745,741,4,1,0,740,75,0,0,74,0.0003433763522469091,0.0003433763522469091,0.0005071597232857424,75,0,0,74,-0.007333932262207538,-0.007333932262207538,-0.004740395490768001
extended_labels_only,2024-06-24,746,742,4,1,0,741,75,0,0,75,0.007122825996232495,0.007122825996232495,0.007122825996232495,75,0,0,75,-0.010324714728769701,-0.010324714728769701,-0.010324714728769701
extended_labels_only,2024-06-25,745,740,5,1,0,739,74,0,0,74,0.003622242266446411,0.003622242266446411,0.003622242266446411,74,0,0,74,-0.0030557782352294604,-0.0030557782352294604,-0.0030557782352294604
extended_labels_only,2024-06-26,744,741,3,1,0,740,75,0,0,74,0.012937651533777864,0.012937651533777864,0.011723762351902324,75,0,0,74,0.016689628944138026,0.016689628944138026,0.012070558502766828
extended_labels_only,2024-06-27,745,743,2,1,1,742,75,0,0,75,0.020376847823500265,0.020376847823500265,0.020376847823500265,75,0,0,75,0.022113524675915954,0.022113524675915954,0.022113524675915954
extended_labels_only,2024-06-28,748,746,2,1,1,745,75,0,0,75,0.0370425182830783,0.0370425182830783,0.0370425182830783,75,0,0,75,0.03618344123924043,0.03618344123924043,0.03618344123924043
extended_labels_only,2024-07-01,750,748,2,1,1,747,75,0,0,75,0.006512743465452219,0.006512743465452219,0.006512743465452219,75,0,0,75,0.012764696368144151,0.012764696368144151,0.012764696368144151
extended_labels_only,2024-07-02,750,747,3,1,1,746,75,0,0,75,0.061814718420895184,0.061814718420895184,0.061814718420895184,75,0,0,75,0.051211737368298184,0.051211737368298184,0.051211737368298184
extended_labels_only,2024-07-03,753,750,3,1,1,749,75,0,0,75,0.08847863801318004,0.08847863801318004,0.08847863801318004,75,0,0,75,0.06720758259671816,0.06720758259671816,0.06720758259671816
extended_labels_only,2024-07-04,753,749,4,1,1,748,75,0,0,75,0.0593324512355064,0.0593324512355064,0.0593324512355064,75,0,0,75,0.05937962743988448,0.05937962743988448,0.05937962743988448
extended_labels_only,2024-07-05,757,751,6,1,0,750,76,0,0,75,-0.0038974901279118044,-0.0038974901279118044,-0.005798871811113068,76,0,0,75,0.007929038786956014,0.007929038786956014,0.009450564539231026
extended_labels_only,2024-07-08,759,753,6,1,1,752,76,0,0,76,0.04553205535872064,0.04553205535872064,0.04553205535872064,76,0,0,76,0.04952149000773685,0.04952149000773685,0.04952149000773685
extended_labels_only,2024-07-09,762,755,7,1,1,754,76,0,0,76,0.05146252699040181,0.05146252699040181,0.05146252699040181,76,0,0,76,0.0544800187283214,0.0544800187283214,0.0544800187283214
extended_labels_only,2024-07-10,765,757,8,1,1,756,76,0,0,76,0.025883093912689385,0.025883093912689385,0.025883093912689385,76,0,0,76,0.036769056754805955,0.036769056754805955,0.036769056754805955
extended_labels_only,2024-07-11,768,759,9,1,1,758,76,0,0,76,0.007956594014352683,0.007956594014352683,0.007956594014352683,76,0,0,76,0.022279083166515903,0.022279083166515903,0.022279083166515903
extended_labels_only,2024-07-12,769,760,9,1,1,759,76,0,0,76,0.006194476511133298,0.006194476511133298,0.006194476511133298,76,0,0,76,0.026980870590791264,0.026980870590791264,0.026980870590791264
extended_labels_only,2024-07-15,770,761,9,1,1,760,77,0,0,76,-0.013129865281185243,-0.013129865281185243,-0.012465126863508673,77,0,0,76,0.004277720688689289,0.004277720688689289,0.00500694269676285
extended_labels_only,2024-07-16,765,755,10,2,1,753,76,0,0,76,-0.010186204224044699,-0.010186204224044699,-0.010186204224044699,76,0,0,76,0.005708377417298437,0.005708377417298437,0.005708377417298437
extended_labels_only,2024-07-17,767,758,9,2,1,756,76,0,0,76,-0.043341152893579246,-0.043341152893579246,-0.043341152893579246,76,0,0,76,-0.023330558748999152,-0.023330558748999152,-0.023330558748999152
extended_labels_only,2024-07-18,768,759,9,2,0,757,76,0,0,76,-0.03611371791629345,-0.03611371791629345,-0.03611371791629345,76,0,0,76,-0.024707554861105558,-0.024707554861105558,-0.024707554861105558
extended_labels_only,2024-07-19,769,760,9,1,0,759,76,0,0,76,-0.04049058543164545,-0.04049058543164545,-0.04049058543164545,76,0,0,76,-0.0250167420791815,-0.0250167420791815,-0.0250167420791815
extended_labels_only,2024-07-22,770,760,10,2,0,758,76,0,0,76,-0.030735764338898287,-0.030735764338898287,-0.030735764338898287,76,0,0,76,-0.01694467031615718,-0.01694467031615718,-0.01694467031615718
extended_labels_only,2024-07-23,770,760,10,4,0,756,76,0,0,76,-0.03201903640728945,-0.03201903640728945,-0.03201903640728945,76,0,0,76,-0.017887045339799644,-0.017887045339799644,-0.017887045339799644
extended_labels_only,2024-07-26,769,760,9,4,2,756,76,0,0,76,-0.02390589788521738,-0.02390589788521738,-0.02390589788521738,76,0,0,76,-0.012863643768570965,-0.012863643768570965,-0.012863643768570965
extended_labels_only,2024-07-29,771,763,8,4,3,759,77,0,0,76,0.0029737514856866677,0.0029737514856866677,0.0006724429455772288,77,0,0,76,0.003152247826514155,0.003152247826514155,0.0017683658226786165
extended_labels_only,2024-07-30,771,764,7,5,3,759,77,0,0,76,0.0015917640479030327,0.0015917640479030327,0.00251966425801824,77,0,0,76,0.00170200815608383,0.00170200815608383,0.0024156718559585565
extended_labels_only,2024-07-31,767,760,7,5,4,755,76,0,0,76,0.019794700135533895,0.019794700135533895,0.019794700135533895,76,0,0,76,0.022390922558106152,0.022390922558106152,0.022390922558106152
extended_labels_only,2024-08-01,770,764,6,5,4,759,77,0,0,76,-0.004028877361903502,-0.004028877361903502,-0.002503199525703757,77,0,0,76,0.002304681286486979,0.002304681286486979,0.002910214130513983
extended_labels_only,2024-08-02,771,765,6,5,4,760,77,0,0,76,-0.005618802333217709,-0.005618802333217709,-0.005677284261955221,77,0,0,76,-0.013984586428662293,-0.013984586428662293,-0.01427261799865668
extended_labels_only,2024-08-05,772,766,6,5,4,761,77,0,0,77,0.04913942094757646,0.04913942094757646,0.04913942094757646,77,0,0,77,0.04055758230716809,0.04055758230716809,0.04055758230716809
extended_labels_only,2024-08-06,769,764,5,5,4,759,77,0,0,76,0.1146327771736256,0.1146327771736256,0.11363258096503402,77,0,0,76,0.10903551827996805,0.10903551827996805,0.10930620394021458
extended_labels_only,2024-08-07,768,763,5,5,4,758,77,0,0,76,0.053183647399650896,0.053183647399650896,0.053969754536004895,77,0,0,76,0.05759592453335975,0.05759592453335975,0.05792727873950535
extended_labels_only,2024-08-08,763,758,5,5,4,753,76,0,0,76,0.03946954789836388,0.03946954789836388,0.03946954789836388,76,0,0,76,0.035500396746586275,0.035500396746586275,0.035500396746586275
extended_labels_only,2024-08-09,760,755,5,5,4,750,76,0,0,75,0.037995533283040436,0.037995533283040436,0.03828083738015276,76,0,0,75,0.043819212433933066,0.043819212433933066,0.043816817817928344
extended_labels_only,2024-08-12,755,752,3,6,5,746,76,1,0,75,,0.06688881689781824,0.06248565077420249,76,1,0,75,,0.06551464858349516,0.06109316021568844
extended_labels_only,2024-08-13,752,749,3,6,5,743,75,1,0,74,,0.01503959806300987,0.009646117602733146,75,1,0,74,,0.020712597854381443,0.014879357135241899
extended_labels_only,2024-08-14,752,750,2,6,4,744,75,1,0,74,,0.027760609785786688,0.024797563284446704,75,1,0,74,,0.026844870681035953,0.024011084655735707
extended_labels_only,2024-08-15,750,748,2,5,4,743,75,1,0,74,,0.011644811129700963,0.006290953398792803,75,1,0,74,,0.012891893537859732,0.007036429801131914
extended_labels_only,2024-08-16,751,749,2,5,4,744,75,1,0,74,,0.024928511308133228,0.020490694729673697,75,1,0,74,,0.013016847818094188,0.009348488941140317
extended_labels_only,2024-08-19,750,748,2,5,4,743,75,1,0,74,,0.015376760065958048,0.011839861816968195,75,1,0,74,,0.007868849284567027,0.0038035629676478246
extended_labels_only,2024-08-20,750,748,2,5,4,743,75,1,0,74,,-0.020220138209884927,-0.02271929269733085,75,1,0,74,,-0.021803960428467318,-0.025896530309629854
extended_labels_only,2024-08-21,740,738,2,4,1,734,74,0,0,74,-0.024461883967081925,-0.024461883967081925,-0.024461883967081925,74,0,0,74,-0.028492323805701866,-0.028492323805701866,-0.028492323805701866
extended_labels_only,2024-08-22,734,732,2,2,1,730,74,0,0,73,-0.04667817846598702,-0.04667817846598702,-0.045034839446247976,74,0,0,73,-0.051942718306175445,-0.051942718306175445,-0.0518483005477645
extended_labels_only,2024-08-23,733,731,2,2,1,729,74,0,0,73,-0.06658019843586513,-0.06658019843586513,-0.06494527560144887,74,0,0,73,-0.0627856386724075,-0.0627856386724075,-0.06193081554667755
extended_labels_only,2024-08-26,735,733,2,2,0,731,74,0,0,74,-0.08290216825545123,-0.08290216825545123,-0.08290216825545123,74,0,0,74,-0.07472390345540965,-0.07472390345540965,-0.07472390345540965
extended_labels_only,2024-08-27,733,730,3,1,0,729,73,0,0,73,-0.10018213359239296,-0.10018213359239296,-0.10018213359239296,73,0,0,73,-0.1008950095299125,-0.1008950095299125,-0.1008950095299125
extended_labels_only,2024-08-28,735,732,3,1,0,731,74,0,0,74,-0.11579988659356086,-0.11579988659356086,-0.11579988659356086,74,0,0,74,-0.11256154037189207,-0.11256154037189207,-0.11256154037189207
extended_labels_only,2024-08-29,734,731,3,1,0,730,74,0,0,73,-0.10266844178278679,-0.10266844178278679,-0.103360013960973,74,0,0,73,-0.10170693381135201,-0.10170693381135201,-0.1015818453787181
extended_labels_only,2024-08-30,733,730,3,1,1,729,73,0,0,73,-0.07867895714210774,-0.07867895714210774,-0.07867895714210774,73,0,0,73,-0.07386992166239563,-0.07386992166239563,-0.07386992166239563
extended_labels_only,2024-09-02,718,715,3,1,1,714,72,0,0,72,-0.06779409020705865,-0.06779409020705865,-0.06779409020705865,72,0,0,72,-0.07340909910108559,-0.07340909910108559,-0.07340909910108559
extended_labels_only,2024-09-03,708,706,2,1,1,705,71,0,0,71,-0.09287388907495588,-0.09287388907495588,-0.09287388907495588,71,0,0,71,-0.09059843585533871,-0.09059843585533871,-0.09059843585533871
extended_labels_only,2024-09-04,708,705,3,1,1,704,71,0,0,71,-0.10738967677994096,-0.10738967677994096,-0.10738967677994096,71,0,0,71,-0.1179762496912692,-0.1179762496912692,-0.1179762496912692
extended_labels_only,2024-09-05,710,707,3,1,1,706,71,0,0,71,-0.08773933654743274,-0.08773933654743274,-0.08773933654743274,71,0,0,71,-0.09128430477028303,-0.09128430477028303,-0.09128430477028303
extended_labels_only,2024-09-06,709,707,2,3,1,704,71,0,0,71,-0.11901865840692093,-0.11901865840692093,-0.11901865840692093,71,0,0,71,-0.11927475622141502,-0.11927475622141502,-0.11927475622141502
extended_labels_only,2024-09-09,706,704,2,3,1,701,71,1,0,70,,-0.1652112069679917,-0.1642155065943439,71,1,0,70,,-0.16806975820554623,-0.16789325977938366
extended_labels_only,2024-09-10,706,704,2,3,1,701,71,0,0,71,-0.1340592977731577,-0.1340592977731577,-0.1340592977731577,71,0,0,71,-0.13783726369719082,-0.13783726369719082,-0.13783726369719082
extended_labels_only,2024-09-11,698,696,2,3,1,693,70,0,0,70,-0.15706610942878715,-0.15706610942878715,-0.15706610942878715,70,0,0,70,-0.16082973790292407,-0.16082973790292407,-0.16082973790292407
extended_labels_only,2024-09-12,693,691,2,3,1,688,70,0,0,69,-0.13054310233248514,-0.13054310233248514,-0.13115968554103574,70,0,0,69,-0.13140248285650147,-0.13140248285650147,-0.13134259418054517
extended_labels_only,2024-09-13,690,689,1,3,1,686,69,0,0,69,-0.12259236763558674,-0.12259236763558674,-0.12259236763558674,69,0,0,69,-0.1355173281270207,-0.1355173281270207,-0.1355173281270207
extended_labels_only,2024-09-16,692,691,1,3,1,688,70,0,0,69,-0.16274065095047716,-0.16274065095047716,-0.16953389231879432,70,0,0,69,-0.1716112384871162,-0.1716112384871162,-0.17178807920750075
extended_labels_only,2024-09-18,686,685,1,3,2,682,69,0,0,69,-0.14104167193271636,-0.14104167193271636,-0.14104167193271636,69,0,0,69,-0.15379163474672755,-0.15379163474672755,-0.15379163474672755
extended_labels_only,2024-09-19,682,681,1,2,2,679,69,0,0,68,-0.1305485942456915,-0.1305485942456915,-0.13057406391002646,69,0,0,68,-0.13401468162659658,-0.13401468162659658,-0.1347090537009725
extended_labels_only,2024-09-20,686,685,1,2,2,683,69,0,0,69,-0.12692000206644202,-0.12692000206644202,-0.12692000206644202,69,0,0,69,-0.12211574086033948,-0.12211574086033948,-0.12211574086033948
extended_labels_only,2024-09-23,690,689,1,2,2,687,69,0,0,69,-0.10534208574321431,-0.10534208574321431,-0.10534208574321431,69,0,0,69,-0.12332361034225399,-0.12332361034225399,-0.12332361034225399
extended_labels_only,2024-09-24,691,690,1,2,2,688,69,0,0,69,-0.08286655023194163,-0.08286655023194163,-0.08286655023194163,69,0,0,69,-0.0826523213431525,-0.0826523213431525,-0.0826523213431525
extended_labels_only,2024-09-25,689,688,1,3,2,685,69,0,0,69,-0.08652466232185992,-0.08652466232185992,-0.08652466232185992,69,0,0,69,-0.08581068158369838,-0.08581068158369838,-0.08581068158369838
extended_labels_only,2024-09-26,687,687,0,3,3,684,69,0,0,69,-0.06487702801016751,-0.06487702801016751,-0.06487702801016751,69,0,0,69,-0.06253432130953497,-0.06253432130953497,-0.06253432130953497
extended_labels_only,2024-09-27,694,694,0,3,3,691,70,0,0,70,-0.07061746672312662,-0.07061746672312662,-0.07061746672312662,70,0,0,70,-0.08317307579422024,-0.08317307579422024,-0.08317307579422024
extended_labels_only,2024-09-30,697,697,0,7,3,690,70,1,1,69,,,-0.08790585033546486,70,1,1,69,,,-0.08773934292957443
extended_labels_only,2024-10-01,699,698,1,7,4,691,70,2,1,68,,,-0.09678156337114231,70,1,0,69,,-0.10230937227347607,-0.10393522332497766
extended_labels_only,2024-10-04,701,701,0,7,4,694,71,0,0,70,-0.07081672000423138,-0.07081672000423138,-0.07028138074231399,71,0,0,70,-0.08203531273059349,-0.08203531273059349,-0.08153765647517228
extended_labels_only,2024-10-07,693,693,0,7,4,686,70,0,0,69,-0.07430832182784498,-0.07430832182784498,-0.07373043415257728,70,0,0,69,-0.0831739327468612,-0.0831739327468612,-0.0826312300683459
extended_labels_only,2024-10-08,690,690,0,7,2,683,69,0,0,69,-0.06525697004059806,-0.06525697004059806,-0.06525697004059806,69,0,0,69,-0.07507431798292988,-0.07507431798292988,-0.07507431798292988
extended_labels_only,2024-10-09,692,691,1,5,2,686,70,0,0,69,-0.08550126676700717,-0.08550126676700717,-0.08365269804114481,70,0,0,69,-0.09815435924766633,-0.09815435924766633,-0.09923871821956262
extended_labels_only,2024-10-11,697,696,1,5,5,691,70,0,0,70,-0.04104927876784111,-0.04104927876784111,-0.04104927876784111,70,0,0,70,-0.04676630577643233,-0.04676630577643233,-0.04676630577643233
extended_labels_only,2024-10-14,694,693,1,6,6,687,70,0,0,69,-0.036128786308126,-0.036128786308126,-0.0364877663581157,70,0,0,69,-0.03538612784682047,-0.03538612784682047,-0.034121261241794446
extended_labels_only,2024-10-15,698,697,1,6,6,691,70,0,0,70,-0.022592382719298927,-0.022592382719298927,-0.022592382719298927,70,0,0,70,-0.02595108202375143,-0.02595108202375143,-0.02595108202375143
extended_labels_only,2024-10-16,697,696,1,6,5,690,70,0,0,69,-0.02556037469019035,-0.02556037469019035,-0.023666580579267318,70,0,0,69,-0.03036585851409948,-0.03036585851409948,-0.030367818301337994
extended_labels_only,2024-10-17,697,696,1,5,5,691,70,0,0,70,-0.0104745386302816,-0.0104745386302816,-0.0104745386302816,70,0,0,70,-0.011565617175645415,-0.011565617175645415,-0.011565617175645415
extended_labels_only,2024-10-18,692,691,1,5,5,686,70,0,0,69,-0.021413070306306504,-0.021413070306306504,-0.021160879855003565,70,0,0,69,-0.01367335736262956,-0.01367335736262956,-0.012834851334369353
extended_labels_only,2024-10-21,690,689,1,5,5,684,69,0,0,69,-0.029990089336016847,-0.029990089336016847,-0.029990089336016847,69,0,0,69,-0.025191673274608768,-0.025191673274608768,-0.025191673274608768
extended_labels_only,2024-10-22,693,692,1,5,5,687,70,0,0,69,-0.05140806295127576,-0.05140806295127576,-0.051562915239134706,70,0,0,69,-0.04481747130827045,-0.04481747130827045,-0.04287834740874712
extended_labels_only,2024-10-23,691,690,1,5,5,685,69,0,0,69,-0.03858040104315696,-0.03858040104315696,-0.03858040104315696,69,0,0,69,-0.02916469293030501,-0.02916469293030501,-0.02916469293030501
extended_labels_only,2024-10-24,689,688,1,5,5,683,69,0,0,69,-0.06501694241442746,-0.06501694241442746,-0.06501694241442746,69,0,0,69,-0.06414851226910057,-0.06414851226910057,-0.06414851226910057
extended_labels_only,2024-10-25,694,694,0,5,4,689,70,0,0,69,-0.02611755850886965,-0.02611755850886965,-0.02591144298932644,70,0,0,69,-0.028959309060306047,-0.028959309060306047,-0.029903236256636566
extended_labels_only,2024-10-28,696,696,0,4,4,692,70,0,0,70,-0.03655098807499212,-0.03655098807499212,-0.03655098807499212,70,0,0,70,-0.0293104505599787,-0.0293104505599787,-0.0293104505599787
extended_labels_only,2024-10-29,698,698,0,4,4,694,70,1,0,69,,-0.040956851166585574,-0.039656404818329286,70,1,0,69,,-0.04249527336158947,-0.03812475845381914
extended_labels_only,2024-10-30,691,690,1,5,0,685,69,1,1,68,,,-0.058724117967217146,69,1,1,68,,,-0.05211825090912636
extended_labels_only,2024-11-01,684,683,1,0,0,683,69,0,0,69,-0.03666638712467458,-0.03666638712467458,-0.03666638712467458,69,0,0,69,-0.044254745877445,-0.044254745877445,-0.044254745877445
extended_labels_only,2024-11-04,681,680,1,0,0,680,68,0,0,68,-0.05570985015512826,-0.05570985015512826,-0.05570985015512826,68,0,0,68,-0.05442280786434992,-0.05442280786434992,-0.05442280786434992
extended_labels_only,2024-11-05,681,680,1,0,0,680,68,0,0,68,-0.05884992001769812,-0.05884992001769812,-0.05884992001769812,68,0,0,68,-0.062104265572702405,-0.062104265572702405,-0.062104265572702405
extended_labels_only,2024-11-06,675,674,1,1,0,673,68,0,0,68,-0.038843056057536164,-0.038843056057536164,-0.038843056057536164,68,0,0,68,-0.04085127749168347,-0.04085127749168347,-0.04085127749168347
extended_labels_only,2024-11-07,674,673,1,1,1,672,68,0,0,68,-0.04566424689779562,-0.04566424689779562,-0.04566424689779562,68,0,0,68,-0.041839048690333516,-0.041839048690333516,-0.041839048690333516
extended_labels_only,2024-11-08,675,674,1,1,1,673,68,0,0,68,-0.01346342047455194,-0.01346342047455194,-0.01346342047455194,68,0,0,68,-0.01486299449971172,-0.01486299449971172,-0.01486299449971172
extended_labels_only,2024-11-11,672,671,1,1,1,670,68,0,0,67,-0.02819202477594458,-0.02819202477594458,-0.028536060689348847,68,0,0,67,-0.02663488811423835,-0.02663488811423835,-0.026975291960433884
extended_labels_only,2024-11-12,680,679,1,1,1,678,68,0,0,68,-0.003461343735556515,-0.003461343735556515,-0.003461343735556515,68,0,0,68,-0.0026745997202246314,-0.0026745997202246314,-0.0026745997202246314
extended_labels_only,2024-11-13,683,682,1,1,1,681,69,0,0,69,-0.013149068452047299,-0.013149068452047299,-0.013149068452047299,69,0,0,69,-0.02603494443627075,-0.02603494443627075,-0.02603494443627075
extended_labels_only,2024-11-14,678,677,1,1,1,676,68,0,0,68,-0.02926614665823774,-0.02926614665823774,-0.02926614665823774,68,0,0,68,-0.03966218069266296,-0.03966218069266296,-0.03966218069266296
extended_labels_only,2024-11-15,682,681,1,1,1,680,69,0,0,68,-0.057072957366634015,-0.057072957366634015,-0.062426275452300777,69,0,0,68,-0.05751825881472262,-0.05751825881472262,-0.05578162603099269
extended_labels_only,2024-11-18,682,681,1,1,1,680,69,0,0,68,-0.07099665044769725,-0.07099665044769725,-0.07042472280398006,69,0,0,68,-0.07123290753842108,-0.07123290753842108,-0.07023783270166646
extended_labels_only,2024-11-19,678,677,1,1,1,676,68,0,0,68,-0.07875600194599561,-0.07875600194599561,-0.07875600194599561,68,0,0,68,-0.08808481003093555,-0.08808481003093555,-0.08808481003093555
extended_labels_only,2024-11-20,677,676,1,0,0,676,68,0,0,68,-0.08561352350604107,-0.08561352350604107,-0.08561352350604107,68,0,0,68,-0.07944695283747157,-0.07944695283747157,-0.07944695283747157
extended_labels_only,2024-11-21,671,670,1,0,0,670,67,0,0,67,-0.08233467550413646,-0.08233467550413646,-0.08233467550413646,67,0,0,67,-0.08829842683430682,-0.08829842683430682,-0.08829842683430682
extended_labels_only,2024-11-22,673,671,2,0,0,671,68,0,0,68,-0.08219655714994915,-0.08219655714994915,-0.08219655714994915,68,0,0,68,-0.07629484485963696,-0.07629484485963696,-0.07629484485963696
extended_labels_only,2024-11-25,680,678,2,0,0,678,68,0,0,68,-0.11886993869595057,-0.11886993869595057,-0.11886993869595057,68,0,0,68,-0.1150391869767126,-0.1150391869767126,-0.1150391869767126
extended_labels_only,2024-11-26,677,675,2,0,0,675,68,0,0,68,-0.11742890350883173,-0.11742890350883173,-0.11742890350883173,68,0,0,68,-0.11836000304591711,-0.11836000304591711,-0.11836000304591711
extended_labels_only,2024-11-27,673,671,2,0,0,671,68,0,0,68,-0.08665037835620135,-0.08665037835620135,-0.08665037835620135,68,0,0,68,-0.09236767900721261,-0.09236767900721261,-0.09236767900721261
extended_labels_only,2024-11-28,670,669,1,1,0,668,67,0,0,67,-0.08785899557022636,-0.08785899557022636,-0.08785899557022636,67,0,0,67,-0.09210547824265222,-0.09210547824265222,-0.09210547824265222
extended_labels_only,2024-11-29,666,665,1,1,1,664,67,0,0,67,-0.1027974421771358,-0.1027974421771358,-0.1027974421771358,67,0,0,67,-0.10204478430771158,-0.10204478430771158,-0.10204478430771158
extended_labels_only,2024-12-02,667,666,1,1,1,665,67,0,0,67,-0.05773161042230356,-0.05773161042230356,-0.05773161042230356,67,0,0,67,-0.06745641635276807,-0.06745641635276807,-0.06745641635276807
extended_labels_only,2024-12-03,664,663,1,1,1,662,67,0,0,67,-0.03130078508663582,-0.03130078508663582,-0.03130078508663582,67,0,0,67,-0.05056989545656483,-0.05056989545656483,-0.05056989545656483
extended_labels_only,2024-12-04,665,664,1,1,1,663,67,0,0,67,-0.04837004072487059,-0.04837004072487059,-0.04837004072487059,67,0,0,67,-0.04673651210740929,-0.04673651210740929,-0.04673651210740929
extended_labels_only,2024-12-05,660,658,2,1,1,657,66,0,0,66,-0.0541948070825206,-0.0541948070825206,-0.0541948070825206,66,0,0,66,-0.06542006830712666,-0.06542006830712666,-0.06542006830712666
extended_labels_only,2024-12-06,660,658,2,1,1,657,66,0,0,66,-0.06261363549321865,-0.06261363549321865,-0.06261363549321865,66,0,0,66,-0.06879914519896163,-0.06879914519896163,-0.06879914519896163
extended_labels_only,2024-12-09,653,652,1,1,1,651,66,0,0,66,-0.08027314638833993,-0.08027314638833993,-0.08027314638833993,66,0,0,66,-0.08788434337816813,-0.08788434337816813,-0.08788434337816813
extended_labels_only,2024-12-10,647,645,2,1,1,644,65,0,0,65,-0.06854125490222722,-0.06854125490222722,-0.06854125490222722,65,0,0,65,-0.06556597757377665,-0.06556597757377665,-0.06556597757377665
extended_labels_only,2024-12-11,645,643,2,1,1,642,65,0,0,65,-0.0812032316407026,-0.0812032316407026,-0.0812032316407026,65,0,0,65,-0.08771109103795428,-0.08771109103795428,-0.08771109103795428
extended_labels_only,2024-12-12,645,643,2,1,1,642,65,0,0,65,-0.0832335131443996,-0.0832335131443996,-0.0832335131443996,65,0,0,65,-0.08954716816071498,-0.08954716816071498,-0.08954716816071498
extended_labels_only,2024-12-13,641,639,2,1,1,638,64,0,0,64,-0.06319145195781012,-0.06319145195781012,-0.06319145195781012,64,0,0,64,-0.0714435412368797,-0.0714435412368797,-0.0714435412368797
extended_labels_only,2024-12-16,643,642,1,1,1,641,65,0,0,65,-0.03332898458896697,-0.03332898458896697,-0.03332898458896697,65,0,0,65,-0.04841208352530934,-0.04841208352530934,-0.04841208352530934
extended_labels_only,2024-12-17,641,640,1,1,1,639,64,0,0,64,-0.03673449537600768,-0.03673449537600768,-0.03673449537600768,64,0,0,64,-0.039467012309791605,-0.039467012309791605,-0.039467012309791605
extended_labels_only,2024-12-18,646,645,1,1,1,644,65,0,0,65,-0.05020094466141367,-0.05020094466141367,-0.05020094466141367,65,0,0,65,-0.05825391785803505,-0.05825391785803505,-0.05825391785803505
extended_labels_only,2024-12-19,644,643,1,1,1,642,65,0,0,65,-0.0646251232664659,-0.0646251232664659,-0.0646251232664659,65,0,0,65,-0.06391885624512093,-0.06391885624512093,-0.06391885624512093
extended_labels_only,2024-12-20,644,643,1,1,1,642,65,0,0,65,-0.04820965003693204,-0.04820965003693204,-0.04820965003693204,65,0,0,65,-0.05820667221671148,-0.05820667221671148,-0.05820667221671148
extended_labels_only,2024-12-23,639,638,1,1,1,637,64,0,0,64,-0.051221719241927505,-0.051221719241927505,-0.051221719241927505,64,0,0,64,-0.050754064118929715,-0.050754064118929715,-0.050754064118929715
extended_labels_only,2024-12-24,639,638,1,1,1,637,64,0,0,64,-0.054519680600898686,-0.054519680600898686,-0.054519680600898686,64,0,0,64,-0.05861699036940432,-0.05861699036940432,-0.05861699036940432
extended_labels_only,2024-12-25,639,638,1,1,0,637,64,0,0,64,-0.018735351706152568,-0.018735351706152568,-0.018735351706152568,64,0,0,64,-0.02665199689783145,-0.02665199689783145,-0.02665199689783145
extended_labels_only,2024-12-26,635,634,1,0,0,634,64,0,0,64,-0.04570342114569739,-0.04570342114569739,-0.04570342114569739,64,0,0,64,-0.04684065651568719,-0.04684065651568719,-0.04684065651568719
extended_labels_only,2024-12-27,637,636,1,0,0,636,64,0,0,64,-0.03649059910216869,-0.03649059910216869,-0.03649059910216869,64,0,0,64,-0.03575332120676303,-0.03575332120676303,-0.03575332120676303
extended_labels_only,2024-12-30,642,641,1,0,0,641,65,0,0,65,-0.033931081638749645,-0.033931081638749645,-0.033931081638749645,65,0,0,65,-0.038252754083899936,-0.038252754083899936,-0.038252754083899936
extended_labels_only,2024-12-31,643,642,1,0,0,642,65,0,0,65,-0.03957861133947229,-0.03957861133947229,-0.03957861133947229,65,0,0,65,-0.042377264952443545,-0.042377264952443545,-0.042377264952443545
