date,pool,top_count,pool_net_relative,price_ridge_top_net_relative,price_ridge_rank_ic,price_flow_ridge_top_net_relative,price_flow_ridge_rank_ic,vol20_rank_top_net_relative,vol20_rank_rank_ic
2023-09-01,612,62,0.003991922200985953,0.018892101252767145,0.11497702832527917,0.01702474410374688,0.12532007334544135,0.01858784280316973,0.006069231671892426
2023-09-04,608,61,0.008306698996295356,0.01673989673765665,0.0751351974949054,0.010338836789280489,0.09431092347813334,0.008995018287130339,-0.007566983277517705
2023-09-05,610,61,0.005959050959676886,0.019494948376495392,0.13501173260318344,0.011103253101201365,0.1384488940578609,-0.004805676846128191,-0.07025210881941227
2023-09-06,607,61,-0.005274104603397139,0.006087854788987645,0.06871559793502606,-0.00021821192994917325,0.07628395833179118,-0.013554921177235005,-0.03745886078292583
2023-09-07,607,61,-0.013401975984052171,-0.004630110914615593,0.07435360010807081,-0.00265359387576037,0.08293665574563872,-0.021638194771404815,-0.04824383915659439
2023-09-08,602,61,-0.03913284653997459,-0.018185294591901626,0.19236630312979064,-0.023080538271933293,0.17742519766592368,-0.05846904599239529,-0.16841105843393456
2023-09-11,597,60,-0.028262179693582506,-0.02499445492623054,0.06346540133941726,-0.032224849855206725,0.05755857859128548,-0.022152357220562798,-0.015540111814587438
2023-09-12,596,60,-0.021814001198928366,-0.015596777032694641,0.048642618847263154,-0.018834901851797644,0.0366921263179906,0.006636874726932315,-0.03229333023511897
2023-09-13,595,60,-0.028305187420190548,-0.004975232325700531,0.18779833932548184,-0.011391886471813452,0.15791782466815915,0.0018908869600413047,-0.1177131786936998
2023-09-14,593,60,-0.039048104822337774,-0.006010380479415652,0.2026174917650798,-0.013939224959813045,0.1731052826881119,-0.0056668270899472685,-0.1558112501099418
2023-09-15,595,60,-0.03251893724958193,-0.002287663566062688,0.23549139810489994,-0.006600578160779064,0.20567288131441314,-0.00908580244796146,-0.2155504056412071
2023-09-18,597,60,-0.04307286118673497,-0.006421194308447653,0.24353226952320556,-0.012174570219385842,0.20628851910833176,-0.012463530991428516,-0.1769857557515395
2023-09-19,594,60,-0.054260062831346594,-0.015865168880283286,0.23840381134532782,-0.01885143774597573,0.21108411413263808,-0.014911676184198395,-0.12302539505554363
2023-09-20,594,60,-0.04109484243084234,-0.01012227950935019,0.21667098832466652,-0.014290620083884514,0.18811331966960596,-0.002274875106218266,-0.10040436547814913
2023-09-21,595,60,-0.028319041003116854,-0.006767870684551191,0.12541858551220547,-0.008478164672585628,0.09655484756086709,0.01659369141558566,0.0004005711335987995
2023-09-22,598,60,-0.033071058846525586,-0.016967116924305213,0.15902936081517383,-0.01947671245547841,0.12584990557879236,-0.00038663914112058715,-0.056856732347830716
2023-09-25,596,60,-0.03404494744796195,-0.004161469583170831,0.22799612511752357,-0.007147885148405472,0.2136343126562919,-0.0005652485150216879,-0.13513792939559904
2023-09-26,593,60,-0.032927752542780714,-0.00357849360290519,0.24548780546404086,-0.005741242425059193,0.2370233576095864,-0.004469731613745054,-0.14520116953925588
2023-09-27,586,59,-0.025655283679768947,-0.0009925998673856443,0.23305285642211676,-0.008932610655273137,0.22576958660882593,0.0017911626988307734,-0.13059480503937937
2023-09-28,583,59,-0.036473705789152766,0.005533132643880616,0.36412276060511256,-0.0018107993160081984,0.3517343757030655,-0.036932567380334756,-0.25817181453492627
2023-10-02,582,59,-0.03975413295539351,0.01811700623447547,0.4038357714604153,0.009150703845189146,0.41483344576035613,-0.040753229424696225,-0.30961888890835176
2023-10-03,584,59,-0.04993668244582272,-0.021330513861355246,0.29005620056513737,-0.019433405218513427,0.29615970361023897,-0.045813532143686664,-0.2075153078975422
2023-10-04,583,59,-0.05509166441175888,-0.01226572501808668,0.34599849196571514,-0.017459422487638945,0.35334251363800084,-0.08018938523650157,-0.309487493010776
2023-10-05,580,58,-0.045411185468489344,-0.006044454873138546,0.3262103255106662,-0.01316867024278541,0.3330690535369882,-0.07730056868024902,-0.2979210706892817
2023-10-06,575,58,-0.03458027199648713,-0.002686708673023332,0.30389131565832245,-0.0009190952201105218,0.29971524187401194,-0.0580801200918805,-0.26630175966164665
2023-10-11,583,59,-0.01965925080139937,-0.011558063818282237,0.1641149896772547,-0.013447791893865852,0.1425040137981006,-0.007449394290325385,-0.08865914368160988
2023-10-12,578,58,-0.027418366083640677,-0.011684109536751001,0.17399097481966921,-0.00640533995646391,0.1697361581119895,-0.02830471881169443,-0.13636523798540243
2023-10-13,578,58,-0.030298857447388364,-0.017014154077130063,0.17657604202625352,-0.007696037780383328,0.17423852670756432,-0.036125916624151676,-0.13186660660864497
2023-10-16,578,58,-0.03900808581680602,-0.027915377060938815,0.13895537564417862,-0.02025653450604495,0.135710308608579,-0.0469817206139407,-0.073173454297077
2023-10-17,579,58,-0.028331704344129786,-0.022730456982962204,0.07661285019053678,-0.019268714279257245,0.08493911089563257,-0.02353663818222476,0.0009837512880148255
2023-10-18,586,59,-0.026419443466189223,-0.033215096453035366,-0.00036406217353023983,-0.024049749103927855,0.03447811903596149,0.006257284547515536,0.0733351516564295
2023-10-19,582,59,-0.01785571051966887,-0.0190129836072595,-0.006770213665171236,-0.015286649546907826,0.014578133326548302,0.025967342757616644,0.051736316943260315
2023-10-20,582,59,-0.0026585701603356873,-0.016253111245571307,-0.08178518824217658,-0.01257458702679544,-0.042946944999184306,0.038368356503801035,0.09894558306115799
2023-10-23,583,59,-0.01233566926996248,-0.024668766409290267,-0.028987564049579095,-0.03146303442183698,-0.01104509770442082,0.020478296991655185,0.054615056363690184
2023-10-24,580,58,-0.029507110372534638,-0.029251328133173795,0.03660718735096683,-0.030412326810183687,0.06726398812346267,-0.01855833848559709,-0.04923154729532479
2023-10-25,582,59,-0.027190737964239223,-0.03600807481398552,-0.04724887169831967,-0.04056597672790045,-0.03206187241445695,0.008347887788922937,0.04344114979949644
2023-10-26,581,59,-0.024003041641139904,-0.03968603269839151,0.01762012272777244,-0.03972562262274721,0.03481074827180464,0.0127235060833606,0.010720083279439685
2023-10-27,584,59,-0.022375500341898842,-0.03426177519737903,0.009105672639573664,-0.036175291782934875,0.03190865408222398,-0.003844438639109528,0.011638507157939088
2023-10-30,583,59,-0.02824079290429721,-0.030750609565413676,0.1027270754709156,-0.02970045116224031,0.1260994819138577,-0.016547850219006892,-0.11432443900949892
2023-10-31,581,59,-0.008153679814944272,-0.03012464327408396,-0.0592806153150607,-0.022913017110781298,-0.034243337183633794,0.03498733435171475,0.09925447714255242
2023-11-01,580,58,-0.0003853085389215751,-0.018991687847230997,-0.08291544125120358,-0.02219524135348081,-0.0619682056676381,0.04125935145554421,0.10376091957077188
2023-11-02,582,59,0.005664380920273247,-0.011990296786205794,-0.06088078448556199,-0.017880583500093517,-0.04543471727445203,0.0352183530430738,0.06085914468838625
2023-11-03,580,58,0.013914498383349724,-0.0008757649661430345,-0.094956357231075,-0.005098496213730941,-0.0738300834969357,0.05366690871385457,0.13345769308358688
2023-11-06,585,59,0.014691504174982708,-0.0121682248745073,-0.08928747501636008,-0.006435165271854015,-0.07268224161540396,0.024218259490615346,0.0995106217761816
2023-11-07,588,59,0.013811823861996942,-0.0005806875712628428,-0.015054241369001083,0.0011974163833865193,-0.004843931185164428,0.016935142631387564,0.015166628741831141
2023-11-08,582,59,0.01656827995448803,-0.011566040408087534,-0.08138650247764319,0.0021570779953786774,-0.05930430933679851,0.03280264027438406,0.082370946421961
2023-11-09,580,58,0.025179557502879795,-0.001756780781166327,-0.16078567789331957,0.009533625150238097,-0.12080156789191968,0.05504766884394069,0.16402161374387733
2023-11-10,583,59,0.036498343791227024,0.006820174737456189,-0.14883897001635363,0.018062780404910744,-0.09528688837951098,0.06473104342248019,0.1613063443073054
2023-11-13,582,59,0.033615813533929256,0.010021217444393474,-0.12945707795035233,0.0241559775843208,-0.08614238462170591,0.043364885511848014,0.12971167278990517
2023-11-14,580,58,0.03212344804045515,0.014775135255903231,-0.010217117200063575,0.02672942330367033,0.025542762248495412,0.022548843956289557,-0.008804693294286167
2023-11-15,580,58,0.026578079144625833,0.02704085350005461,-0.032408871316160576,0.03153293699015962,0.00723488938285765,0.015706624746060813,0.057147932050908
2023-11-16,583,59,0.01267054445490482,0.013826702614820625,0.004501817277621012,0.023759282364544568,0.04845736545039257,-0.010559110612046903,0.013912376436658868
2023-11-17,585,59,0.002834274047495154,0.014497438384759833,0.095929900188592,0.019877967615995768,0.11761632205740745,-0.035510384182071295,-0.1163749392622877
2023-11-20,587,59,-0.008396443066034478,0.0050019279922684425,0.19391474211237783,1.9385596982534792e-05,0.22014869591507374,-0.05286918592807186,-0.21064216856703977
2023-11-21,592,60,-0.01344354435655413,0.005649626619225665,0.18357890599254775,0.003628733391760421,0.2053588556790717,-0.05790935457881328,-0.18384299687277855
2023-11-22,592,60,-0.016772234491795688,-0.009121534901997979,0.21573776244368623,0.00014274137642698395,0.23642681420046932,-0.059220258452155186,-0.22938280179681877
2023-11-23,596,60,-0.01293087125645833,-0.013309760917307968,0.16047257217891142,-0.000701403129476924,0.1886262039359654,-0.04469987070204059,-0.19004988113256438
2023-11-24,599,60,-0.01812004446482912,-0.018251396423350184,0.11217254043741623,-0.002943256754700198,0.14198330503842022,-0.03214067892847109,-0.13601576967256343
2023-11-27,604,61,-0.023103751419042407,-0.029112437728133687,-0.0007694015830525865,-0.02116806062958414,0.037733734390139655,-0.029280410397884232,-0.041311168562756045
2023-11-28,610,61,-0.02608025315615285,-0.03630737849432394,0.028995366368129993,-0.024639363416886155,0.04597745054199594,-0.038256083799465206,-0.10394042756150015
2023-11-29,613,62,-0.03739378026197723,-0.039522269368963296,0.05056515711386921,-0.03531283795075724,0.06421349983641346,-0.0539285413737174,-0.11383994641551268
2023-11-30,614,62,-0.041271108792493204,-0.03839435429966007,0.07960677803831095,-0.035800193626311407,0.08426717380102605,-0.05990458966921296,-0.14978177188927894
2023-12-01,620,62,-0.04005482482237196,-0.031619758209624996,0.1325751750588841,-0.02167102771196353,0.14649387400355243,-0.06546294755383579,-0.17543088704898488
2023-12-04,620,62,-0.042103367724518254,-0.039936334080815594,0.10094878146029376,-0.03622796736297952,0.11221945956459493,-0.05787781780596615,-0.14383083094456278
2023-12-05,622,63,-0.03445756441240366,-0.036804006742788255,0.14171529715482664,-0.031154861612600317,0.15830332808319378,-0.045163912660816874,-0.17761784951057016
2023-12-06,625,63,-0.03611883760940822,-0.02928135929893044,0.16162297117329608,-0.025279303583289545,0.1862965336965804,-0.05169097776274996,-0.2111419075200372
2023-12-07,627,63,-0.025892917415407286,-0.016553131847912014,0.17471560015259482,-0.016114878468798034,0.17739322958131049,-0.028185673170189825,-0.19824145746465924
2023-12-08,628,63,-0.033412363845400736,-0.024710559292439906,0.2270380186158223,-0.01711931290749075,0.23590226721683094,-0.04652892126033977,-0.2156343028748475
2023-12-11,632,64,-0.03783875102353763,-0.02573876023345434,0.2445790686040316,-0.017130466636887522,0.26195858337093264,-0.043723387842156056,-0.21216672516493817
2023-12-12,636,64,-0.038071739570889974,-0.021826971393139168,0.24550387852728595,-0.01702956369588391,0.26834772137763496,-0.035174355115880324,-0.22674222950569478
2023-12-13,635,64,-0.034975804231231075,-0.01944091531827573,0.233867234777889,-0.015298968433007576,0.2456882253942693,-0.03332435302632287,-0.22717944879116334
2023-12-14,638,64,-0.03292491603222708,-0.01808201720668774,0.2035880196336938,-0.015397171882645732,0.21275628515696604,-0.02514093840196573,-0.18173685934523107
2023-12-15,639,64,-0.022235708763224536,-0.016210393210471293,0.11168535878013047,-0.009665976271426152,0.11834491573808642,0.004942769231570105,-0.058661443722813955
2023-12-18,644,65,-0.018956147320605587,-0.013041370083635973,0.04526598949681662,-0.006688559656388115,0.0822910488488845,0.013997252960057369,-0.040091315087959246
2023-12-19,644,65,-0.02065379803863616,-0.011256645632170936,0.11362107559350366,-0.0076300155355331235,0.12916005801565278,0.005900785001489488,-0.09993762984982822
2023-12-20,644,65,-0.034815226775387016,-0.0299827146141835,0.14880711075778041,-0.018992431036236775,0.14928119961376754,-0.01284712648523829,-0.11997292050464084
2023-12-21,643,65,-0.06665116735962806,-0.05592607889586859,0.1928727868164746,-0.052226831413367904,0.21928296793183835,-0.05642953319029496,-0.1644128103116406
2023-12-22,642,65,-0.0603031409713215,-0.0546000683759807,0.07168548400427487,-0.04670120041688216,0.09477144271868328,-0.05285774664529077,-0.10044350253514414
2023-12-25,642,65,-0.05004957416558597,-0.04040066140693789,0.0241094955206741,-0.04931179575860304,0.018520582573980544,-0.02757644178080374,-0.005040155112464552
2023-12-26,643,65,-0.04916234650050046,-0.05033149189674388,0.038975653946923726,-0.041107102921429425,0.04957542614524743,-0.036950304209080416,-0.05314364349838897
2023-12-27,643,65,-0.05836421721517324,-0.0497259132826287,0.10483433012517981,-0.050299635893796026,0.11107580256613714,-0.054496577937280355,-0.08585122254058554
2023-12-28,641,65,-0.06119453430387332,-0.05567510401881456,0.14299403072218153,-0.047443601857104764,0.16951759841233582,-0.06044655137755437,-0.1266904440262839
2023-12-29,641,65,-0.0617670232587125,-0.05294553438281035,0.10999287856704971,-0.05109338551088396,0.14183042241535146,-0.05552665101921967,-0.06778829615502556
