month,days,base_rate,logistic,hist_gradient_boosting,mom60_skip5,mom20
2025-01,15,0.04940252057351598,0.1343470187220187,0.12391381766381766,0.11142933455433456,0.12082188644688645
2025-02,19,0.026333108068355753,0.06391698873659825,0.05981906169193945,0.032278657957775105,0.06721375387016304
2025-03,21,0.007562042388749394,0.0566729631698903,0.051750098501634936,0.040387887402812774,0.04607469401148066
2025-04,20,0.08363996906002095,0.21802107961257863,0.16859437276088035,0.11026721084008177,0.05447631239114996
2025-05,20,0.036992453534201844,0.09134430633596088,0.08505723980687624,0.055954205285577575,0.09719096778126392
2025-06,21,0.030659546159795374,0.0742062674006135,0.0700331789836939,0.0574732456119759,0.08571145452447607
2025-07,23,0.0904674763948529,0.262689351131749,0.20743829690863755,0.26202955614075213,0.2709343365783656
2025-08,21,0.09212577155979784,0.2124346029197351,0.18037577754319348,0.2277494594436192,0.21966157194094293
2025-09,21,0.05451816825462265,0.14430635502064074,0.12348374178731322,0.09072093581022152,0.12133245392173964
2025-10,20,0.05689592633917201,0.20353302611367127,0.18196364567332307,0.15089605734767025,0.19635176651305683
2025-11,20,0.05143971920788489,0.16814318870506073,0.14286031158453155,0.14034839213316208,0.12251729159846558
2025-12,2,0.06413649104416388,0.3,0.23333333333333334,0.20833333333333334,0.16666666666666669
