method,slippage_per_side,entry_date,observed,mean_gross,mean_diagnostic_net
logistic,0.0,2026-01-02,59,0.11153506218984932,0.10504183492489126
logistic,0.0,2026-02-02,69,0.06896535855449804,0.06272080968908741
logistic,0.0,2026-03-02,68,0.0626102047575057,0.05640306316483255
logistic,0.0,2026-04-01,67,0.2874993316964122,0.27997884721913274
logistic,0.0,2026-05-04,69,0.1557741976286534,0.14902378391736681
logistic,0.0,2026-06-01,72,0.0633873868332494,0.05718997623063518
logistic,0.0,2026-07-01,74,-0.31863298134204243,-0.32260151350175875
logistic,0.0,2026-08-03,72,0.2742330961749912,0.2667922027490059
logistic,0.0,2026-09-01,64,0.08963992190886808,0.0832747314696107
logistic,0.005,2026-01-02,59,0.11153506218984932,0.09404639378136011
logistic,0.005,2026-02-02,69,0.06896535855449804,0.052146473274270716
logistic,0.005,2026-03-02,68,0.0626102047575057,0.04589190754944152
logistic,0.005,2026-04-01,67,0.2874993316964122,0.2672434914236398
logistic,0.005,2026-05-04,69,0.1557741976286534,0.1375921103581605
logistic,0.005,2026-06-01,72,0.0633873868332494,0.0466870358722975
logistic,0.005,2026-07-01,74,-0.31863298134204243,-0.32932853789317823
logistic,0.005,2026-08-03,72,0.2742330961749912,0.25419041168392054
logistic,0.005,2026-09-01,64,0.08963992190886808,0.0724960274138314
logistic,0.01,2026-01-02,59,0.11153506218984932,0.0831598183917251
logistic,0.01,2026-02-02,69,0.06896535855449804,0.04167683325960048
logistic,0.01,2026-03-02,68,0.0626102047575057,0.03548482278172737
logistic,0.01,2026-04-01,67,0.2874993316964122,0.25463422825978516
logistic,0.01,2026-05-04,69,0.1557741976286534,0.1262736216856787
logistic,0.01,2026-06-01,72,0.0633873868332494,0.03628808502245798
logistic,0.01,2026-07-01,74,-0.31863298134204243,-0.3359889580827026
logistic,0.01,2026-08-03,72,0.2742330961749912,0.2417133908274002
logistic,0.01,2026-09-01,64,0.08963992190886808,0.06182404320018828
mom60_skip5,0.0,2026-01-02,59,0.12794156506096727,0.12135249632830462
mom60_skip5,0.0,2026-02-02,69,0.08580745289843685,0.07946451798123798
mom60_skip5,0.0,2026-03-02,68,0.040667880089954034,0.034589874056186486
mom60_skip5,0.0,2026-04-01,67,0.3360816649040933,0.3282779390018187
mom60_skip5,0.0,2026-05-04,69,0.10900149218622676,0.10252328794409336
mom60_skip5,0.0,2026-06-01,72,0.052177357208803114,0.04604151051051023
mom60_skip5,0.0,2026-07-01,74,-0.31770374550117875,-0.3216759157384623
mom60_skip5,0.0,2026-08-03,72,0.1746963397469348,0.1678497988916771
mom60_skip5,0.0,2026-09-01,65,0.05751634037767328,0.051338672962530446
mom60_skip5,0.005,2026-01-02,59,0.12794156506096727,0.11019476004643106
mom60_skip5,0.005,2026-02-02,69,0.08580745289843685,0.06872357750381283
mom60_skip5,0.005,2026-03-02,68,0.040667880089954034,0.02429683951860478
mom60_skip5,0.005,2026-04-01,67,0.3360816649040933,0.315062625754954
mom60_skip5,0.005,2026-05-04,69,0.10900149218622676,0.09155315738830448
mom60_skip5,0.005,2026-06-01,72,0.052177357208803114,0.03564509118460891
mom60_skip5,0.005,2026-07-01,74,-0.31770374550117875,-0.3284101372779525
mom60_skip5,0.005,2026-08-03,72,0.1746963397469348,0.1562470031351525
mom60_skip5,0.005,2026-09-01,65,0.05751634037767328,0.04087759163952031
mom60_skip5,0.01,2026-01-02,59,0.12794156506096727,0.09914749640101148
mom60_skip5,0.01,2026-02-02,69,0.08580745289843685,0.058088982971708454
mom60_skip5,0.01,2026-03-02,68,0.040667880089954034,0.01410571621406815
mom60_skip5,0.01,2026-04-01,67,0.3360816649040933,0.3019781571937015
mom60_skip5,0.01,2026-05-04,69,0.10900149218622676,0.08069164198653309
mom60_skip5,0.01,2026-06-01,72,0.052177357208803114,0.02535160670351824
mom60_skip5,0.01,2026-07-01,74,-0.31770374550117875,-0.3350776833566558
mom60_skip5,0.01,2026-08-03,72,0.1746963397469348,0.1447590865445338
mom60_skip5,0.01,2026-09-01,65,0.05751634037767328,0.030520085379113993
