fill_date,method,side,proposed_names,observed_quote,valid_open,one_price_session,one_price_up_near_10pct,one_price_down_near_10pct,one_price_up_buy_positive,zero_or_missing_volume,median_full_day_turnover_twd
2026-01-02,logistic,buy,59,59,59,0,0,0,0,0,468658217.0
2026-01-02,mom60_skip5,buy,59,59,59,0,0,0,0,0,1617378497.0
2026-02-02,logistic,buy,43,43,43,0,0,0,0,0,307778702.0
2026-02-02,logistic,sell,33,33,33,0,0,0,0,0,117591040.0
2026-02-02,mom60_skip5,buy,34,34,34,0,0,0,0,0,245251681.5
2026-02-02,mom60_skip5,sell,24,24,24,0,0,0,0,0,763736175.0
2026-03-02,logistic,buy,28,28,28,1,1,0,1,0,880760883.0
2026-03-02,logistic,sell,29,29,29,1,1,0,0,0,183376376.0
2026-03-02,mom60_skip5,buy,24,24,24,0,0,0,0,0,1436266864.5
2026-03-02,mom60_skip5,sell,25,25,25,0,0,0,0,0,224179934.0
2026-04-01,logistic,buy,31,31,31,0,0,0,0,0,136309599.0
2026-04-01,logistic,sell,32,32,32,0,0,0,0,0,127324003.5
2026-04-01,mom60_skip5,buy,30,30,30,0,0,0,0,0,426601595.0
2026-04-01,mom60_skip5,sell,31,31,31,0,0,0,0,0,319438329.0
2026-05-04,logistic,buy,34,34,34,1,1,0,1,0,1056150758.0
2026-05-04,logistic,sell,32,32,32,0,0,0,0,0,445175137.0
2026-05-04,mom60_skip5,buy,30,30,30,0,0,0,0,0,1764878295.5
2026-05-04,mom60_skip5,sell,28,28,28,0,0,0,0,0,719931095.0
2026-06-01,logistic,buy,37,37,37,2,2,0,1,0,1375139931.0
2026-06-01,logistic,sell,34,34,34,0,0,0,0,0,639433916.0
2026-06-01,mom60_skip5,buy,31,31,31,1,1,0,1,0,918848112.0
2026-06-01,mom60_skip5,sell,28,28,28,0,0,0,0,0,1543016269.0
2026-07-01,logistic,buy,33,33,33,2,2,0,2,0,673712618.0
2026-07-01,logistic,sell,30,30,30,0,0,0,0,0,679046060.0
2026-07-01,mom60_skip5,buy,31,31,31,0,0,0,0,0,878768467.0
2026-07-01,mom60_skip5,sell,28,28,28,0,0,0,0,0,487293179.5
2026-08-03,logistic,buy,22,22,22,0,0,0,0,0,418931767.0
2026-08-03,logistic,sell,25,25,25,0,0,0,0,0,251806027.0
2026-08-03,mom60_skip5,buy,39,39,39,0,0,0,0,0,260083744.0
2026-08-03,mom60_skip5,sell,42,42,42,0,0,0,0,0,510326767.0
2026-09-01,logistic,buy,26,26,26,1,0,1,0,0,1476905542.0
2026-09-01,logistic,sell,33,33,33,0,0,0,0,0,311439826.0
2026-09-01,mom60_skip5,buy,39,39,39,0,0,0,0,0,213987255.0
2026-09-01,mom60_skip5,sell,46,46,46,1,0,1,0,0,301017925.5
