month,evaluable_days,prevalence_mean_by_day,logistic_top_decile_precision_mean,hgb_top_decile_precision_mean
2025-01,15,0.04940252057351598,0.1343470187220187,0.12391381766381766
2025-02,19,0.026333108068355753,0.06391698873659825,0.05981906169193945
2025-03,21,0.007562042388749394,0.0566729631698903,0.051750098501634936
2025-04,20,0.08363996906002095,0.21802107961257863,0.16859437276088038
2025-05,20,0.036992453534201844,0.09134430633596088,0.08505723980687624
2025-06,21,0.030659546159795374,0.0742062674006135,0.0700331789836939
2025-07,23,0.0904674763948529,0.262689351131749,0.20743829690863755
2025-08,21,0.09212577155979784,0.2124346029197351,0.18037577754319348
2025-09,21,0.05451816825462265,0.14430635502064074,0.12348374178731322
2025-10,20,0.05689592633917201,0.20353302611367127,0.18196364567332307
2025-11,20,0.05143971920788489,0.16814318870506073,0.14286031158453155
2025-12,2,0.06413649104416388,0.3,0.23333333333333334
