date,fill_date,method,symbol,surge_adjusted,surge_next_open,new_since_previous_month,label_window_end,entry_open_next_adj
2026-01-30,2026-02-02,logistic,2408,False,False,True,2026-03-11,319.662103117
2026-01-30,2026-02-02,logistic,2337,False,True,True,2026-03-11,93.4329938512
2026-01-30,2026-02-02,logistic,6426,True,True,True,2026-03-11,129.179914801
2026-01-30,2026-02-02,logistic,8110,False,False,True,2026-03-11,79.0291966244
2026-01-30,2026-02-02,logistic,6770,False,False,True,2026-03-11,66.8824304539
2026-01-30,2026-02-02,logistic,3006,False,False,True,2026-03-11,204.640803595
2026-01-30,2026-02-02,logistic,3481,True,True,True,2026-03-11,21.1994033556
2026-01-30,2026-02-02,logistic,3135,False,False,True,2026-03-11,116.629096584
2026-01-30,2026-02-02,logistic,2344,False,False,True,2026-03-11,128.324245791
2026-01-30,2026-02-02,logistic,6443,True,True,True,2026-03-11,42.2121977989
2026-01-30,2026-02-02,logistic,6155,False,False,True,2026-03-11,61.6847369549
2026-01-30,2026-02-02,logistic,6282,False,False,True,2026-03-11,53.5416621345
2026-01-30,2026-02-02,logistic,6442,True,True,True,2026-03-11,1872.4560085
2026-01-30,2026-02-02,logistic,4764,False,True,True,2026-03-11,114.215053763
2026-01-30,2026-02-02,logistic,1809,False,False,True,2026-03-11,25.3493357509
2026-01-30,2026-02-02,logistic,1721,False,False,True,2026-03-11,17.569112628
2026-01-30,2026-02-02,logistic,6152,True,True,True,2026-03-11,12.9
2026-01-30,2026-02-02,logistic,8104,False,False,True,2026-03-11,44.0428057663
2026-01-30,2026-02-02,logistic,2457,False,False,True,2026-03-11,29.5756936557
2026-01-30,2026-02-02,logistic,3189,True,True,True,2026-03-11,277.720397049
2026-01-30,2026-02-02,logistic,8476,False,False,True,2026-03-11,41.3968149849
2026-01-30,2026-02-02,logistic,2367,True,True,True,2026-03-11,55.2523693686
2026-01-30,2026-02-02,logistic,6133,False,False,True,2026-03-11,25.6232026144
2026-01-30,2026-02-02,logistic,2485,True,True,True,2026-03-11,40.1
2026-01-30,2026-02-02,logistic,2312,False,False,True,2026-03-11,27.4883615695
2026-01-30,2026-02-02,logistic,3701,True,True,True,2026-03-11,57.9167204718
2026-01-30,2026-02-02,logistic,2451,False,False,True,2026-03-11,299.589374719
2026-01-30,2026-02-02,logistic,3550,True,True,True,2026-03-11,18.1529066539
2026-01-30,2026-02-02,logistic,8131,False,False,True,2026-03-11,89.0062015072
2026-01-30,2026-02-02,logistic,3576,True,True,True,2026-03-11,11.0091891892
2026-01-30,2026-02-02,logistic,2028,False,False,True,2026-03-11,21.3932623515
2026-01-30,2026-02-02,logistic,2431,False,False,True,2026-03-11,15.7854978355
2026-01-30,2026-02-02,logistic,2303,False,False,True,2026-03-11,75.1304293721
2026-01-30,2026-02-02,logistic,2233,False,False,True,2026-03-11,319.837119138
2026-01-30,2026-02-02,logistic,6949,False,False,True,2026-03-11,594.570681681
2026-01-30,2026-02-02,logistic,6285,False,False,True,2026-03-11,219.339131435
2026-01-30,2026-02-02,logistic,3535,True,True,True,2026-03-11,107.375438287
2026-01-30,2026-02-02,logistic,3532,False,False,True,2026-03-11,153.739893314
2026-01-30,2026-02-02,logistic,2369,False,False,True,2026-03-11,27.8590360395
2026-01-30,2026-02-02,logistic,1717,False,False,True,2026-03-11,66.6269074124
2026-01-30,2026-02-02,logistic,6657,False,False,True,2026-03-11,52.1696687972
2026-01-30,2026-02-02,logistic,3645,True,True,True,2026-03-11,65.0605524506
2026-01-30,2026-02-02,logistic,3037,True,True,True,2026-03-11,409.463312708
2026-01-30,2026-02-02,logistic,9955,False,False,True,2026-03-11,33.0
2026-01-30,2026-02-02,logistic,2481,False,False,True,2026-03-11,98.1241923827
2026-01-30,2026-02-02,logistic,2419,False,False,True,2026-03-11,31.1359187482
2026-01-30,2026-02-02,logistic,3016,False,False,True,2026-03-11,65.057697875
2026-01-30,2026-02-02,logistic,2484,False,False,True,2026-03-11,31.4044581847
2026-01-30,2026-02-02,logistic,8150,False,False,True,2026-03-11,68.3274871593
2026-01-30,2026-02-02,logistic,4958,False,False,True,2026-03-11,222.149771857
2026-01-30,2026-02-02,logistic,6706,False,False,True,2026-03-11,119.580254199
2026-01-30,2026-02-02,logistic,3060,False,False,True,2026-03-11,35.2219913803
2026-01-30,2026-02-02,logistic,3092,True,True,True,2026-03-11,26.8079661463
2026-01-30,2026-02-02,logistic,2413,True,True,True,2026-03-11,39.9436841879
2026-01-30,2026-02-02,logistic,1802,True,True,True,2026-03-11,46.45
2026-01-30,2026-02-02,logistic,6415,False,False,True,2026-03-11,283.679311363
2026-01-30,2026-02-02,logistic,1503,False,False,True,2026-03-11,235.483480473
2026-01-30,2026-02-02,logistic,4967,False,False,True,2026-03-11,258.281215406
2026-01-30,2026-02-02,logistic,1514,False,False,True,2026-03-11,134.861802735
2026-01-30,2026-02-02,logistic,4934,True,True,True,2026-03-11,15.5
2026-01-30,2026-02-02,logistic,2025,False,False,True,2026-03-11,8.20216500878
2026-01-30,2026-02-02,logistic,1528,False,False,True,2026-03-11,27.8978792545
2026-01-30,2026-02-02,logistic,2444,False,False,True,2026-03-11,12.4
2026-01-30,2026-02-02,logistic,1526,False,False,True,2026-03-11,20.9621306533
2026-01-30,2026-02-02,logistic,8046,True,True,True,2026-03-11,421.859438243
2026-01-30,2026-02-02,logistic,1471,False,False,True,2026-03-11,12.2
2026-01-30,2026-02-02,logistic,2406,True,True,True,2026-03-11,27.65
2026-01-30,2026-02-02,logistic,3543,True,True,True,2026-03-11,51.5932409352
2026-01-30,2026-02-02,logistic,2313,True,True,True,2026-03-11,195.291239211
2026-01-30,2026-02-02,mom60_skip5,8110,False,False,True,2026-03-11,79.0291966244
2026-01-30,2026-02-02,mom60_skip5,6443,True,True,True,2026-03-11,42.2121977989
2026-01-30,2026-02-02,mom60_skip5,3135,False,False,True,2026-03-11,116.629096584
2026-01-30,2026-02-02,mom60_skip5,2485,True,True,True,2026-03-11,40.1
2026-01-30,2026-02-02,mom60_skip5,2413,True,True,True,2026-03-11,39.9436841879
2026-01-30,2026-02-02,mom60_skip5,8438,True,True,True,2026-03-11,64.2271904977
2026-01-30,2026-02-02,mom60_skip5,6155,False,False,True,2026-03-11,61.6847369549
2026-01-30,2026-02-02,mom60_skip5,2337,False,True,True,2026-03-11,93.4329938512
2026-01-30,2026-02-02,mom60_skip5,8131,False,False,True,2026-03-11,89.0062015072
2026-01-30,2026-02-02,mom60_skip5,3037,True,True,True,2026-03-11,409.463312708
2026-01-30,2026-02-02,mom60_skip5,1528,False,False,True,2026-03-11,27.8978792545
2026-01-30,2026-02-02,mom60_skip5,2313,True,True,True,2026-03-11,195.291239211
2026-01-30,2026-02-02,mom60_skip5,8150,False,False,True,2026-03-11,68.3274871593
2026-01-30,2026-02-02,mom60_skip5,2408,False,False,True,2026-03-11,319.662103117
2026-01-30,2026-02-02,mom60_skip5,6770,False,False,True,2026-03-11,66.8824304539
2026-01-30,2026-02-02,mom60_skip5,3138,True,True,True,2026-03-11,198.88253241
2026-01-30,2026-02-02,mom60_skip5,8021,True,True,True,2026-03-11,222.010744949
2026-01-30,2026-02-02,mom60_skip5,3092,True,True,True,2026-03-11,26.8079661463
2026-01-30,2026-02-02,mom60_skip5,1303,False,False,True,2026-03-11,80.6847027317
2026-01-30,2026-02-02,mom60_skip5,2451,False,False,True,2026-03-11,299.589374719
2026-01-30,2026-02-02,mom60_skip5,2344,False,False,True,2026-03-11,128.324245791
2026-01-30,2026-02-02,mom60_skip5,4927,True,True,True,2026-03-11,35.3165352157
2026-01-30,2026-02-02,mom60_skip5,3481,True,True,True,2026-03-11,21.1994033556
2026-01-30,2026-02-02,mom60_skip5,6431,False,False,True,2026-03-11,27.6
2026-01-30,2026-02-02,mom60_skip5,2367,True,True,True,2026-03-11,55.2523693686
2026-01-30,2026-02-02,mom60_skip5,1802,True,True,True,2026-03-11,46.45
2026-01-30,2026-02-02,mom60_skip5,3443,False,False,True,2026-03-11,2668.02907933
2026-01-30,2026-02-02,mom60_skip5,4764,False,True,True,2026-03-11,114.215053763
2026-01-30,2026-02-02,mom60_skip5,6152,True,True,True,2026-03-11,12.9
2026-01-30,2026-02-02,mom60_skip5,1717,False,False,True,2026-03-11,66.6269074124
2026-01-30,2026-02-02,mom60_skip5,6515,True,True,True,2026-03-11,4176.89081826
2026-01-30,2026-02-02,mom60_skip5,3189,True,True,True,2026-03-11,277.720397049
2026-01-30,2026-02-02,mom60_skip5,3025,False,False,True,2026-03-11,62.5025726458
2026-01-30,2026-02-02,mom60_skip5,3006,False,False,True,2026-03-11,204.640803595
2026-01-30,2026-02-02,mom60_skip5,1721,False,False,True,2026-03-11,17.569112628
2026-01-30,2026-02-02,mom60_skip5,3532,False,False,True,2026-03-11,153.739893314
2026-01-30,2026-02-02,mom60_skip5,2406,True,True,True,2026-03-11,27.65
2026-01-30,2026-02-02,mom60_skip5,3308,False,False,True,2026-03-11,18.6629631408
2026-01-30,2026-02-02,mom60_skip5,6706,False,False,True,2026-03-11,119.580254199
2026-01-30,2026-02-02,mom60_skip5,5521,True,True,True,2026-03-11,21.15
2026-01-30,2026-02-02,mom60_skip5,2349,False,False,True,2026-03-11,13.5
2026-01-30,2026-02-02,mom60_skip5,6442,True,True,True,2026-03-11,1872.4560085
2026-01-30,2026-02-02,mom60_skip5,3715,False,False,True,2026-03-11,153.255917689
2026-01-30,2026-02-02,mom60_skip5,4967,False,False,True,2026-03-11,258.281215406
2026-01-30,2026-02-02,mom60_skip5,3701,True,True,True,2026-03-11,57.9167204718
2026-01-30,2026-02-02,mom60_skip5,3576,True,True,True,2026-03-11,11.0091891892
2026-01-30,2026-02-02,mom60_skip5,6133,False,False,True,2026-03-11,25.6232026144
2026-01-30,2026-02-02,mom60_skip5,2495,False,False,True,2026-03-11,37.9851419448
2026-01-30,2026-02-02,mom60_skip5,5292,False,False,True,2026-03-11,245.942634571
2026-01-30,2026-02-02,mom60_skip5,6209,False,False,True,2026-03-11,68.4090435606
2026-01-30,2026-02-02,mom60_skip5,1789,False,False,True,2026-03-11,26.1035117276
2026-01-30,2026-02-02,mom60_skip5,3060,False,False,True,2026-03-11,35.2219913803
2026-01-30,2026-02-02,mom60_skip5,6282,False,False,True,2026-03-11,53.5416621345
2026-01-30,2026-02-02,mom60_skip5,2486,False,False,True,2026-03-11,129.514079463
2026-01-30,2026-02-02,mom60_skip5,2460,True,True,True,2026-03-11,22.55
2026-01-30,2026-02-02,mom60_skip5,2491,False,False,True,2026-03-11,17.9
2026-01-30,2026-02-02,mom60_skip5,8039,True,True,True,2026-03-11,101.476819592
2026-01-30,2026-02-02,mom60_skip5,2484,False,False,True,2026-03-11,31.4044581847
2026-01-30,2026-02-02,mom60_skip5,6239,False,False,True,2026-03-11,294.221186549
2026-01-30,2026-02-02,mom60_skip5,1809,False,False,True,2026-03-11,25.3493357509
2026-01-30,2026-02-02,mom60_skip5,8046,True,True,True,2026-03-11,421.859438243
2026-01-30,2026-02-02,mom60_skip5,3051,False,False,True,2026-03-11,27.7137562394
2026-01-30,2026-02-02,mom60_skip5,1560,True,True,True,2026-03-11,422.869172791
2026-01-30,2026-02-02,mom60_skip5,1419,False,False,True,2026-03-11,79.1733983117
2026-01-30,2026-02-02,mom60_skip5,2331,False,False,True,2026-03-11,28.6118849267
2026-01-30,2026-02-02,mom60_skip5,2368,False,False,True,2026-03-11,757.619428498
2026-01-30,2026-02-02,mom60_skip5,2305,False,False,True,2026-03-11,13.35
2026-01-30,2026-02-02,mom60_skip5,3653,False,False,True,2026-03-11,2854.84804508
2026-01-30,2026-02-02,mom60_skip5,2303,False,False,True,2026-03-11,75.1304293721
2026-02-26,2026-03-02,logistic,3576,False,True,False,2026-03-27,21.6162162162
2026-02-26,2026-03-02,logistic,2485,True,True,False,2026-03-27,42.45
2026-02-26,2026-03-02,logistic,2413,False,False,False,2026-03-27,55.1089182103
2026-02-26,2026-03-02,logistic,2337,True,True,False,2026-03-27,113.300929325
2026-02-26,2026-03-02,logistic,6706,False,False,False,2026-03-27,136.663147656
2026-02-26,2026-03-02,logistic,3138,False,False,True,2026-03-27,211.483904987
2026-02-26,2026-03-02,logistic,4764,False,True,False,2026-03-27,131.397849462
2026-02-26,2026-03-02,logistic,6426,False,False,False,2026-03-27,189.568899363
2026-02-26,2026-03-02,logistic,2344,False,False,False,2026-03-27,121.459162683
2026-02-26,2026-03-02,logistic,2367,False,True,False,2026-03-27,64.1979910759
2026-02-26,2026-03-02,logistic,2408,False,False,False,2026-03-27,276.353043985
2026-02-26,2026-03-02,logistic,3135,False,True,False,2026-03-27,120.721345587
2026-02-26,2026-03-02,logistic,8438,False,False,True,2026-03-27,75.8545267085
2026-02-26,2026-03-02,logistic,6443,False,False,False,2026-03-27,46.3506485635
2026-02-26,2026-03-02,logistic,3308,False,False,True,2026-03-27,21.5720581148
2026-02-26,2026-03-02,logistic,6451,True,True,True,2026-03-27,204.885014174
2026-02-26,2026-03-02,logistic,6770,False,False,False,2026-03-27,72.0272327965
2026-02-26,2026-03-02,logistic,3006,True,True,False,2026-03-27,156.366562747
2026-02-26,2026-03-02,logistic,3028,False,False,True,2026-03-27,65.4999175172
2026-02-26,2026-03-02,logistic,4977,False,False,True,2026-03-27,180.811662645
2026-02-26,2026-03-02,logistic,3037,False,False,False,2026-03-27,506.096654507
2026-02-26,2026-03-02,logistic,8046,False,False,False,2026-03-27,597.911014832
2026-02-26,2026-03-02,logistic,1528,False,False,False,2026-03-27,22.6350925087
2026-02-26,2026-03-02,logistic,3189,False,True,False,2026-03-27,340.065792305
2026-02-26,2026-03-02,logistic,8021,False,False,True,2026-03-27,280.196767162
2026-02-26,2026-03-02,logistic,4927,False,False,True,2026-03-27,49.9804531659
2026-02-26,2026-03-02,logistic,8110,False,False,False,2026-03-27,64.3019710067
2026-02-26,2026-03-02,logistic,1802,False,True,False,2026-03-27,56.5
2026-02-26,2026-03-02,logistic,6830,True,True,True,2026-03-27,305.130726994
2026-02-26,2026-03-02,logistic,6152,False,False,False,2026-03-27,17.1
2026-02-26,2026-03-02,logistic,3550,False,False,False,2026-03-27,19.0096810092
2026-02-26,2026-03-02,logistic,4967,True,True,False,2026-03-27,210.253716674
2026-02-26,2026-03-02,logistic,3481,False,True,False,2026-03-27,25.927327845
2026-02-26,2026-03-02,logistic,6285,False,False,False,2026-03-27,204.371106717
2026-02-26,2026-03-02,logistic,4956,True,True,True,2026-03-27,24.5
2026-02-26,2026-03-02,logistic,2406,False,False,False,2026-03-27,32.8
2026-02-26,2026-03-02,logistic,6715,True,True,True,2026-03-27,183.010390089
2026-02-26,2026-03-02,logistic,4934,False,False,False,2026-03-27,18.0
2026-02-26,2026-03-02,logistic,6861,True,True,True,2026-03-27,132.941490199
2026-02-26,2026-03-02,logistic,6155,False,False,False,2026-03-27,57.2461673216
2026-02-26,2026-03-02,logistic,2313,True,True,False,2026-03-27,221.254814366
2026-02-26,2026-03-02,logistic,6271,False,False,True,2026-03-27,241.781019077
2026-02-26,2026-03-02,logistic,6230,False,False,True,2026-03-27,154.038126697
2026-02-26,2026-03-02,logistic,3701,False,True,False,2026-03-27,58.9546545304
2026-02-26,2026-03-02,logistic,8150,False,False,False,2026-03-27,80.4874636876
2026-02-26,2026-03-02,logistic,1326,False,False,True,2026-03-27,55.3333607073
2026-02-26,2026-03-02,logistic,3535,False,False,False,2026-03-27,133.421955495
2026-02-26,2026-03-02,logistic,1303,False,False,True,2026-03-27,95.5021347347
2026-02-26,2026-03-02,logistic,3040,True,True,True,2026-03-27,44.6184976746
2026-02-26,2026-03-02,logistic,1711,True,True,True,2026-03-27,27.3529687399
2026-02-26,2026-03-02,logistic,3092,False,False,False,2026-03-27,37.6818801253
2026-02-26,2026-03-02,logistic,4958,False,False,False,2026-03-27,225.558719762
2026-02-26,2026-03-02,logistic,2455,True,True,True,2026-03-27,234.250966245
2026-02-26,2026-03-02,logistic,6862,False,False,True,2026-03-27,223.998154982
2026-02-26,2026-03-02,logistic,3686,False,False,True,2026-03-27,19.5
2026-02-26,2026-03-02,logistic,3049,True,True,True,2026-03-27,10.3
2026-02-26,2026-03-02,logistic,3060,False,False,False,2026-03-27,33.2970080996
2026-02-26,2026-03-02,logistic,2467,True,True,True,2026-03-27,352.290387944
2026-02-26,2026-03-02,logistic,1717,False,False,False,2026-03-27,74.9971219115
2026-02-26,2026-03-02,logistic,2451,True,True,False,2026-03-27,240.147038465
2026-02-26,2026-03-02,logistic,2431,False,False,False,2026-03-27,15.382034632
2026-02-26,2026-03-02,logistic,6515,True,True,True,2026-03-27,5182.73271365
2026-02-26,2026-03-02,logistic,6202,False,False,True,2026-03-27,65.2023339217
2026-02-26,2026-03-02,logistic,2460,False,False,True,2026-03-27,29.6
2026-02-26,2026-03-02,logistic,1471,False,False,False,2026-03-27,13.35
2026-02-26,2026-03-02,logistic,6854,False,False,True,2026-03-27,149.695148318
2026-02-26,2026-03-02,logistic,4919,True,True,True,2026-03-27,77.3295923591
2026-02-26,2026-03-02,logistic,6442,False,False,False,2026-03-27,2178.27260588
2026-02-26,2026-03-02,mom60_skip5,6443,False,False,False,2026-03-27,46.3506485635
2026-02-26,2026-03-02,mom60_skip5,2337,True,True,False,2026-03-27,113.300929325
2026-02-26,2026-03-02,mom60_skip5,3135,False,True,False,2026-03-27,120.721345587
2026-02-26,2026-03-02,mom60_skip5,2313,True,True,False,2026-03-27,221.254814366
2026-02-26,2026-03-02,mom60_skip5,3037,False,False,False,2026-03-27,506.096654507
2026-02-26,2026-03-02,mom60_skip5,3576,False,True,False,2026-03-27,21.6162162162
2026-02-26,2026-03-02,mom60_skip5,2367,False,True,False,2026-03-27,64.1979910759
2026-02-26,2026-03-02,mom60_skip5,2485,True,True,False,2026-03-27,42.45
2026-02-26,2026-03-02,mom60_skip5,6426,False,False,True,2026-03-27,189.568899363
2026-02-26,2026-03-02,mom60_skip5,6515,True,True,False,2026-03-27,5182.73271365
2026-02-26,2026-03-02,mom60_skip5,3189,False,True,False,2026-03-27,340.065792305
2026-02-26,2026-03-02,mom60_skip5,8438,False,False,False,2026-03-27,75.8545267085
2026-02-26,2026-03-02,mom60_skip5,8996,False,False,True,2026-03-27,884.998760081
2026-02-26,2026-03-02,mom60_skip5,2344,False,False,False,2026-03-27,121.459162683
2026-02-26,2026-03-02,mom60_skip5,3138,False,False,False,2026-03-27,211.483904987
2026-02-26,2026-03-02,mom60_skip5,6770,False,False,False,2026-03-27,72.0272327965
2026-02-26,2026-03-02,mom60_skip5,2408,False,False,False,2026-03-27,276.353043985
2026-02-26,2026-03-02,mom60_skip5,3006,True,True,False,2026-03-27,156.366562747
2026-02-26,2026-03-02,mom60_skip5,4764,False,True,False,2026-03-27,131.397849462
2026-02-26,2026-03-02,mom60_skip5,6949,False,False,True,2026-03-27,701.755192324
2026-02-26,2026-03-02,mom60_skip5,2413,False,False,False,2026-03-27,55.1089182103
2026-02-26,2026-03-02,mom60_skip5,8110,False,False,False,2026-03-27,64.3019710067
2026-02-26,2026-03-02,mom60_skip5,6152,False,False,False,2026-03-27,17.1
2026-02-26,2026-03-02,mom60_skip5,3532,False,False,False,2026-03-27,147.656660125
2026-02-26,2026-03-02,mom60_skip5,6442,False,False,False,2026-03-27,2178.27260588
2026-02-26,2026-03-02,mom60_skip5,6285,False,False,True,2026-03-27,204.371106717
2026-02-26,2026-03-02,mom60_skip5,2460,False,False,False,2026-03-27,29.6
2026-02-26,2026-03-02,mom60_skip5,3481,False,True,False,2026-03-27,25.927327845
2026-02-26,2026-03-02,mom60_skip5,6715,True,True,True,2026-03-27,183.010390089
2026-02-26,2026-03-02,mom60_skip5,8131,False,False,False,2026-03-27,77.0919855574
2026-02-26,2026-03-02,mom60_skip5,3701,False,True,False,2026-03-27,58.9546545304
2026-02-26,2026-03-02,mom60_skip5,8021,False,False,False,2026-03-27,280.196767162
2026-02-26,2026-03-02,mom60_skip5,3711,False,False,True,2026-03-27,413.637666928
2026-02-26,2026-03-02,mom60_skip5,2454,False,False,True,2026-03-27,2397.78916021
2026-02-26,2026-03-02,mom60_skip5,8046,False,False,False,2026-03-27,597.911014832
2026-02-26,2026-03-02,mom60_skip5,3550,False,False,True,2026-03-27,19.0096810092
2026-02-26,2026-03-02,mom60_skip5,3308,False,False,False,2026-03-27,21.5720581148
2026-02-26,2026-03-02,mom60_skip5,2383,False,True,True,2026-03-27,2407.94994415
2026-02-26,2026-03-02,mom60_skip5,2486,False,False,False,2026-03-27,137.802980549
2026-02-26,2026-03-02,mom60_skip5,1721,False,False,False,2026-03-27,17.6697952218
2026-02-26,2026-03-02,mom60_skip5,4967,True,True,False,2026-03-27,210.253716674
2026-02-26,2026-03-02,mom60_skip5,6239,False,False,False,2026-03-27,293.633918712
2026-02-26,2026-03-02,mom60_skip5,2467,True,True,True,2026-03-27,352.290387944
2026-02-26,2026-03-02,mom60_skip5,3092,False,False,False,2026-03-27,37.6818801253
2026-02-26,2026-03-02,mom60_skip5,1528,False,False,False,2026-03-27,22.6350925087
2026-02-26,2026-03-02,mom60_skip5,6446,False,False,True,2026-03-27,792.952037884
2026-02-26,2026-03-02,mom60_skip5,4927,False,False,False,2026-03-27,49.9804531659
2026-02-26,2026-03-02,mom60_skip5,2368,False,True,False,2026-03-27,844.912705466
2026-02-26,2026-03-02,mom60_skip5,6133,False,False,False,2026-03-27,24.8339869281
2026-02-26,2026-03-02,mom60_skip5,2345,False,False,True,2026-03-27,1432.5794652
2026-02-26,2026-03-02,mom60_skip5,6431,False,False,False,2026-03-27,25.3
2026-02-26,2026-03-02,mom60_skip5,3535,False,False,True,2026-03-27,133.421955495
2026-02-26,2026-03-02,mom60_skip5,6830,True,True,True,2026-03-27,305.130726994
2026-02-26,2026-03-02,mom60_skip5,6706,False,False,False,2026-03-27,136.663147656
2026-02-26,2026-03-02,mom60_skip5,6415,False,False,True,2026-03-27,277.556736298
2026-02-26,2026-03-02,mom60_skip5,2349,False,False,False,2026-03-27,13.9
2026-02-26,2026-03-02,mom60_skip5,2449,False,False,True,2026-03-27,354.036125105
2026-02-26,2026-03-02,mom60_skip5,6202,False,False,True,2026-03-27,65.2023339217
2026-02-26,2026-03-02,mom60_skip5,1717,False,False,False,2026-03-27,74.9971219115
2026-02-26,2026-03-02,mom60_skip5,3167,True,True,True,2026-03-27,310.552412767
2026-02-26,2026-03-02,mom60_skip5,4916,False,False,True,2026-03-27,66.9396854763
2026-02-26,2026-03-02,mom60_skip5,5521,False,False,False,2026-03-27,28.0
2026-02-26,2026-03-02,mom60_skip5,1471,False,False,True,2026-03-27,13.35
2026-02-26,2026-03-02,mom60_skip5,2406,False,False,False,2026-03-27,32.8
2026-02-26,2026-03-02,mom60_skip5,2455,True,True,True,2026-03-27,234.250966245
2026-02-26,2026-03-02,mom60_skip5,4977,False,False,True,2026-03-27,180.811662645
2026-02-26,2026-03-02,mom60_skip5,3533,False,True,True,2026-03-27,1854.32981296
2026-02-26,2026-03-02,mom60_skip5,4540,False,False,True,2026-03-27,51.4522162842
2026-03-31,2026-04-01,logistic,2337,True,True,False,2026-04-30,134.242807257
2026-03-31,2026-04-01,logistic,3054,False,False,True,2026-04-30,72.3
2026-03-31,2026-04-01,logistic,3049,False,False,False,2026-04-30,11.95
2026-03-31,2026-04-01,logistic,8271,True,True,True,2026-04-30,161.053368573
2026-03-31,2026-04-01,logistic,3006,False,False,False,2026-04-30,166.336242922
2026-03-31,2026-04-01,logistic,6426,True,True,False,2026-04-30,150.184778996
2026-03-31,2026-04-01,logistic,3576,False,False,False,2026-04-30,22.8227027027
2026-03-31,2026-04-01,logistic,1309,False,False,True,2026-04-30,23.3311910195
2026-03-31,2026-04-01,logistic,6861,True,True,False,2026-04-30,140.38621365
2026-03-31,2026-04-01,logistic,3167,True,True,True,2026-04-30,431.292580253
2026-03-31,2026-04-01,logistic,6451,True,True,False,2026-04-30,326.791597607
2026-03-31,2026-04-01,logistic,4949,True,True,True,2026-04-30,72.7829921419
2026-03-31,2026-04-01,logistic,1308,False,False,True,2026-04-30,19.3035703557
2026-03-31,2026-04-01,logistic,1305,False,False,True,2026-04-30,17.2741028472
2026-03-31,2026-04-01,logistic,6141,True,True,True,2026-04-30,20.5
2026-03-31,2026-04-01,logistic,3135,True,True,False,2026-04-30,110.49072308
2026-03-31,2026-04-01,logistic,3189,True,True,False,2026-04-30,379.740134741
2026-03-31,2026-04-01,logistic,4967,True,True,False,2026-04-30,225.729244043
2026-03-31,2026-04-01,logistic,6830,True,True,False,2026-04-30,544.491226615
2026-03-31,2026-04-01,logistic,8046,True,True,False,2026-04-30,621.163109853
2026-03-31,2026-04-01,logistic,6715,True,True,False,2026-04-30,377.112318971
2026-03-31,2026-04-01,logistic,4764,True,True,False,2026-04-30,123.817204301
2026-03-31,2026-04-01,logistic,3037,True,True,False,2026-04-30,528.480648935
2026-03-31,2026-04-01,logistic,4906,False,False,True,2026-04-30,43.6191957328
2026-03-31,2026-04-01,logistic,4956,True,True,False,2026-04-30,33.0
2026-03-31,2026-04-01,logistic,2313,False,False,False,2026-04-30,300.838816472
2026-03-31,2026-04-01,logistic,2408,False,False,False,2026-04-30,218.092047772
2026-03-31,2026-04-01,logistic,6152,False,False,False,2026-04-30,16.35
2026-03-31,2026-04-01,logistic,3715,False,False,True,2026-04-30,202.341442927
2026-03-31,2026-04-01,logistic,6226,False,False,True,2026-04-30,12.7
2026-03-31,2026-04-01,logistic,6770,False,False,False,2026-04-30,57.5007320644
2026-03-31,2026-04-01,logistic,1735,True,True,True,2026-04-30,27.8317800472
2026-03-31,2026-04-01,logistic,1304,False,False,True,2026-04-30,18.2553156109
2026-03-31,2026-04-01,logistic,2344,False,False,False,2026-04-30,103.090710755
2026-03-31,2026-04-01,logistic,3701,True,True,False,2026-04-30,60.2001754008
2026-03-31,2026-04-01,logistic,2451,True,False,False,2026-04-30,271.057053317
2026-03-31,2026-04-01,logistic,8438,True,True,False,2026-04-30,77.0726285972
2026-03-31,2026-04-01,logistic,8021,True,True,False,2026-04-30,290.365198228
2026-03-31,2026-04-01,logistic,2485,False,False,False,2026-04-30,84.0
2026-03-31,2026-04-01,logistic,1802,True,True,False,2026-04-30,54.1
2026-03-31,2026-04-01,logistic,1711,True,True,False,2026-04-30,39.7766453814
2026-03-31,2026-04-01,logistic,3437,True,True,True,2026-04-30,21.5
2026-03-31,2026-04-01,logistic,2426,True,True,True,2026-04-30,34.4624017077
2026-03-31,2026-04-01,logistic,6456,True,True,True,2026-04-30,56.628650904
2026-03-31,2026-04-01,logistic,4960,True,True,True,2026-04-30,24.0586959409
2026-03-31,2026-04-01,logistic,2455,True,True,False,2026-04-30,276.649331176
2026-03-31,2026-04-01,logistic,2369,False,False,True,2026-04-30,31.1705818329
2026-03-31,2026-04-01,logistic,2360,True,True,True,2026-04-30,1655.12652532
2026-03-31,2026-04-01,logistic,5244,True,True,True,2026-04-30,43.3867849412
2026-03-31,2026-04-01,logistic,4977,True,True,False,2026-04-30,206.953107846
2026-03-31,2026-04-01,logistic,1528,False,False,False,2026-04-30,28.5621144748
2026-03-31,2026-04-01,logistic,2399,True,True,True,2026-04-30,31.5
2026-03-31,2026-04-01,logistic,2367,False,False,False,2026-04-30,82.0892344905
2026-03-31,2026-04-01,logistic,2413,False,False,False,2026-04-30,53.3610607298
2026-03-31,2026-04-01,logistic,6550,False,False,True,2026-04-30,19.3191278494
2026-03-31,2026-04-01,logistic,1725,False,False,True,2026-04-30,34.2278457915
2026-03-31,2026-04-01,logistic,2467,True,True,False,2026-04-30,492.753436514
2026-03-31,2026-04-01,logistic,6205,True,True,True,2026-04-30,58.3320109306
2026-03-31,2026-04-01,logistic,8996,True,True,True,2026-04-30,927.222041213
2026-03-31,2026-04-01,logistic,4919,True,True,False,2026-04-30,101.54939446
2026-03-31,2026-04-01,logistic,1727,True,True,True,2026-04-30,52.2793877806
2026-03-31,2026-04-01,logistic,1310,False,False,True,2026-04-30,10.7346031746
2026-03-31,2026-04-01,logistic,3563,True,False,True,2026-04-30,942.289781392
2026-03-31,2026-04-01,logistic,6442,False,False,False,2026-04-30,2178.27260588
2026-03-31,2026-04-01,logistic,1809,False,False,True,2026-04-30,27.6916768367
2026-03-31,2026-04-01,logistic,7610,True,True,True,2026-04-30,356.5
2026-03-31,2026-04-01,logistic,2616,False,False,True,2026-04-30,18.2349907679
2026-03-31,2026-04-01,mom60_skip5,2337,True,True,False,2026-04-30,134.242807257
2026-03-31,2026-04-01,mom60_skip5,6515,True,True,False,2026-04-30,8253.19744697
2026-03-31,2026-04-01,mom60_skip5,7610,True,True,True,2026-04-30,356.5
2026-03-31,2026-04-01,mom60_skip5,6715,True,True,False,2026-04-30,377.112318971
2026-03-31,2026-04-01,mom60_skip5,2485,False,False,False,2026-04-30,84.0
2026-03-31,2026-04-01,mom60_skip5,6861,True,True,True,2026-04-30,140.38621365
2026-03-31,2026-04-01,mom60_skip5,2367,False,False,False,2026-04-30,82.0892344905
2026-03-31,2026-04-01,mom60_skip5,3189,True,True,False,2026-04-30,379.740134741
2026-03-31,2026-04-01,mom60_skip5,6830,True,True,False,2026-04-30,544.491226615
2026-03-31,2026-04-01,mom60_skip5,3054,False,False,True,2026-04-30,72.3
2026-03-31,2026-04-01,mom60_skip5,3576,False,False,False,2026-04-30,22.8227027027
2026-03-31,2026-04-01,mom60_skip5,3037,True,True,False,2026-04-30,528.480648935
2026-03-31,2026-04-01,mom60_skip5,8438,True,True,False,2026-04-30,77.0726285972
2026-03-31,2026-04-01,mom60_skip5,3135,True,True,False,2026-04-30,110.49072308
2026-03-31,2026-04-01,mom60_skip5,2313,False,False,False,2026-04-30,300.838816472
2026-03-31,2026-04-01,mom60_skip5,8046,True,True,False,2026-04-30,621.163109853
2026-03-31,2026-04-01,mom60_skip5,3049,False,False,True,2026-04-30,11.95
2026-03-31,2026-04-01,mom60_skip5,2426,True,True,True,2026-04-30,34.4624017077
2026-03-31,2026-04-01,mom60_skip5,1711,True,True,True,2026-04-30,39.7766453814
2026-03-31,2026-04-01,mom60_skip5,2360,True,True,True,2026-04-30,1655.12652532
2026-03-31,2026-04-01,mom60_skip5,4919,True,True,True,2026-04-30,101.54939446
2026-03-31,2026-04-01,mom60_skip5,6141,True,True,True,2026-04-30,20.5
2026-03-31,2026-04-01,mom60_skip5,3092,True,True,False,2026-04-30,30.8991417027
2026-03-31,2026-04-01,mom60_skip5,3481,False,False,False,2026-04-30,25.4697867653
2026-03-31,2026-04-01,mom60_skip5,3006,False,False,False,2026-04-30,166.336242922
2026-03-31,2026-04-01,mom60_skip5,4960,True,True,True,2026-04-30,24.0586959409
2026-03-31,2026-04-01,mom60_skip5,1309,False,False,True,2026-04-30,23.3311910195
2026-03-31,2026-04-01,mom60_skip5,6451,True,True,True,2026-04-30,326.791597607
2026-03-31,2026-04-01,mom60_skip5,6226,False,False,True,2026-04-30,12.7
2026-03-31,2026-04-01,mom60_skip5,2243,True,True,True,2026-04-30,21.8089512358
2026-03-31,2026-04-01,mom60_skip5,2383,True,True,False,2026-04-30,2957.13151036
2026-03-31,2026-04-01,mom60_skip5,4967,True,True,False,2026-04-30,225.729244043
2026-03-31,2026-04-01,mom60_skip5,6285,True,True,False,2026-04-30,207.249573009
2026-03-31,2026-04-01,mom60_skip5,6443,False,False,False,2026-04-30,44.2814231812
2026-03-31,2026-04-01,mom60_skip5,6770,False,False,False,2026-04-30,57.5007320644
2026-03-31,2026-04-01,mom60_skip5,6442,False,False,False,2026-04-30,2178.27260588
2026-03-31,2026-04-01,mom60_skip5,3036,False,False,True,2026-04-30,262.782975479
2026-03-31,2026-04-01,mom60_skip5,8271,True,True,True,2026-04-30,161.053368573
2026-03-31,2026-04-01,mom60_skip5,2455,True,True,False,2026-04-30,276.649331176
2026-03-31,2026-04-01,mom60_skip5,2486,True,True,False,2026-04-30,145.055768999
2026-03-31,2026-04-01,mom60_skip5,2605,False,False,True,2026-04-30,46.6124567442
2026-03-31,2026-04-01,mom60_skip5,4956,True,True,True,2026-04-30,33.0
2026-03-31,2026-04-01,mom60_skip5,1305,False,False,True,2026-04-30,17.2741028472
2026-03-31,2026-04-01,mom60_skip5,2467,True,True,False,2026-04-30,492.753436514
2026-03-31,2026-04-01,mom60_skip5,3702,False,False,True,2026-04-30,107.999649744
2026-03-31,2026-04-01,mom60_skip5,6205,True,True,True,2026-04-30,58.3320109306
2026-03-31,2026-04-01,mom60_skip5,1809,False,False,True,2026-04-30,27.6916768367
2026-03-31,2026-04-01,mom60_skip5,3437,True,True,True,2026-04-30,21.5
2026-03-31,2026-04-01,mom60_skip5,3138,False,False,False,2026-04-30,192.855789004
2026-03-31,2026-04-01,mom60_skip5,6152,False,False,False,2026-04-30,16.35
2026-03-31,2026-04-01,mom60_skip5,4949,True,True,True,2026-04-30,72.7829921419
2026-03-31,2026-04-01,mom60_skip5,3533,True,False,False,2026-04-30,2345.18182227
2026-03-31,2026-04-01,mom60_skip5,2308,True,True,True,2026-04-30,1562.80507803
2026-03-31,2026-04-01,mom60_skip5,1471,False,False,False,2026-04-30,12.2
2026-03-31,2026-04-01,mom60_skip5,6949,True,True,False,2026-04-30,566.257792077
2026-03-31,2026-04-01,mom60_skip5,1802,True,True,True,2026-04-30,54.1
2026-03-31,2026-04-01,mom60_skip5,2369,False,False,True,2026-04-30,31.1705818329
2026-03-31,2026-04-01,mom60_skip5,7750,True,True,True,2026-04-30,1316.65332266
2026-03-31,2026-04-01,mom60_skip5,3653,True,True,True,2026-04-30,4131.74371615
2026-03-31,2026-04-01,mom60_skip5,6415,True,True,False,2026-04-30,301.616544096
2026-03-31,2026-04-01,mom60_skip5,1717,True,True,False,2026-04-30,66.9617159924
2026-03-31,2026-04-01,mom60_skip5,2413,False,False,False,2026-04-30,53.3610607298
2026-03-31,2026-04-01,mom60_skip5,3167,True,True,False,2026-04-30,431.292580253
2026-03-31,2026-04-01,mom60_skip5,3714,True,True,True,2026-04-30,50.3239974672
2026-03-31,2026-04-01,mom60_skip5,3711,True,True,False,2026-04-30,398.061353111
2026-03-31,2026-04-01,mom60_skip5,3532,True,True,False,2026-04-30,151.527808518
2026-03-31,2026-04-01,mom60_skip5,8021,True,True,False,2026-04-30,290.365198228
2026-04-30,2026-05-04,logistic,6861,True,True,False,2026-05-29,372.236172556
2026-04-30,2026-05-04,logistic,3167,False,False,False,2026-05-29,945.254104009
2026-04-30,2026-05-04,logistic,6426,True,True,False,2026-05-29,235.779600592
2026-04-30,2026-05-04,logistic,6830,False,False,False,2026-05-29,1009.64255939
2026-04-30,2026-05-04,logistic,4764,True,False,False,2026-05-29,287.844986133
2026-04-30,2026-05-04,logistic,2337,False,False,False,2026-05-29,172.904735748
2026-04-30,2026-05-04,logistic,6205,False,False,False,2026-05-29,95.3014448031
2026-04-30,2026-05-04,logistic,2426,True,True,False,2026-05-29,59.8771522295
2026-04-30,2026-05-04,logistic,6715,True,True,False,2026-05-29,461.4080138
2026-04-30,2026-05-04,logistic,1711,False,False,False,2026-05-29,60.2391716143
2026-04-30,2026-05-04,logistic,3437,False,False,False,2026-05-29,27.0
2026-04-30,2026-05-04,logistic,1735,False,False,False,2026-05-29,30.4982978961
2026-04-30,2026-05-04,logistic,4960,False,False,False,2026-05-29,40.2463370369
2026-04-30,2026-05-04,logistic,6278,True,True,True,2026-05-29,203.19448803
2026-04-30,2026-05-04,logistic,2467,False,False,False,2026-05-29,728.368872824
2026-04-30,2026-05-04,logistic,3026,True,True,True,2026-05-29,266.93477858
2026-04-30,2026-05-04,logistic,2486,False,False,True,2026-05-29,290.111537998
2026-04-30,2026-05-04,logistic,3645,False,False,True,2026-05-29,109.822212537
2026-04-30,2026-05-04,logistic,6531,True,True,True,2026-05-29,964.480078536
2026-04-30,2026-05-04,logistic,4919,True,True,False,2026-05-29,163.999556829
2026-04-30,2026-05-04,logistic,3229,False,False,True,2026-05-29,44.05
2026-04-30,2026-05-04,logistic,7610,True,True,False,2026-05-29,675.0
2026-04-30,2026-05-04,logistic,3576,False,False,False,2026-05-29,16.0864864865
2026-04-30,2026-05-04,logistic,4956,False,False,False,2026-05-29,48.0
2026-04-30,2026-05-04,logistic,6226,False,False,False,2026-05-29,12.65
2026-04-30,2026-05-04,logistic,1727,True,True,False,2026-05-29,84.6926082046
2026-04-30,2026-05-04,logistic,4720,False,False,True,2026-05-29,29.110484979
2026-04-30,2026-05-04,logistic,6706,True,True,True,2026-05-29,177.235019617
2026-04-30,2026-05-04,logistic,1597,True,True,True,2026-05-29,150.872105795
2026-04-30,2026-05-04,logistic,4540,False,False,True,2026-05-29,72.8601068846
2026-04-30,2026-05-04,logistic,2340,False,False,True,2026-05-29,39.1288869987
2026-04-30,2026-05-04,logistic,3054,False,False,False,2026-05-29,66.2
2026-04-30,2026-05-04,logistic,4927,False,False,True,2026-05-29,59.3273016303
2026-04-30,2026-05-04,logistic,8996,False,False,False,2026-05-29,1304.55567458
2026-04-30,2026-05-04,logistic,2464,True,True,True,2026-05-29,124.557031701
2026-04-30,2026-05-04,logistic,1721,True,True,True,2026-05-29,24.7175767918
2026-04-30,2026-05-04,logistic,6902,True,True,True,2026-05-29,104.5
2026-04-30,2026-05-04,logistic,2489,True,True,True,2026-05-29,41.2486727923
2026-04-30,2026-05-04,logistic,2484,True,True,True,2026-05-29,47.3098584483
2026-04-30,2026-05-04,logistic,3583,False,False,True,2026-05-29,863.393764806
2026-04-30,2026-05-04,logistic,6456,False,False,False,2026-05-29,81.7969401947
2026-04-30,2026-05-04,logistic,6451,True,True,False,2026-05-29,467.137832317
2026-04-30,2026-05-04,logistic,3701,False,False,False,2026-05-29,69.6453753343
2026-04-30,2026-05-04,logistic,6672,False,False,True,2026-05-29,258.656012129
2026-04-30,2026-05-04,logistic,6442,False,False,False,2026-05-29,2382.15033747
2026-04-30,2026-05-04,logistic,3189,True,True,False,2026-05-29,616.652636713
2026-04-30,2026-05-04,logistic,3016,True,True,True,2026-05-29,104.134561858
2026-04-30,2026-05-04,logistic,3673,True,True,True,2026-05-29,63.3221856878
2026-04-30,2026-05-04,logistic,7750,False,False,True,2026-05-29,2633.30664532
2026-04-30,2026-05-04,logistic,6552,False,False,True,2026-05-29,32.6350542191
2026-04-30,2026-05-04,logistic,1802,False,False,False,2026-05-29,68.0
2026-04-30,2026-05-04,logistic,2485,True,True,False,2026-05-29,59.5
2026-04-30,2026-05-04,logistic,4576,True,False,True,2026-05-29,236.544522972
2026-04-30,2026-05-04,logistic,6141,True,True,False,2026-05-29,33.5
2026-04-30,2026-05-04,logistic,4949,False,False,False,2026-05-29,115.169619068
2026-04-30,2026-05-04,logistic,6658,True,True,True,2026-05-29,163.383602644
2026-04-30,2026-05-04,logistic,3055,True,True,True,2026-05-29,83.3176768131
2026-04-30,2026-05-04,logistic,2399,False,False,False,2026-05-29,42.75
2026-04-30,2026-05-04,logistic,8046,False,False,False,2026-05-29,1129.38747246
2026-04-30,2026-05-04,logistic,2233,True,False,True,2026-05-29,361.679609635
2026-04-30,2026-05-04,logistic,2388,False,False,True,2026-05-29,83.4850120924
2026-04-30,2026-05-04,logistic,3714,False,False,True,2026-05-29,79.5967493758
2026-04-30,2026-05-04,logistic,8271,False,False,False,2026-05-29,265.332528081
2026-04-30,2026-05-04,logistic,2455,True,False,False,2026-05-29,384.235182189
2026-04-30,2026-05-04,logistic,6515,False,False,True,2026-05-29,11434.8341793
2026-04-30,2026-05-04,logistic,3042,True,True,True,2026-05-29,185.464872139
2026-04-30,2026-05-04,logistic,6909,False,False,True,2026-05-29,64.0964365256
2026-04-30,2026-05-04,logistic,4958,True,True,True,2026-05-29,487.479550519
2026-04-30,2026-05-04,logistic,2351,True,True,True,2026-05-29,170.509829162
2026-04-30,2026-05-04,mom60_skip5,6830,False,False,False,2026-05-29,1009.64255939
2026-04-30,2026-05-04,mom60_skip5,6715,True,True,False,2026-05-29,461.4080138
2026-04-30,2026-05-04,mom60_skip5,6861,True,True,False,2026-05-29,372.236172556
2026-04-30,2026-05-04,mom60_skip5,7610,True,True,False,2026-05-29,675.0
2026-04-30,2026-05-04,mom60_skip5,6451,True,True,False,2026-05-29,467.137832317
2026-04-30,2026-05-04,mom60_skip5,4960,False,False,False,2026-05-29,40.2463370369
2026-04-30,2026-05-04,mom60_skip5,6515,False,False,False,2026-05-29,11434.8341793
2026-04-30,2026-05-04,mom60_skip5,3167,False,False,False,2026-05-29,945.254104009
2026-04-30,2026-05-04,mom60_skip5,3583,False,False,True,2026-05-29,863.393764806
2026-04-30,2026-05-04,mom60_skip5,7750,False,False,False,2026-05-29,2633.30664532
2026-04-30,2026-05-04,mom60_skip5,6426,True,True,True,2026-05-29,235.779600592
2026-04-30,2026-05-04,mom60_skip5,2426,True,True,False,2026-05-29,59.8771522295
2026-04-30,2026-05-04,mom60_skip5,4919,True,True,False,2026-05-29,163.999556829
2026-04-30,2026-05-04,mom60_skip5,6141,True,True,False,2026-05-29,33.5
2026-04-30,2026-05-04,mom60_skip5,1711,False,False,False,2026-05-29,60.2391716143
2026-04-30,2026-05-04,mom60_skip5,2383,False,False,False,2026-05-29,4863.42521614
2026-04-30,2026-05-04,mom60_skip5,3189,True,True,False,2026-05-29,616.652636713
2026-04-30,2026-05-04,mom60_skip5,4956,False,False,False,2026-05-29,48.0
2026-04-30,2026-05-04,mom60_skip5,2486,False,False,False,2026-05-29,290.111537998
2026-04-30,2026-05-04,mom60_skip5,3054,False,False,False,2026-05-29,66.2
2026-04-30,2026-05-04,mom60_skip5,6213,False,False,True,2026-05-29,303.267428914
2026-04-30,2026-05-04,mom60_skip5,3037,False,False,False,2026-05-29,995.814776505
2026-04-30,2026-05-04,mom60_skip5,4949,False,False,False,2026-05-29,115.169619068
2026-04-30,2026-05-04,mom60_skip5,2467,False,False,False,2026-05-29,728.368872824
2026-04-30,2026-05-04,mom60_skip5,8046,False,False,False,2026-05-29,1129.38747246
2026-04-30,2026-05-04,mom60_skip5,2243,False,False,False,2026-05-29,29.3186372745
2026-04-30,2026-05-04,mom60_skip5,3653,False,False,False,2026-05-29,5465.73634812
2026-04-30,2026-05-04,mom60_skip5,2368,False,False,True,2026-05-29,1541.10353165
2026-04-30,2026-05-04,mom60_skip5,3026,True,True,True,2026-05-29,266.93477858
2026-04-30,2026-05-04,mom60_skip5,3714,False,False,False,2026-05-29,79.5967493758
2026-04-30,2026-05-04,mom60_skip5,3017,False,False,True,2026-05-29,3065.50417038
2026-04-30,2026-05-04,mom60_skip5,4958,True,True,True,2026-05-29,487.479550519
2026-04-30,2026-05-04,mom60_skip5,6949,False,False,False,2026-05-29,772.537416334
2026-04-30,2026-05-04,mom60_skip5,2455,True,False,False,2026-05-29,384.235182189
2026-04-30,2026-05-04,mom60_skip5,8021,False,False,False,2026-05-29,470.007480401
2026-04-30,2026-05-04,mom60_skip5,6672,False,False,True,2026-05-29,258.656012129
2026-04-30,2026-05-04,mom60_skip5,3665,False,False,True,2026-05-29,3233.50391597
2026-04-30,2026-05-04,mom60_skip5,2360,True,False,False,2026-05-29,2450.2363267
2026-04-30,2026-05-04,mom60_skip5,8271,False,False,False,2026-05-29,265.332528081
2026-04-30,2026-05-04,mom60_skip5,3563,False,False,True,2026-05-29,1042.6589937
2026-04-30,2026-05-04,mom60_skip5,2485,True,True,False,2026-05-29,59.5
2026-04-30,2026-05-04,mom60_skip5,6789,False,False,True,2026-05-29,602.146618816
2026-04-30,2026-05-04,mom60_skip5,2345,False,False,True,2026-05-29,2507.0140641
2026-04-30,2026-05-04,mom60_skip5,6658,True,True,True,2026-05-29,163.383602644
2026-04-30,2026-05-04,mom60_skip5,2489,True,True,True,2026-05-29,41.2486727923
2026-04-30,2026-05-04,mom60_skip5,3030,True,True,True,2026-05-29,395.142588374
2026-04-30,2026-05-04,mom60_skip5,6456,False,False,True,2026-05-29,81.7969401947
2026-04-30,2026-05-04,mom60_skip5,2460,False,False,True,2026-05-29,35.0
2026-04-30,2026-05-04,mom60_skip5,1309,False,False,False,2026-05-29,20.8920210493
2026-04-30,2026-05-04,mom60_skip5,3042,True,True,True,2026-05-29,185.464872139
2026-04-30,2026-05-04,mom60_skip5,2337,False,False,False,2026-05-29,172.904735748
2026-04-30,2026-05-04,mom60_skip5,4764,True,False,True,2026-05-29,287.844986133
2026-04-30,2026-05-04,mom60_skip5,2351,True,True,True,2026-05-29,170.509829162
2026-04-30,2026-05-04,mom60_skip5,1735,False,False,True,2026-05-29,30.4982978961
2026-04-30,2026-05-04,mom60_skip5,3533,False,False,False,2026-05-29,2939.65814466
2026-04-30,2026-05-04,mom60_skip5,8996,False,False,True,2026-05-29,1304.55567458
2026-04-30,2026-05-04,mom60_skip5,6531,True,True,True,2026-05-29,964.480078536
2026-04-30,2026-05-04,mom60_skip5,8039,False,False,True,2026-05-29,163.787147412
2026-04-30,2026-05-04,mom60_skip5,3229,False,False,True,2026-05-29,44.05
2026-04-30,2026-05-04,mom60_skip5,7721,False,False,True,2026-05-29,83.1
2026-04-30,2026-05-04,mom60_skip5,6415,True,True,False,2026-05-29,454.998336145
2026-04-30,2026-05-04,mom60_skip5,3645,False,False,True,2026-05-29,109.822212537
2026-04-30,2026-05-04,mom60_skip5,2308,False,False,False,2026-05-29,2400.21257718
2026-04-30,2026-05-04,mom60_skip5,3437,False,False,False,2026-05-29,27.0
2026-04-30,2026-05-04,mom60_skip5,1721,True,True,True,2026-05-29,24.7175767918
2026-04-30,2026-05-04,mom60_skip5,6442,False,False,False,2026-05-29,2382.15033747
2026-04-30,2026-05-04,mom60_skip5,3711,True,True,False,2026-05-29,573.439108684
2026-04-30,2026-05-04,mom60_skip5,2484,True,True,True,2026-05-29,47.3098584483
2026-04-30,2026-05-04,mom60_skip5,4576,True,False,True,2026-05-29,236.544522972
2026-05-29,2026-06-01,logistic,7610,True,True,False,2026-06-29,1580.0
2026-05-29,2026-06-01,logistic,6861,False,False,False,2026-06-29,462.636385891
2026-05-29,2026-06-01,logistic,6141,False,False,False,2026-06-29,46.05
2026-05-29,2026-06-01,logistic,3026,True,True,False,2026-06-29,833.084820592
2026-05-29,2026-06-01,logistic,6531,False,False,False,2026-06-29,1320.03895959
2026-05-29,2026-06-01,logistic,4764,False,False,False,2026-06-29,314.751131222
2026-05-29,2026-06-01,logistic,6658,False,False,False,2026-06-29,234.236038741
2026-05-29,2026-06-01,logistic,3229,False,False,False,2026-06-29,51.7
2026-05-29,2026-06-01,logistic,6834,True,True,True,2026-06-29,82.593256924
2026-05-29,2026-06-01,logistic,3481,True,True,True,2026-06-29,55.4133085314
2026-05-29,2026-06-01,logistic,2472,False,False,True,2026-06-29,438.453989159
2026-05-29,2026-06-01,logistic,1568,False,False,True,2026-06-29,54.7911857395
2026-05-29,2026-06-01,logistic,3016,False,False,False,2026-06-29,146.274207073
2026-05-29,2026-06-01,logistic,2302,True,True,True,2026-06-29,40.954252529
2026-05-29,2026-06-01,logistic,3443,False,False,True,2026-06-29,4813.82766058
2026-05-29,2026-06-01,logistic,6449,False,False,True,2026-06-29,441.712909436
2026-05-29,2026-06-01,logistic,6451,True,True,False,2026-06-29,586.995565608
2026-05-29,2026-06-01,logistic,8021,True,True,True,2026-06-29,526.498764103
2026-05-29,2026-06-01,logistic,2481,False,False,True,2026-06-29,182.336810974
2026-05-29,2026-06-01,logistic,3189,False,False,False,2026-06-29,838.828954352
2026-05-29,2026-06-01,logistic,3042,False,False,False,2026-06-29,257.162154979
2026-05-29,2026-06-01,logistic,1597,False,False,False,2026-06-29,189.113993722
2026-05-29,2026-06-01,logistic,6116,True,False,True,2026-06-29,18.25
2026-05-29,2026-06-01,logistic,4919,False,False,False,2026-06-29,216.674911175
2026-05-29,2026-06-01,logistic,3673,False,False,False,2026-06-29,90.9801518503
2026-05-29,2026-06-01,logistic,6415,False,False,True,2026-06-29,617.644800197
2026-05-29,2026-06-01,logistic,6155,True,True,True,2026-06-29,71.6999709993
2026-05-29,2026-06-01,logistic,6515,False,False,False,2026-06-29,9338.44791306
2026-05-29,2026-06-01,logistic,2426,False,False,False,2026-06-29,83.3589137117
2026-05-29,2026-06-01,logistic,2241,True,True,True,2026-06-29,35.5290646208
2026-05-29,2026-06-01,logistic,6442,False,False,False,2026-06-29,1990.49048468
2026-05-29,2026-06-01,logistic,2375,True,True,True,2026-06-29,174.071148216
2026-05-29,2026-06-01,logistic,2492,True,True,True,2026-06-29,439.512175336
2026-05-29,2026-06-01,logistic,2305,True,True,True,2026-06-29,23.85
2026-05-29,2026-06-01,logistic,2464,False,False,False,2026-06-29,208.847781603
2026-05-29,2026-06-01,logistic,3090,True,True,True,2026-06-29,275.571058577
2026-05-29,2026-06-01,logistic,6405,False,False,True,2026-06-29,87.0410733148
2026-05-29,2026-06-01,logistic,6830,False,False,False,2026-06-29,732.125834511
2026-05-29,2026-06-01,logistic,2337,False,False,False,2026-06-29,182.033246641
2026-05-29,2026-06-01,logistic,8039,False,False,True,2026-06-29,191.678437008
2026-05-29,2026-06-01,logistic,8261,True,True,True,2026-06-29,205.380810512
2026-05-29,2026-06-01,logistic,3532,True,False,True,2026-06-29,387.667860478
2026-05-29,2026-06-01,logistic,2351,False,False,False,2026-06-29,229.888651458
2026-05-29,2026-06-01,logistic,8114,False,False,True,2026-06-29,275.938424458
2026-05-29,2026-06-01,logistic,2484,True,True,False,2026-06-29,63.5055032423
2026-05-29,2026-06-01,logistic,5243,False,False,True,2026-06-29,138.005008445
2026-05-29,2026-06-01,logistic,1721,False,False,False,2026-06-29,28.6945392491
2026-05-29,2026-06-01,logistic,2303,False,False,True,2026-06-29,172.450263246
2026-05-29,2026-06-01,logistic,2409,True,True,True,2026-06-29,26.7865165932
2026-05-29,2026-06-01,logistic,6456,False,False,False,2026-06-29,82.2164116829
2026-05-29,2026-06-01,logistic,2478,True,True,True,2026-06-29,157.113789961
2026-05-29,2026-06-01,logistic,4960,False,False,False,2026-06-29,31.7812403169
2026-05-29,2026-06-01,logistic,3528,False,False,True,2026-06-29,148.931297101
2026-05-29,2026-06-01,logistic,2313,False,False,True,2026-06-29,325.673540534
2026-05-29,2026-06-01,logistic,3006,False,False,True,2026-06-29,263.934164637
2026-05-29,2026-06-01,logistic,1582,False,False,True,2026-06-29,142.232986798
2026-05-29,2026-06-01,logistic,3055,False,False,False,2026-06-29,114.957300919
2026-05-29,2026-06-01,logistic,2454,False,False,True,2026-06-29,5473.6163863
2026-05-29,2026-06-01,logistic,2344,True,True,True,2026-06-29,178.364978443
2026-05-29,2026-06-01,logistic,8028,False,False,True,2026-06-29,360.244336037
2026-05-29,2026-06-01,logistic,2489,False,False,False,2026-06-29,49.0869004013
2026-05-29,2026-06-01,logistic,6715,True,False,False,2026-06-29,491.355168542
2026-05-29,2026-06-01,logistic,2327,True,True,True,2026-06-29,3995.66303423
2026-05-29,2026-06-01,logistic,3048,False,False,True,2026-06-29,79.468824228
2026-05-29,2026-06-01,logistic,6706,False,False,False,2026-06-29,219.942253259
2026-05-29,2026-06-01,logistic,7750,False,False,False,2026-06-29,2430.74459568
2026-05-29,2026-06-01,logistic,3583,False,False,False,2026-06-29,908.449507387
2026-05-29,2026-06-01,logistic,4958,False,False,False,2026-06-29,615.883254968
2026-05-29,2026-06-01,logistic,3645,False,False,False,2026-06-29,111.383665795
2026-05-29,2026-06-01,logistic,3037,False,False,True,2026-06-29,1168.33531893
2026-05-29,2026-06-01,logistic,3135,False,False,True,2026-06-29,265.484654066
2026-05-29,2026-06-01,logistic,3167,False,False,False,2026-06-29,879.989148612
2026-05-29,2026-06-01,mom60_skip5,3026,True,True,False,2026-06-29,833.084820592
2026-05-29,2026-06-01,mom60_skip5,2426,False,False,False,2026-06-29,83.3589137117
2026-05-29,2026-06-01,mom60_skip5,7610,True,True,False,2026-06-29,1580.0
2026-05-29,2026-06-01,mom60_skip5,6658,False,False,False,2026-06-29,234.236038741
2026-05-29,2026-06-01,mom60_skip5,6861,False,False,False,2026-06-29,462.636385891
2026-05-29,2026-06-01,mom60_skip5,3167,False,False,False,2026-06-29,879.989148612
2026-05-29,2026-06-01,mom60_skip5,4958,False,False,False,2026-06-29,615.883254968
2026-05-29,2026-06-01,mom60_skip5,6831,False,False,True,2026-06-29,757.584158416
2026-05-29,2026-06-01,mom60_skip5,4764,False,False,False,2026-06-29,314.751131222
2026-05-29,2026-06-01,mom60_skip5,6451,True,True,False,2026-06-29,586.995565608
2026-05-29,2026-06-01,mom60_skip5,4960,False,False,False,2026-06-29,31.7812403169
2026-05-29,2026-06-01,mom60_skip5,4919,False,False,False,2026-06-29,216.674911175
2026-05-29,2026-06-01,mom60_skip5,6278,False,False,True,2026-06-29,260.159416755
2026-05-29,2026-06-01,mom60_skip5,6715,True,False,False,2026-06-29,491.355168542
2026-05-29,2026-06-01,mom60_skip5,3583,False,False,False,2026-06-29,908.449507387
2026-05-29,2026-06-01,mom60_skip5,1597,False,False,True,2026-06-29,189.113993722
2026-05-29,2026-06-01,mom60_skip5,6834,True,True,True,2026-06-29,82.593256924
2026-05-29,2026-06-01,mom60_skip5,6830,False,False,False,2026-06-29,732.125834511
2026-05-29,2026-06-01,mom60_skip5,3090,True,True,True,2026-06-29,275.571058577
2026-05-29,2026-06-01,mom60_skip5,6531,False,False,False,2026-06-29,1320.03895959
2026-05-29,2026-06-01,mom60_skip5,2351,False,False,False,2026-06-29,229.888651458
2026-05-29,2026-06-01,mom60_skip5,6141,False,False,False,2026-06-29,46.05
2026-05-29,2026-06-01,mom60_skip5,2472,False,False,True,2026-06-29,438.453989159
2026-05-29,2026-06-01,mom60_skip5,2327,True,True,True,2026-06-29,3995.66303423
2026-05-29,2026-06-01,mom60_skip5,6415,False,False,False,2026-06-29,617.644800197
2026-05-29,2026-06-01,mom60_skip5,3209,False,False,True,2026-06-29,95.9969342064
2026-05-29,2026-06-01,mom60_skip5,2383,False,False,False,2026-06-29,5417.88737433
2026-05-29,2026-06-01,mom60_skip5,3714,False,False,False,2026-06-29,76.9784352516
2026-05-29,2026-06-01,mom60_skip5,2454,False,False,True,2026-06-29,5473.6163863
2026-05-29,2026-06-01,mom60_skip5,4576,False,False,False,2026-06-29,272.662073792
2026-05-29,2026-06-01,mom60_skip5,3037,False,False,False,2026-06-29,1168.33531893
2026-05-29,2026-06-01,mom60_skip5,2492,True,True,True,2026-06-29,439.512175336
2026-05-29,2026-06-01,mom60_skip5,4949,False,False,False,2026-06-29,102.548290951
2026-05-29,2026-06-01,mom60_skip5,3016,False,False,True,2026-06-29,146.274207073
2026-05-29,2026-06-01,mom60_skip5,3443,False,False,True,2026-06-29,4813.82766058
2026-05-29,2026-06-01,mom60_skip5,6166,False,False,True,2026-06-29,143.685253581
2026-05-29,2026-06-01,mom60_skip5,6224,False,False,True,2026-06-29,105.456461321
2026-05-29,2026-06-01,mom60_skip5,7730,False,False,True,2026-06-29,214.0
2026-05-29,2026-06-01,mom60_skip5,1727,False,False,True,2026-06-29,98.8080429053
2026-05-29,2026-06-01,mom60_skip5,3048,False,False,True,2026-06-29,79.468824228
2026-05-29,2026-06-01,mom60_skip5,2464,False,False,True,2026-06-29,208.847781603
2026-05-29,2026-06-01,mom60_skip5,2486,False,False,False,2026-06-29,277.15342692
2026-05-29,2026-06-01,mom60_skip5,6672,True,True,False,2026-06-29,259.237261594
2026-05-29,2026-06-01,mom60_skip5,8271,False,False,False,2026-06-29,287.926345974
2026-05-29,2026-06-01,mom60_skip5,3532,True,False,True,2026-06-29,387.667860478
2026-05-29,2026-06-01,mom60_skip5,3189,False,False,False,2026-06-29,838.828954352
2026-05-29,2026-06-01,mom60_skip5,6213,True,True,False,2026-06-29,305.970347176
2026-05-29,2026-06-01,mom60_skip5,4956,False,False,False,2026-06-29,45.4
2026-05-29,2026-06-01,mom60_skip5,3042,False,False,False,2026-06-29,257.162154979
2026-05-29,2026-06-01,mom60_skip5,7750,False,False,False,2026-06-29,2430.74459568
2026-05-29,2026-06-01,mom60_skip5,2243,True,True,False,2026-06-29,28.0841683367
2026-05-29,2026-06-01,mom60_skip5,3229,False,False,False,2026-06-29,51.7
2026-05-29,2026-06-01,mom60_skip5,6405,False,False,True,2026-06-29,87.0410733148
2026-05-29,2026-06-01,mom60_skip5,8046,True,True,False,2026-06-29,932.29828609
2026-05-29,2026-06-01,mom60_skip5,3135,False,False,True,2026-06-29,265.484654066
2026-05-29,2026-06-01,mom60_skip5,2399,False,False,True,2026-06-29,48.7
2026-05-29,2026-06-01,mom60_skip5,6515,False,False,False,2026-06-29,9338.44791306
2026-05-29,2026-06-01,mom60_skip5,3673,False,False,True,2026-06-29,90.9801518503
2026-05-29,2026-06-01,mom60_skip5,2388,False,False,True,2026-06-29,77.852288385
2026-05-29,2026-06-01,mom60_skip5,2303,False,False,True,2026-06-29,172.450263246
2026-05-29,2026-06-01,mom60_skip5,3054,False,False,False,2026-06-29,66.7
2026-05-29,2026-06-01,mom60_skip5,3030,False,False,False,2026-06-29,472.576870822
2026-05-29,2026-06-01,mom60_skip5,3055,False,False,True,2026-06-29,114.957300919
2026-05-29,2026-06-01,mom60_skip5,6449,False,False,True,2026-06-29,441.712909436
2026-05-29,2026-06-01,mom60_skip5,2478,True,True,True,2026-06-29,157.113789961
2026-05-29,2026-06-01,mom60_skip5,3033,False,False,True,2026-06-29,61.9444677157
2026-05-29,2026-06-01,mom60_skip5,1711,False,False,False,2026-06-29,51.2607162264
2026-05-29,2026-06-01,mom60_skip5,3702,False,False,True,2026-06-29,137.040592278
2026-05-29,2026-06-01,mom60_skip5,2345,False,False,False,2026-06-29,2591.2834444
2026-05-29,2026-06-01,mom60_skip5,2368,False,False,False,2026-06-29,1449.49947558
2026-05-29,2026-06-01,mom60_skip5,2484,True,True,False,2026-06-29,63.5055032423
2026-05-29,2026-06-01,mom60_skip5,3481,True,True,True,2026-06-29,55.4133085314
2026-06-30,2026-07-01,logistic,7610,True,True,False,2026-07-29,2295.0
2026-06-30,2026-07-01,logistic,3026,False,False,False,2026-07-29,1109.63785704
2026-06-30,2026-07-01,logistic,2472,False,False,False,2026-07-29,528.319885109
2026-06-30,2026-07-01,logistic,6449,False,False,False,2026-07-29,390.817499117
2026-06-30,2026-07-01,logistic,2492,False,False,False,2026-07-29,644.18696287
2026-06-30,2026-07-01,logistic,2243,False,False,True,2026-07-29,60.7975951904
2026-06-30,2026-07-01,logistic,6405,False,False,False,2026-07-29,63.2565939788
2026-06-30,2026-07-01,logistic,3189,False,False,False,2026-07-29,1020.19737691
2026-06-30,2026-07-01,logistic,2426,False,False,False,2026-07-29,79.3894416302
2026-06-30,2026-07-01,logistic,6861,False,False,False,2026-07-29,359.713260261
2026-06-30,2026-07-01,logistic,2327,False,False,False,2026-07-29,6312.69026142
2026-06-30,2026-07-01,logistic,6834,False,False,False,2026-07-29,134.186657469
2026-06-30,2026-07-01,logistic,2483,False,False,True,2026-07-29,62.8067858259
2026-06-30,2026-07-01,logistic,4919,False,False,False,2026-07-29,192.780936008
2026-06-30,2026-07-01,logistic,3090,False,False,False,2026-07-29,395.59756409
2026-06-30,2026-07-01,logistic,3016,False,False,False,2026-07-29,144.743242317
2026-06-30,2026-07-01,logistic,2484,True,False,False,2026-07-29,92.2977606538
2026-06-30,2026-07-01,logistic,2478,False,False,False,2026-07-29,271.17504673
2026-06-30,2026-07-01,logistic,2375,False,False,False,2026-07-29,234.224174969
2026-06-30,2026-07-01,logistic,4764,False,False,False,2026-07-29,309.674500073
2026-06-30,2026-07-01,logistic,6658,False,False,False,2026-07-29,273.523147312
2026-06-30,2026-07-01,logistic,6715,False,False,False,2026-07-29,488.027706904
2026-06-30,2026-07-01,logistic,8150,False,False,True,2026-07-29,120.221169063
2026-06-30,2026-07-01,logistic,8454,False,False,True,2026-07-29,410.735990424
2026-06-30,2026-07-01,logistic,2302,False,False,False,2026-07-29,54.5661960604
2026-06-30,2026-07-01,logistic,3481,False,False,False,2026-07-29,73.6489681167
2026-06-30,2026-07-01,logistic,8261,True,False,False,2026-07-29,334.798855492
2026-06-30,2026-07-01,logistic,6451,False,False,False,2026-07-29,596.215391246
2026-06-30,2026-07-01,logistic,6271,False,False,True,2026-07-29,397.77774845
2026-06-30,2026-07-01,logistic,6213,False,False,True,2026-07-29,409.762408408
2026-06-30,2026-07-01,logistic,6573,True,True,True,2026-07-29,22.75
2026-06-30,2026-07-01,logistic,3550,False,False,True,2026-07-29,36.0916197189
2026-06-30,2026-07-01,logistic,6862,False,False,True,2026-07-29,213.033210332
2026-06-30,2026-07-01,logistic,3037,False,False,False,2026-07-29,1184.71385143
2026-06-30,2026-07-01,logistic,2493,False,False,True,2026-07-29,394.731363094
2026-06-30,2026-07-01,logistic,8996,False,False,True,2026-07-29,1683.96828113
2026-06-30,2026-07-01,logistic,2434,True,True,True,2026-07-29,44.5
2026-06-30,2026-07-01,logistic,4722,False,False,True,2026-07-29,325.334646566
2026-06-30,2026-07-01,logistic,2409,False,False,False,2026-07-29,37.8162587198
2026-06-30,2026-07-01,logistic,2305,False,False,False,2026-07-29,39.05
2026-06-30,2026-07-01,logistic,3042,True,False,False,2026-07-29,243.595308393
2026-06-30,2026-07-01,logistic,3094,False,False,True,2026-07-29,42.0991511585
2026-06-30,2026-07-01,logistic,6155,False,False,False,2026-07-29,106.525671199
2026-06-30,2026-07-01,logistic,8046,False,False,True,2026-07-29,1331.47958299
2026-06-30,2026-07-01,logistic,6830,False,False,False,2026-07-29,536.136396512
2026-06-30,2026-07-01,logistic,6269,False,False,True,2026-07-29,79.9590359715
2026-06-30,2026-07-01,logistic,2425,False,False,True,2026-07-29,47.6645386945
2026-06-30,2026-07-01,logistic,2316,False,False,True,2026-07-29,233.336962678
2026-06-30,2026-07-01,logistic,6116,False,False,False,2026-07-29,19.85
2026-06-30,2026-07-01,logistic,6531,False,False,False,2026-07-29,1093.29423236
2026-06-30,2026-07-01,logistic,7788,False,False,True,2026-07-29,258.5
2026-06-30,2026-07-01,logistic,6202,False,False,True,2026-07-29,72.8289660608
2026-06-30,2026-07-01,logistic,6831,False,False,True,2026-07-29,955.03960396
2026-06-30,2026-07-01,logistic,3532,True,True,False,2026-07-29,442.416959176
2026-06-30,2026-07-01,logistic,3450,False,False,True,2026-07-29,549.676482719
2026-06-30,2026-07-01,logistic,6239,False,False,True,2026-07-29,405.214807823
2026-06-30,2026-07-01,logistic,4958,False,False,False,2026-07-29,733.369522888
2026-06-30,2026-07-01,logistic,3229,False,False,False,2026-07-29,43.5
2026-06-30,2026-07-01,logistic,6141,False,False,False,2026-07-29,39.6
2026-06-30,2026-07-01,logistic,1303,True,True,True,2026-07-29,191.977677411
2026-06-30,2026-07-01,logistic,6672,False,False,True,2026-07-29,351.655926602
2026-06-30,2026-07-01,logistic,6226,True,False,True,2026-07-29,24.25
2026-06-30,2026-07-01,logistic,2464,False,False,False,2026-07-29,186.835547552
2026-06-30,2026-07-01,logistic,1809,False,False,True,2026-07-29,57.7777467834
2026-06-30,2026-07-01,logistic,2481,False,False,False,2026-07-29,216.350711493
2026-06-30,2026-07-01,logistic,8021,False,False,False,2026-07-29,667.726973358
2026-06-30,2026-07-01,logistic,3055,True,True,False,2026-07-29,134.468402451
2026-06-30,2026-07-01,logistic,2351,False,False,False,2026-07-29,235.881009671
2026-06-30,2026-07-01,logistic,6415,False,False,False,2026-07-29,627.938880201
2026-06-30,2026-07-01,logistic,2233,True,False,True,2026-07-29,267.104117416
2026-06-30,2026-07-01,logistic,2406,False,False,True,2026-07-29,45.0
2026-06-30,2026-07-01,logistic,6525,True,True,True,2026-07-29,198.463332026
2026-06-30,2026-07-01,logistic,2379,False,False,True,2026-07-29,957.558973975
2026-06-30,2026-07-01,logistic,6166,False,False,True,2026-07-29,149.539097245
2026-06-30,2026-07-01,logistic,2408,False,False,True,2026-07-29,469.18147393
2026-06-30,2026-07-01,mom60_skip5,7610,True,True,False,2026-07-29,2295.0
2026-06-30,2026-07-01,mom60_skip5,3026,False,False,False,2026-07-29,1109.63785704
2026-06-30,2026-07-01,mom60_skip5,2492,False,False,False,2026-07-29,644.18696287
2026-06-30,2026-07-01,mom60_skip5,2327,False,False,False,2026-07-29,6312.69026142
2026-06-30,2026-07-01,mom60_skip5,2478,False,False,False,2026-07-29,271.17504673
2026-06-30,2026-07-01,mom60_skip5,6834,False,False,False,2026-07-29,134.186657469
2026-06-30,2026-07-01,mom60_skip5,3090,False,False,False,2026-07-29,395.59756409
2026-06-30,2026-07-01,mom60_skip5,2454,False,False,False,2026-07-29,5319.51682587
2026-06-30,2026-07-01,mom60_skip5,4807,False,False,True,2026-07-29,39.3841629631
2026-06-30,2026-07-01,mom60_skip5,2303,False,False,False,2026-07-29,205.01080246
2026-06-30,2026-07-01,mom60_skip5,3016,False,False,False,2026-07-29,144.743242317
2026-06-30,2026-07-01,mom60_skip5,4764,False,False,False,2026-07-29,309.674500073
2026-06-30,2026-07-01,mom60_skip5,3532,True,True,False,2026-07-29,442.416959176
2026-06-30,2026-07-01,mom60_skip5,2491,False,False,True,2026-07-29,41.0
2026-06-30,2026-07-01,mom60_skip5,6861,False,False,False,2026-07-29,359.713260261
2026-06-30,2026-07-01,mom60_skip5,2472,False,False,False,2026-07-29,528.319885109
2026-06-30,2026-07-01,mom60_skip5,2426,False,False,False,2026-07-29,79.3894416302
2026-06-30,2026-07-01,mom60_skip5,6166,False,False,False,2026-07-29,149.539097245
2026-06-30,2026-07-01,mom60_skip5,3481,False,False,False,2026-07-29,73.6489681167
2026-06-30,2026-07-01,mom60_skip5,4958,False,False,False,2026-07-29,733.369522888
2026-06-30,2026-07-01,mom60_skip5,2375,False,False,True,2026-07-29,234.224174969
2026-06-30,2026-07-01,mom60_skip5,8261,True,False,True,2026-07-29,334.798855492
2026-06-30,2026-07-01,mom60_skip5,2302,False,False,True,2026-07-29,54.5661960604
2026-06-30,2026-07-01,mom60_skip5,6449,False,False,False,2026-07-29,390.817499117
2026-06-30,2026-07-01,mom60_skip5,6658,False,False,False,2026-07-29,273.523147312
2026-06-30,2026-07-01,mom60_skip5,2464,False,False,False,2026-07-29,186.835547552
2026-06-30,2026-07-01,mom60_skip5,3229,False,False,False,2026-07-29,43.5
2026-06-30,2026-07-01,mom60_skip5,3450,False,False,True,2026-07-29,549.676482719
2026-06-30,2026-07-01,mom60_skip5,2493,False,False,True,2026-07-29,394.731363094
2026-06-30,2026-07-01,mom60_skip5,2305,False,False,True,2026-07-29,39.05
2026-06-30,2026-07-01,mom60_skip5,6116,False,False,True,2026-07-29,19.85
2026-06-30,2026-07-01,mom60_skip5,6531,False,False,False,2026-07-29,1093.29423236
2026-06-30,2026-07-01,mom60_skip5,8021,False,False,True,2026-07-29,667.726973358
2026-06-30,2026-07-01,mom60_skip5,6415,False,False,False,2026-07-29,627.938880201
2026-06-30,2026-07-01,mom60_skip5,3008,False,False,True,2026-07-29,5060.57531023
2026-06-30,2026-07-01,mom60_skip5,2344,False,False,True,2026-07-29,219.771134153
2026-06-30,2026-07-01,mom60_skip5,2481,False,False,True,2026-07-29,216.350711493
2026-06-30,2026-07-01,mom60_skip5,6525,True,True,True,2026-07-29,198.463332026
2026-06-30,2026-07-01,mom60_skip5,3189,False,False,False,2026-07-29,1020.19737691
2026-06-30,2026-07-01,mom60_skip5,2316,False,False,True,2026-07-29,233.336962678
2026-06-30,2026-07-01,mom60_skip5,8162,False,False,True,2026-07-29,85.9649808451
2026-06-30,2026-07-01,mom60_skip5,2059,False,False,True,2026-07-29,7735.49444343
2026-06-30,2026-07-01,mom60_skip5,2408,False,False,True,2026-07-29,469.18147393
2026-06-30,2026-07-01,mom60_skip5,6278,False,False,False,2026-07-29,251.937674465
2026-06-30,2026-07-01,mom60_skip5,6197,False,False,True,2026-07-29,397.25436679
2026-06-30,2026-07-01,mom60_skip5,2243,False,False,False,2026-07-29,60.7975951904
2026-06-30,2026-07-01,mom60_skip5,3042,True,False,False,2026-07-29,243.595308393
2026-06-30,2026-07-01,mom60_skip5,1809,False,False,True,2026-07-29,57.7777467834
2026-06-30,2026-07-01,mom60_skip5,4919,False,False,False,2026-07-29,192.780936008
2026-06-30,2026-07-01,mom60_skip5,6831,False,False,False,2026-07-29,955.03960396
2026-06-30,2026-07-01,mom60_skip5,5285,False,False,True,2026-07-29,111.3984057
2026-06-30,2026-07-01,mom60_skip5,1568,False,False,True,2026-07-29,44.7755926473
2026-06-30,2026-07-01,mom60_skip5,7788,False,False,True,2026-07-29,258.5
2026-06-30,2026-07-01,mom60_skip5,2484,True,False,False,2026-07-29,92.2977606538
2026-06-30,2026-07-01,mom60_skip5,3443,False,False,False,2026-07-29,5053.91305883
2026-06-30,2026-07-01,mom60_skip5,2483,False,False,True,2026-07-29,62.8067858259
2026-06-30,2026-07-01,mom60_skip5,6224,False,False,False,2026-07-29,87.7865953364
2026-06-30,2026-07-01,mom60_skip5,6405,False,False,False,2026-07-29,63.2565939788
2026-06-30,2026-07-01,mom60_skip5,3048,False,False,False,2026-07-29,70.9700749703
2026-06-30,2026-07-01,mom60_skip5,3037,False,False,False,2026-07-29,1184.71385143
2026-06-30,2026-07-01,mom60_skip5,2383,False,False,False,2026-07-29,5782.24822114
2026-06-30,2026-07-01,mom60_skip5,6155,False,False,True,2026-07-29,106.525671199
2026-06-30,2026-07-01,mom60_skip5,2342,False,False,True,2026-07-29,61.8171994344
2026-06-30,2026-07-01,mom60_skip5,1303,True,True,True,2026-07-29,191.977677411
2026-06-30,2026-07-01,mom60_skip5,1727,False,False,False,2026-07-29,94.7872610779
2026-06-30,2026-07-01,mom60_skip5,6672,False,False,False,2026-07-29,351.655926602
2026-06-30,2026-07-01,mom60_skip5,6451,False,False,False,2026-07-29,596.215391246
2026-06-30,2026-07-01,mom60_skip5,3021,False,False,True,2026-07-29,35.219763121
2026-06-30,2026-07-01,mom60_skip5,2428,False,False,True,2026-07-29,354.600171803
2026-06-30,2026-07-01,mom60_skip5,6196,False,False,True,2026-07-29,646.783834834
2026-06-30,2026-07-01,mom60_skip5,3167,False,False,False,2026-07-29,903.919632258
2026-06-30,2026-07-01,mom60_skip5,8150,False,False,True,2026-07-29,120.221169063
2026-06-30,2026-07-01,mom60_skip5,2351,False,False,False,2026-07-29,235.881009671
2026-06-30,2026-07-01,mom60_skip5,3583,False,False,False,2026-07-29,952.457442001
2026-06-30,2026-07-01,mom60_skip5,3673,False,False,False,2026-07-29,85.2613994483
2026-07-31,2026-08-03,logistic,3532,True,True,False,2026-08-28,281.539580205
2026-07-31,2026-08-03,logistic,7610,True,True,False,2026-08-28,1603.84409058
2026-07-31,2026-08-03,logistic,2923,False,False,True,2026-08-28,36.5660902405
2026-07-31,2026-08-03,logistic,3055,True,True,False,2026-08-28,92.8925971326
2026-07-31,2026-08-03,logistic,3026,True,True,False,2026-08-28,537.324637981
2026-07-31,2026-08-03,logistic,8261,False,True,False,2026-08-28,180.401110032
2026-07-31,2026-08-03,logistic,4764,False,False,False,2026-08-28,270.062662383
2026-07-31,2026-08-03,logistic,6226,True,True,False,2026-08-28,19.2
2026-07-31,2026-08-03,logistic,6141,True,True,False,2026-08-28,30.1
2026-07-31,2026-08-03,logistic,3167,True,True,True,2026-08-28,560.729020205
2026-07-31,2026-08-03,logistic,6715,True,True,False,2026-08-28,338.027860767
2026-07-31,2026-08-03,logistic,6451,True,True,False,2026-08-28,346.429878693
2026-07-31,2026-08-03,logistic,6834,True,True,False,2026-08-28,85.9433591887
2026-07-31,2026-08-03,logistic,2478,False,True,False,2026-08-28,122.120136232
2026-07-31,2026-08-03,logistic,8046,True,True,False,2026-08-28,1048.5401716
2026-07-31,2026-08-03,logistic,2493,True,True,False,2026-08-28,238.584983314
2026-07-31,2026-08-03,logistic,8150,True,True,False,2026-08-28,85.6209301622
2026-07-31,2026-08-03,logistic,6243,False,False,True,2026-08-28,54.0837002336
2026-07-31,2026-08-03,logistic,2492,True,True,False,2026-08-28,245.292804831
2026-07-31,2026-08-03,logistic,3090,True,True,False,2026-08-28,165.405604825
2026-07-31,2026-08-03,logistic,6831,True,True,False,2026-08-28,527.891089109
2026-07-31,2026-08-03,logistic,3450,True,True,False,2026-08-28,389.863134966
2026-07-31,2026-08-03,logistic,6166,True,True,False,2026-08-28,119.733748789
2026-07-31,2026-08-03,logistic,8039,True,True,True,2026-08-28,205.347074022
2026-07-31,2026-08-03,logistic,6531,True,True,False,2026-08-28,706.353822675
2026-07-31,2026-08-03,logistic,8033,False,False,True,2026-08-28,179.931651028
2026-07-31,2026-08-03,logistic,8021,True,True,False,2026-08-28,376.064611829
2026-07-31,2026-08-03,logistic,3189,True,True,False,2026-08-28,789.169916896
2026-07-31,2026-08-03,logistic,2434,False,False,False,2026-08-28,49.3
2026-07-31,2026-08-03,logistic,6573,False,False,False,2026-08-28,16.75
2026-07-31,2026-08-03,logistic,2484,True,True,False,2026-08-28,71.0518610316
2026-07-31,2026-08-03,logistic,7795,True,True,True,2026-08-28,356.822251403
2026-07-31,2026-08-03,logistic,2327,True,False,False,2026-08-28,2809.14716633
2026-07-31,2026-08-03,logistic,1303,True,True,False,2026-08-28,180.406505086
2026-07-31,2026-08-03,logistic,2486,True,True,True,2026-08-28,206.56753542
2026-07-31,2026-08-03,logistic,1810,False,False,True,2026-08-28,25.2694126857
2026-07-31,2026-08-03,logistic,2408,True,True,False,2026-08-28,387.416229682
2026-07-31,2026-08-03,logistic,4958,False,False,False,2026-08-28,478.234727874
2026-07-31,2026-08-03,logistic,2426,True,True,False,2026-08-28,50.5853237054
2026-07-31,2026-08-03,logistic,6213,True,True,False,2026-08-28,315.083043028
2026-07-31,2026-08-03,logistic,3229,True,True,False,2026-08-28,43.75
2026-07-31,2026-08-03,logistic,4722,True,True,False,2026-08-28,188.118673185
2026-07-31,2026-08-03,logistic,8996,True,True,False,2026-08-28,924.103581433
2026-07-31,2026-08-03,logistic,2472,False,False,False,2026-08-28,250.136283632
2026-07-31,2026-08-03,logistic,2332,False,False,True,2026-08-28,21.7729508653
2026-07-31,2026-08-03,logistic,3016,True,True,False,2026-08-28,82.1802291542
2026-07-31,2026-08-03,logistic,2302,True,True,False,2026-08-28,40.593273385
2026-07-31,2026-08-03,logistic,6830,True,True,False,2026-08-28,381.180559856
2026-07-31,2026-08-03,logistic,2429,False,False,True,2026-08-28,40.9017152659
2026-07-31,2026-08-03,logistic,6525,False,False,False,2026-08-28,155.264688778
2026-07-31,2026-08-03,logistic,6449,False,False,False,2026-08-28,234.379942893
2026-07-31,2026-08-03,logistic,6505,False,False,True,2026-08-28,77.9637760152
2026-07-31,2026-08-03,logistic,2305,False,False,False,2026-08-28,31.2
2026-07-31,2026-08-03,logistic,2481,True,True,False,2026-08-28,130.479552807
2026-07-31,2026-08-03,logistic,2483,False,False,False,2026-08-28,38.1713655235
2026-07-31,2026-08-03,logistic,6442,True,True,True,2026-08-28,1271.71215126
2026-07-31,2026-08-03,logistic,6426,True,True,True,2026-08-28,158.06160307
2026-07-31,2026-08-03,logistic,3037,True,True,False,2026-08-28,921.273610853
2026-07-31,2026-08-03,logistic,4919,False,False,False,2026-08-28,125.443369628
2026-07-31,2026-08-03,logistic,2455,True,True,True,2026-08-28,321.755842634
2026-07-31,2026-08-03,logistic,2466,False,False,True,2026-08-28,90.8590641636
2026-07-31,2026-08-03,logistic,2342,True,True,True,2026-08-28,34.1593317564
2026-07-31,2026-08-03,logistic,2375,False,False,False,2026-08-28,123.500019529
2026-07-31,2026-08-03,logistic,2337,True,True,True,2026-08-28,110.079101951
2026-07-31,2026-08-03,logistic,8131,False,False,True,2026-08-28,64.9942624209
2026-07-31,2026-08-03,logistic,2360,False,False,True,2026-08-28,2367.32199128
2026-07-31,2026-08-03,logistic,2344,True,True,True,2026-08-28,142.267304234
2026-07-31,2026-08-03,logistic,2243,False,False,False,2026-08-28,43.0521042084
2026-07-31,2026-08-03,logistic,3006,True,True,True,2026-08-28,198.752554058
2026-07-31,2026-08-03,logistic,6239,False,False,False,2026-08-28,282.05047826
2026-07-31,2026-08-03,logistic,1515,True,True,True,2026-08-28,30.5115299215
2026-07-31,2026-08-03,logistic,2351,True,True,False,2026-08-28,155.25655371
2026-07-31,2026-08-03,mom60_skip5,7610,True,True,False,2026-08-28,1603.84409058
2026-07-31,2026-08-03,mom60_skip5,3026,True,True,False,2026-08-28,537.324637981
2026-07-31,2026-08-03,mom60_skip5,6834,True,True,False,2026-08-28,85.9433591887
2026-07-31,2026-08-03,mom60_skip5,2302,True,True,False,2026-08-28,40.593273385
2026-07-31,2026-08-03,mom60_skip5,6166,True,True,False,2026-08-28,119.733748789
2026-07-31,2026-08-03,mom60_skip5,2434,False,False,True,2026-08-28,49.3
2026-07-31,2026-08-03,mom60_skip5,6446,True,True,True,2026-08-28,1358.35832917
2026-07-31,2026-08-03,mom60_skip5,2305,False,False,False,2026-08-28,31.2
2026-07-31,2026-08-03,mom60_skip5,2327,True,False,False,2026-08-28,2809.14716633
2026-07-31,2026-08-03,mom60_skip5,2243,False,False,False,2026-08-28,43.0521042084
2026-07-31,2026-08-03,mom60_skip5,1303,True,True,False,2026-08-28,180.406505086
2026-07-31,2026-08-03,mom60_skip5,2492,True,True,False,2026-08-28,245.292804831
2026-07-31,2026-08-03,mom60_skip5,8261,False,True,False,2026-08-28,180.401110032
2026-07-31,2026-08-03,mom60_skip5,3481,False,False,False,2026-08-28,46.8107848199
2026-07-31,2026-08-03,mom60_skip5,8039,True,True,True,2026-08-28,205.347074022
2026-07-31,2026-08-03,mom60_skip5,4807,False,False,False,2026-08-28,40.1901144562
2026-07-31,2026-08-03,mom60_skip5,2466,False,False,True,2026-08-28,90.8590641636
2026-07-31,2026-08-03,mom60_skip5,2484,True,True,False,2026-08-28,71.0518610316
2026-07-31,2026-08-03,mom60_skip5,2059,True,True,False,2026-08-28,8765.84765868
2026-07-31,2026-08-03,mom60_skip5,2478,False,True,False,2026-08-28,122.120136232
2026-07-31,2026-08-03,mom60_skip5,3055,True,True,True,2026-08-28,92.8925971326
2026-07-31,2026-08-03,mom60_skip5,2483,False,False,False,2026-08-28,38.1713655235
2026-07-31,2026-08-03,mom60_skip5,4916,False,False,True,2026-08-28,97.3446883143
2026-07-31,2026-08-03,mom60_skip5,1714,True,True,True,2026-08-28,14.0121161281
2026-07-31,2026-08-03,mom60_skip5,6116,False,False,False,2026-08-28,12.35
2026-07-31,2026-08-03,mom60_skip5,6505,False,False,True,2026-08-28,77.9637760152
2026-07-31,2026-08-03,mom60_skip5,1515,True,True,True,2026-08-28,30.5115299215
2026-07-31,2026-08-03,mom60_skip5,3090,True,True,False,2026-08-28,165.405604825
2026-07-31,2026-08-03,mom60_skip5,2332,False,False,True,2026-08-28,21.7729508653
2026-07-31,2026-08-03,mom60_skip5,3008,True,True,False,2026-08-28,4474.49531884
2026-07-31,2026-08-03,mom60_skip5,2493,True,True,False,2026-08-28,238.584983314
2026-07-31,2026-08-03,mom60_skip5,1810,False,False,True,2026-08-28,25.2694126857
2026-07-31,2026-08-03,mom60_skip5,6243,False,False,True,2026-08-28,54.0837002336
2026-07-31,2026-08-03,mom60_skip5,2491,True,True,False,2026-08-28,23.0
2026-07-31,2026-08-03,mom60_skip5,6226,True,True,True,2026-08-28,19.2
2026-07-31,2026-08-03,mom60_skip5,3532,True,True,False,2026-08-28,281.539580205
2026-07-31,2026-08-03,mom60_skip5,6573,False,False,True,2026-08-28,16.75
2026-07-31,2026-08-03,mom60_skip5,6585,False,False,True,2026-08-28,132.378273056
2026-07-31,2026-08-03,mom60_skip5,6414,False,False,True,2026-08-28,468.142083839
2026-07-31,2026-08-03,mom60_skip5,2425,False,False,True,2026-08-28,49.8551903462
2026-07-31,2026-08-03,mom60_skip5,2887,False,False,True,2026-08-28,44.8821394466
2026-07-31,2026-08-03,mom60_skip5,6957,False,False,True,2026-08-28,236.709057363
2026-07-31,2026-08-03,mom60_skip5,2375,False,False,False,2026-08-28,123.500019529
2026-07-31,2026-08-03,mom60_skip5,3189,True,True,False,2026-08-28,789.169916896
2026-07-31,2026-08-03,mom60_skip5,2377,False,False,True,2026-08-28,156.40188955
2026-07-31,2026-08-03,mom60_skip5,2395,False,False,True,2026-08-28,671.635557844
2026-07-31,2026-08-03,mom60_skip5,6525,False,False,False,2026-08-28,155.264688778
2026-07-31,2026-08-03,mom60_skip5,2883,False,False,True,2026-08-28,34.8701847767
2026-07-31,2026-08-03,mom60_skip5,2408,True,True,False,2026-08-28,387.416229682
2026-07-31,2026-08-03,mom60_skip5,6449,False,False,False,2026-08-28,234.379942893
2026-07-31,2026-08-03,mom60_skip5,8926,False,False,True,2026-08-28,78.9548627907
2026-07-31,2026-08-03,mom60_skip5,2303,False,False,False,2026-08-28,153.938332948
2026-07-31,2026-08-03,mom60_skip5,2344,True,True,False,2026-08-28,142.267304234
2026-07-31,2026-08-03,mom60_skip5,2881,False,False,True,2026-08-28,166.870940394
2026-07-31,2026-08-03,mom60_skip5,1709,True,True,True,2026-08-28,26.9059260515
2026-07-31,2026-08-03,mom60_skip5,2409,False,False,True,2026-08-28,27.132875184
2026-07-31,2026-08-03,mom60_skip5,5285,False,False,False,2026-08-28,80.8094992165
2026-07-31,2026-08-03,mom60_skip5,1708,False,False,True,2026-08-28,59.2936665577
2026-07-31,2026-08-03,mom60_skip5,9914,True,True,True,2026-08-28,84.1770060236
2026-07-31,2026-08-03,mom60_skip5,2472,False,False,False,2026-08-28,250.136283632
2026-07-31,2026-08-03,mom60_skip5,1409,False,False,True,2026-08-28,23.7855603048
2026-07-31,2026-08-03,mom60_skip5,2481,True,True,False,2026-08-28,130.479552807
2026-07-31,2026-08-03,mom60_skip5,6579,False,False,True,2026-08-28,184.419473456
2026-07-31,2026-08-03,mom60_skip5,8114,False,False,True,2026-08-28,231.119021788
2026-07-31,2026-08-03,mom60_skip5,2379,False,False,True,2026-08-28,767.429935821
2026-07-31,2026-08-03,mom60_skip5,4551,False,False,True,2026-08-28,185.509912621
2026-07-31,2026-08-03,mom60_skip5,8476,False,False,True,2026-08-28,43.1890261767
2026-07-31,2026-08-03,mom60_skip5,2527,False,False,True,2026-08-28,51.4614527938
2026-07-31,2026-08-03,mom60_skip5,2634,False,False,True,2026-08-28,67.1170226254
2026-07-31,2026-08-03,mom60_skip5,2356,False,False,True,2026-08-28,69.1429421359
2026-07-31,2026-08-03,mom60_skip5,2923,False,False,True,2026-08-28,36.5660902405
2026-07-31,2026-08-03,mom60_skip5,8454,False,False,True,2026-08-28,331.880165885
2026-08-31,2026-09-01,logistic,6715,True,True,False,2026-09-30,352.112354966
2026-08-31,2026-09-01,logistic,3026,False,False,False,2026-09-30,960.93638746
2026-08-31,2026-09-01,logistic,8039,False,False,False,2026-09-30,395.037186389
2026-08-31,2026-09-01,logistic,6226,True,True,False,2026-09-30,32.8
2026-08-31,2026-09-01,logistic,7610,True,True,False,2026-09-30,1852.92593798
2026-08-31,2026-09-01,logistic,2426,False,False,False,2026-09-30,100.254615392
2026-08-31,2026-09-01,logistic,6141,False,False,False,2026-09-30,58.9
2026-08-31,2026-09-01,logistic,8046,False,False,False,2026-09-30,1398.05356214
2026-08-31,2026-09-01,logistic,3229,True,True,False,2026-09-30,53.6
2026-08-31,2026-09-01,logistic,3406,False,False,True,2026-09-30,1133.7908538
2026-08-31,2026-09-01,logistic,3532,False,False,False,2026-09-30,418.984099675
2026-08-31,2026-09-01,logistic,3605,True,True,True,2026-09-30,136.951855186
2026-08-31,2026-09-01,logistic,1709,True,True,True,2026-09-30,40.3816290418
2026-08-31,2026-09-01,logistic,7788,False,False,True,2026-09-30,323.815789474
2026-08-31,2026-09-01,logistic,2464,False,False,True,2026-09-30,197.036338941
2026-08-31,2026-09-01,logistic,2491,False,False,True,2026-09-30,45.75
2026-08-31,2026-09-01,logistic,7795,False,False,False,2026-09-30,509.602482989
2026-08-31,2026-09-01,logistic,2434,False,False,False,2026-09-30,68.1
2026-08-31,2026-09-01,logistic,2492,False,False,False,2026-09-30,320.017765243
2026-08-31,2026-09-01,logistic,3450,False,False,False,2026-09-30,659.611779263
2026-08-31,2026-09-01,logistic,3008,False,False,True,2026-09-30,8706.57917973
2026-08-31,2026-09-01,logistic,6919,False,False,True,2026-09-30,950.0
2026-08-31,2026-09-01,logistic,1303,False,False,False,2026-09-30,271.696543805
2026-08-31,2026-09-01,logistic,3167,False,False,False,2026-09-30,867.872986438
2026-08-31,2026-09-01,logistic,6213,False,False,False,2026-09-30,599.639009223
2026-08-31,2026-09-01,logistic,6108,False,False,True,2026-09-30,26.9571310768
2026-08-31,2026-09-01,logistic,8996,True,True,False,2026-09-30,1221.39674711
2026-08-31,2026-09-01,logistic,2478,False,False,False,2026-09-30,139.081266264
2026-08-31,2026-09-01,logistic,3189,False,False,False,2026-09-30,951.545885408
2026-08-31,2026-09-01,logistic,1515,False,False,False,2026-09-30,36.5048661561
2026-08-31,2026-09-01,logistic,6451,False,False,False,2026-09-30,464.810502921
2026-08-31,2026-09-01,logistic,3055,True,True,False,2026-09-30,125.902267184
2026-08-31,2026-09-01,logistic,2305,True,True,False,2026-09-30,29.7
2026-08-31,2026-09-01,logistic,4764,False,False,False,2026-09-30,249.56746718
2026-08-31,2026-09-01,logistic,6933,True,True,True,2026-09-30,307.114652374
2026-08-31,2026-09-01,logistic,2033,True,True,True,2026-09-30,24.7594936709
2026-08-31,2026-09-01,logistic,8103,False,False,True,2026-09-30,123.80850672
2026-08-31,2026-09-01,logistic,8261,False,False,False,2026-09-30,204.949362346
2026-08-31,2026-09-01,logistic,2489,False,False,True,2026-09-30,42.427608824
2026-08-31,2026-09-01,logistic,6831,False,False,False,2026-09-30,622.589108911
2026-08-31,2026-09-01,logistic,6426,True,True,False,2026-09-30,273.588356144
2026-08-31,2026-09-01,logistic,6834,True,True,False,2026-09-30,95.9541098253
2026-08-31,2026-09-01,logistic,2481,False,False,False,2026-09-30,168.396687811
2026-08-31,2026-09-01,logistic,6446,False,False,True,2026-09-30,1697.94791146
2026-08-31,2026-09-01,logistic,3543,False,False,True,2026-09-30,63.4195473962
2026-08-31,2026-09-01,logistic,2351,False,False,False,2026-09-30,251.152961202
2026-08-31,2026-09-01,logistic,3037,False,True,False,2026-09-30,1007.71139619
2026-08-31,2026-09-01,logistic,3443,True,True,True,2026-09-30,6742.01351527
2026-08-31,2026-09-01,logistic,3042,False,False,True,2026-09-30,224.857207747
2026-08-31,2026-09-01,logistic,1727,False,False,True,2026-09-30,104.737305058
2026-08-31,2026-09-01,logistic,8021,False,False,False,2026-09-30,493.478449912
2026-08-31,2026-09-01,logistic,2368,False,False,True,2026-09-30,1275.25931603
2026-08-31,2026-09-01,logistic,2375,False,False,False,2026-09-30,136.537912447
2026-08-31,2026-09-01,logistic,7711,False,False,True,2026-09-30,550.268245453
2026-08-31,2026-09-01,logistic,8033,False,False,False,2026-09-30,198.508665146
2026-08-31,2026-09-01,logistic,1597,False,False,True,2026-09-30,146.919155518
2026-08-31,2026-09-01,logistic,2484,False,False,False,2026-09-30,86.9401070011
2026-08-31,2026-09-01,logistic,3653,False,False,True,2026-09-30,6345.79332028
2026-08-31,2026-09-01,logistic,6805,False,False,True,2026-09-30,2356.38230926
2026-08-31,2026-09-01,logistic,2465,False,False,True,2026-09-30,98.3173303732
2026-08-31,2026-09-01,logistic,3090,False,False,False,2026-09-30,213.908000225
2026-08-31,2026-09-01,logistic,2327,False,False,False,2026-09-30,2898.57694504
2026-08-31,2026-09-01,logistic,6269,False,False,True,2026-09-30,85.0675299364
2026-08-31,2026-09-01,logistic,3504,False,False,True,2026-09-30,90.3
2026-08-31,2026-09-01,logistic,2455,False,False,False,2026-09-30,522.919943253
2026-08-31,2026-09-01,mom60_skip5,2059,False,False,False,2026-09-30,14706.7662631
2026-08-31,2026-09-01,mom60_skip5,2466,False,False,False,2026-09-30,102.344634351
2026-08-31,2026-09-01,mom60_skip5,8039,False,False,False,2026-09-30,395.037186389
2026-08-31,2026-09-01,mom60_skip5,6213,False,False,True,2026-09-30,599.639009223
2026-08-31,2026-09-01,mom60_skip5,6446,False,False,False,2026-09-30,1697.94791146
2026-08-31,2026-09-01,mom60_skip5,6226,True,True,False,2026-09-30,32.8
2026-08-31,2026-09-01,mom60_skip5,1709,True,True,False,2026-09-30,40.3816290418
2026-08-31,2026-09-01,mom60_skip5,1303,False,False,False,2026-09-30,271.696543805
2026-08-31,2026-09-01,mom60_skip5,2615,False,False,True,2026-09-30,134.731363593
2026-08-31,2026-09-01,mom60_skip5,3605,True,True,True,2026-09-30,136.951855186
2026-08-31,2026-09-01,mom60_skip5,2434,False,False,False,2026-09-30,68.1
2026-08-31,2026-09-01,mom60_skip5,2634,False,False,False,2026-09-30,73.4777862076
2026-08-31,2026-09-01,mom60_skip5,9921,False,False,True,2026-09-30,112.068585247
2026-08-31,2026-09-01,mom60_skip5,7795,False,False,True,2026-09-30,509.602482989
2026-08-31,2026-09-01,mom60_skip5,2546,False,False,True,2026-09-30,158.53085397
2026-08-31,2026-09-01,mom60_skip5,2484,False,False,False,2026-09-30,86.9401070011
2026-08-31,2026-09-01,mom60_skip5,3008,False,False,False,2026-09-30,8706.57917973
2026-08-31,2026-09-01,mom60_skip5,5515,False,False,True,2026-09-30,60.3750602425
2026-08-31,2026-09-01,mom60_skip5,1714,False,False,False,2026-09-30,19.1571204102
2026-08-31,2026-09-01,mom60_skip5,8033,False,False,True,2026-09-30,198.508665146
2026-08-31,2026-09-01,mom60_skip5,3653,False,False,True,2026-09-30,6345.79332028
2026-08-31,2026-09-01,mom60_skip5,2033,True,True,True,2026-09-30,24.7594936709
2026-08-31,2026-09-01,mom60_skip5,1515,False,False,False,2026-09-30,36.5048661561
2026-08-31,2026-09-01,mom60_skip5,7711,False,False,True,2026-09-30,550.268245453
2026-08-31,2026-09-01,mom60_skip5,2887,False,False,False,2026-09-30,49.1807105485
2026-08-31,2026-09-01,mom60_skip5,8462,False,False,True,2026-09-30,187.488298023
2026-08-31,2026-09-01,mom60_skip5,2483,False,False,False,2026-09-30,38.4420844279
2026-08-31,2026-09-01,mom60_skip5,2637,False,False,True,2026-09-30,123.102212777
2026-08-31,2026-09-01,mom60_skip5,3532,False,False,False,2026-09-30,418.984099675
2026-08-31,2026-09-01,mom60_skip5,8046,False,False,True,2026-09-30,1398.05356214
2026-08-31,2026-09-01,mom60_skip5,4119,False,False,True,2026-09-30,67.1028955643
2026-08-31,2026-09-01,mom60_skip5,2103,False,False,True,2026-09-30,31.7679253812
2026-08-31,2026-09-01,mom60_skip5,2395,False,False,False,2026-09-30,833.796215054
2026-08-31,2026-09-01,mom60_skip5,3229,True,True,True,2026-09-30,53.6
2026-08-31,2026-09-01,mom60_skip5,6472,False,False,True,2026-09-30,552.042170734
2026-08-31,2026-09-01,mom60_skip5,3022,False,False,True,2026-09-30,107.513711331
2026-08-31,2026-09-01,mom60_skip5,9914,False,False,False,2026-09-30,93.5588206895
2026-08-31,2026-09-01,mom60_skip5,2408,False,False,False,2026-09-30,570.003584926
2026-08-31,2026-09-01,mom60_skip5,2030,True,True,True,2026-09-30,26.8729711811
2026-08-31,2026-09-01,mom60_skip5,2915,False,False,True,2026-09-30,64.8937572792
2026-08-31,2026-09-01,mom60_skip5,2609,False,False,True,2026-09-30,100.030083049
2026-08-31,2026-09-01,mom60_skip5,6834,True,True,False,2026-09-30,95.9541098253
2026-08-31,2026-09-01,mom60_skip5,7788,False,False,True,2026-09-30,323.815789474
2026-08-31,2026-09-01,mom60_skip5,6214,False,False,True,2026-09-30,217.754453273
2026-08-31,2026-09-01,mom60_skip5,6505,True,True,False,2026-09-30,80.4752141781
2026-08-31,2026-09-01,mom60_skip5,6409,False,False,True,2026-09-30,1162.71716048
2026-08-31,2026-09-01,mom60_skip5,6243,False,False,False,2026-09-30,43.1587927864
2026-08-31,2026-09-01,mom60_skip5,2302,False,False,False,2026-09-30,49.4299043259
2026-08-31,2026-09-01,mom60_skip5,2851,False,False,True,2026-09-30,54.4958507302
2026-08-31,2026-09-01,mom60_skip5,1810,False,False,False,2026-09-30,26.2613937622
2026-08-31,2026-09-01,mom60_skip5,2890,False,False,True,2026-09-30,51.4631927678
2026-08-31,2026-09-01,mom60_skip5,2332,False,False,False,2026-09-30,21.0402073266
2026-08-31,2026-09-01,mom60_skip5,3443,True,True,True,2026-09-30,6742.01351527
2026-08-31,2026-09-01,mom60_skip5,2006,False,False,True,2026-09-30,100.334657723
2026-08-31,2026-09-01,mom60_skip5,3617,False,False,True,2026-09-30,311.300144089
2026-08-31,2026-09-01,mom60_skip5,1907,False,False,True,2026-09-30,34.1256453848
2026-08-31,2026-09-01,mom60_skip5,2723,False,False,True,2026-09-30,88.9510892786
2026-08-31,2026-09-01,mom60_skip5,6108,False,False,True,2026-09-30,26.9571310768
2026-08-31,2026-09-01,mom60_skip5,2905,False,False,True,2026-09-30,18.5470810779
2026-08-31,2026-09-01,mom60_skip5,5608,False,False,True,2026-09-30,18.3033910534
2026-08-31,2026-09-01,mom60_skip5,2630,False,False,True,2026-09-30,59.6533130307
2026-08-31,2026-09-01,mom60_skip5,2520,False,False,True,2026-09-30,48.0822910635
2026-08-31,2026-09-01,mom60_skip5,2027,False,False,True,2026-09-30,68.1643179604
2026-08-31,2026-09-01,mom60_skip5,7610,True,True,False,2026-09-30,1852.92593798
2026-08-31,2026-09-01,mom60_skip5,9945,False,False,True,2026-09-30,28.5792058373
