offset,days,logistic_minus_mom60,logistic_minus_mom20,hgb_minus_mom60
0,12,0.030444487057282085,0.020451561729203465,0.00048409196178738023
1,12,0.03201369372891276,0.030250342245381045,0.0010848992898088345
2,12,0.03656956444221154,0.03029122410709696,0.016547426566301916
3,11,0.023908104056923896,0.019242369077863485,0.0006905465062244691
4,11,0.02008030053704962,0.022329189177322486,0.006852878338703052
5,11,0.024835808434910324,0.016827324820099923,0.026779233095063828
6,11,0.02925359999979089,0.014340361724773936,0.031640944234416275
7,11,0.019277168183257254,0.019009443182178534,0.009952472281490288
8,11,0.035609159488926394,0.03199356850622697,0.015222791951500588
9,11,0.03631516760989957,0.03517234216861082,0.003255420124842486
10,11,0.032703428178676025,0.022686079670894,0.00970891238417987
11,11,0.05096753020210667,0.03426643257438444,0.0262499655885477
12,11,0.0481228506862956,0.01754669846157939,0.026628216731870078
13,11,0.04164986673139671,0.02223970706881011,0.0025213395931491813
14,11,0.030690597155229572,0.00974680021190032,-0.0003759682817702579
15,11,0.029135804703586746,0.01127553246565693,0.0027410165494692455
16,11,0.03365385756014298,0.013585067209175971,0.0019790851095834966
17,11,0.01944199230829239,0.00352811010115978,-0.0009016853868113903
18,11,0.023287107988285507,0.010634331237847955,0.014745873432376449
19,11,0.03958090990260609,0.03804013843490701,-0.004666527224501113
