method,entry_date,exit_observation_date,selected,available,waiver_scenario_stock_months,mean_gross_price_plus_cash_return,coverage
logistic,2026-01-02,2026-02-02,59,59,1,0.11153506218984932,1.0
logistic,2026-02-02,2026-03-02,69,69,0,0.06896535855449804,1.0
logistic,2026-03-02,2026-04-01,68,68,0,0.0626102047575057,1.0
logistic,2026-04-01,2026-05-04,67,67,0,0.2874993316964122,1.0
logistic,2026-05-04,2026-06-01,69,69,0,0.1557741976286534,1.0
logistic,2026-06-01,2026-07-01,72,72,1,0.0633873868332494,1.0
logistic,2026-07-01,2026-08-03,75,74,2,-0.31863298134204243,0.9866666666666667
logistic,2026-08-03,2026-09-01,72,72,2,0.2742330961749912,1.0
logistic,2026-09-01,2026-10-01,65,64,0,0.08963992190886808,0.9846153846153847
mom60_skip5,2026-01-02,2026-02-02,59,59,1,0.12794156506096727,1.0
mom60_skip5,2026-02-02,2026-03-02,69,69,0,0.08580745289843685,1.0
mom60_skip5,2026-03-02,2026-04-01,68,68,0,0.040667880089954034,1.0
mom60_skip5,2026-04-01,2026-05-04,67,67,0,0.3360816649040933,1.0
mom60_skip5,2026-05-04,2026-06-01,69,69,0,0.10900149218622676,1.0
mom60_skip5,2026-06-01,2026-07-01,72,72,0,0.052177357208803114,1.0
mom60_skip5,2026-07-01,2026-08-03,75,74,1,-0.31770374550117875,0.9866666666666667
mom60_skip5,2026-08-03,2026-09-01,72,72,0,0.1746963397469348,1.0
mom60_skip5,2026-09-01,2026-10-01,65,65,0,0.05751634037767328,1.0
