date,fraction,eligible,top_n,positives,base_rate,logistic,hist_gradient_boosting,mom60_skip5,mom20
2025-01-02,0.05,642,33,16,0.024922118380062305,0.12121212121212122,0.030303030303030304,0.09090909090909091,0.09090909090909091
2025-01-02,0.1,642,65,16,0.024922118380062305,0.07692307692307693,0.06153846153846154,0.06153846153846154,0.07692307692307693
2025-01-02,0.2,642,129,16,0.024922118380062305,0.06201550387596899,0.06201550387596899,0.031007751937984496,0.05426356589147287
2025-01-03,0.05,642,33,20,0.03115264797507788,0.12121212121212122,0.09090909090909091,0.09090909090909091,0.12121212121212122
2025-01-03,0.1,642,65,20,0.03115264797507788,0.07692307692307693,0.09230769230769231,0.06153846153846154,0.07692307692307693
2025-01-03,0.2,642,129,20,0.03115264797507788,0.05426356589147287,0.05426356589147287,0.05426356589147287,0.05426356589147287
2025-01-06,0.05,638,32,17,0.02664576802507837,0.15625,0.03125,0.09375,0.09375
2025-01-06,0.1,638,64,17,0.02664576802507837,0.09375,0.0625,0.046875,0.0625
2025-01-06,0.2,638,128,17,0.02664576802507837,0.046875,0.0546875,0.0546875,0.046875
2025-01-07,0.05,639,32,18,0.028169014084507043,0.15625,0.15625,0.0625,0.0625
2025-01-07,0.1,639,64,18,0.028169014084507043,0.109375,0.109375,0.03125,0.0625
2025-01-07,0.2,639,128,18,0.028169014084507043,0.0703125,0.0859375,0.0546875,0.0625
2025-01-08,0.05,633,32,18,0.02843601895734597,0.09375,0.09375,0.0625,0.125
2025-01-08,0.1,633,64,18,0.02843601895734597,0.046875,0.046875,0.03125,0.078125
2025-01-08,0.2,633,127,18,0.02843601895734597,0.05511811023622047,0.07874015748031496,0.05511811023622047,0.05511811023622047
2025-01-09,0.05,631,32,30,0.04754358161648178,0.125,0.15625,0.15625,0.1875
2025-01-09,0.1,631,64,30,0.04754358161648178,0.09375,0.109375,0.109375,0.125
2025-01-09,0.2,631,127,30,0.04754358161648178,0.10236220472440945,0.09448818897637795,0.08661417322834646,0.09448818897637795
2025-01-10,0.05,633,32,32,0.05055292259083728,0.25,0.1875,0.1875,0.1875
2025-01-10,0.1,633,64,32,0.05055292259083728,0.171875,0.1875,0.125,0.140625
2025-01-10,0.2,633,127,32,0.05055292259083728,0.11023622047244094,0.13385826771653545,0.10236220472440945,0.11023622047244094
2025-01-13,0.05,634,32,41,0.06466876971608833,0.28125,0.1875,0.21875,0.25
2025-01-13,0.1,634,64,41,0.06466876971608833,0.1875,0.171875,0.203125,0.21875
2025-01-13,0.2,634,127,41,0.06466876971608833,0.13385826771653545,0.14960629921259844,0.13385826771653545,0.11023622047244094
2025-01-14,0.05,636,32,37,0.05817610062893082,0.25,0.15625,0.28125,0.21875
2025-01-14,0.1,636,64,37,0.05817610062893082,0.171875,0.140625,0.171875,0.1875
2025-01-14,0.2,636,128,37,0.05817610062893082,0.109375,0.1015625,0.1328125,0.1015625
2025-01-15,0.05,637,32,45,0.0706436420722135,0.25,0.21875,0.3125,0.21875
2025-01-15,0.1,637,64,45,0.0706436420722135,0.203125,0.1875,0.21875,0.171875
2025-01-15,0.2,637,128,45,0.0706436420722135,0.1328125,0.1875,0.1640625,0.125
2025-01-16,0.05,640,32,40,0.0625,0.21875,0.15625,0.28125,0.15625
2025-01-16,0.1,640,64,40,0.0625,0.171875,0.15625,0.15625,0.140625
2025-01-16,0.2,640,128,40,0.0625,0.140625,0.140625,0.109375,0.09375
2025-01-17,0.05,640,32,45,0.0703125,0.25,0.15625,0.25,0.1875
2025-01-17,0.1,640,64,45,0.0703125,0.203125,0.203125,0.1875,0.171875
2025-01-17,0.2,640,128,45,0.0703125,0.140625,0.15625,0.125,0.109375
2025-01-20,0.05,634,32,36,0.056782334384858045,0.125,0.125,0.0625,0.03125
2025-01-20,0.1,634,64,36,0.056782334384858045,0.125,0.109375,0.078125,0.078125
2025-01-20,0.2,634,127,36,0.056782334384858045,0.13385826771653545,0.10236220472440945,0.07086614173228346,0.07874015748031496
2025-01-21,0.05,632,32,39,0.061708860759493674,0.125,0.15625,0.15625,0.09375
2025-01-21,0.1,632,64,39,0.061708860759493674,0.15625,0.109375,0.09375,0.078125
2025-01-21,0.2,632,127,39,0.061708860759493674,0.12598425196850394,0.09448818897637795,0.10236220472440945,0.08661417322834646
2025-01-22,0.05,629,32,37,0.058823529411764705,0.125,0.09375,0.15625,0.09375
2025-01-22,0.1,629,63,37,0.058823529411764705,0.12698412698412698,0.1111111111111111,0.09523809523809523,0.14285714285714285
2025-01-22,0.2,629,126,37,0.058823529411764705,0.10317460317460317,0.1111111111111111,0.09523809523809523,0.1111111111111111
2025-02-03,0.05,628,32,39,0.06210191082802548,0.1875,0.09375,0.21875,0.1875
2025-02-03,0.1,628,63,39,0.06210191082802548,0.15873015873015872,0.12698412698412698,0.1111111111111111,0.15873015873015872
2025-02-03,0.2,628,126,39,0.06210191082802548,0.15873015873015872,0.16666666666666666,0.10317460317460317,0.10317460317460317
2025-02-04,0.05,624,32,39,0.0625,0.125,0.125,0.125,0.125
2025-02-04,0.1,624,63,39,0.0625,0.14285714285714285,0.1111111111111111,0.06349206349206349,0.14285714285714285
2025-02-04,0.2,624,125,39,0.0625,0.136,0.12,0.088,0.128
2025-02-05,0.05,620,31,30,0.04838709677419355,0.06451612903225806,0.0967741935483871,0.06451612903225806,0.16129032258064516
2025-02-05,0.1,620,62,30,0.04838709677419355,0.08064516129032258,0.08064516129032258,0.03225806451612903,0.11290322580645161
2025-02-05,0.2,620,124,30,0.04838709677419355,0.07258064516129033,0.07258064516129033,0.056451612903225805,0.0967741935483871
2025-02-06,0.05,619,31,27,0.04361873990306947,0.0,0.0967741935483871,0.03225806451612903,0.06451612903225806
2025-02-06,0.1,619,62,27,0.04361873990306947,0.06451612903225806,0.08064516129032258,0.03225806451612903,0.0967741935483871
2025-02-06,0.2,619,124,27,0.04361873990306947,0.06451612903225806,0.07258064516129033,0.056451612903225805,0.07258064516129033
2025-02-07,0.05,620,31,26,0.041935483870967745,0.03225806451612903,0.06451612903225806,0.03225806451612903,0.0967741935483871
2025-02-07,0.1,620,62,26,0.041935483870967745,0.06451612903225806,0.06451612903225806,0.03225806451612903,0.0967741935483871
2025-02-07,0.2,620,124,26,0.041935483870967745,0.08870967741935484,0.08064516129032258,0.03225806451612903,0.04838709677419355
2025-02-10,0.05,620,31,24,0.03870967741935484,0.06451612903225806,0.12903225806451613,0.03225806451612903,0.06451612903225806
2025-02-10,0.1,620,62,24,0.03870967741935484,0.08064516129032258,0.11290322580645161,0.016129032258064516,0.08064516129032258
2025-02-10,0.2,620,124,24,0.03870967741935484,0.08064516129032258,0.06451612903225806,0.03225806451612903,0.056451612903225805
2025-02-11,0.05,622,32,20,0.03215434083601286,0.09375,0.0625,0.0,0.0625
2025-02-11,0.1,622,63,20,0.03215434083601286,0.06349206349206349,0.06349206349206349,0.0,0.047619047619047616
2025-02-11,0.2,622,125,20,0.03215434083601286,0.056,0.048,0.016,0.04
2025-02-12,0.05,622,32,20,0.03215434083601286,0.0625,0.03125,0.0,0.0625
2025-02-12,0.1,622,63,20,0.03215434083601286,0.047619047619047616,0.031746031746031744,0.031746031746031744,0.047619047619047616
2025-02-12,0.2,622,125,20,0.03215434083601286,0.056,0.064,0.016,0.048
2025-02-13,0.05,628,32,14,0.022292993630573247,0.03125,0.0625,0.0,0.0625
2025-02-13,0.1,628,63,14,0.022292993630573247,0.07936507936507936,0.06349206349206349,0.031746031746031744,0.047619047619047616
2025-02-13,0.2,628,126,14,0.022292993630573247,0.06349206349206349,0.047619047619047616,0.03968253968253968,0.03968253968253968
2025-02-14,0.05,636,32,11,0.01729559748427673,0.0625,0.09375,0.03125,0.09375
2025-02-14,0.1,636,64,11,0.01729559748427673,0.09375,0.078125,0.0625,0.0625
2025-02-14,0.2,636,128,11,0.01729559748427673,0.0546875,0.046875,0.046875,0.0390625
2025-02-17,0.05,637,32,10,0.015698587127158554,0.09375,0.15625,0.03125,0.09375
2025-02-17,0.1,637,64,10,0.015698587127158554,0.078125,0.078125,0.046875,0.046875
2025-02-17,0.2,637,128,10,0.015698587127158554,0.0390625,0.0390625,0.03125,0.03125
2025-02-18,0.05,639,32,7,0.010954616588419406,0.03125,0.0625,0.0,0.03125
2025-02-18,0.1,639,64,7,0.010954616588419406,0.03125,0.03125,0.015625,0.015625
2025-02-18,0.2,639,128,7,0.010954616588419406,0.0234375,0.015625,0.0234375,0.015625
2025-02-19,0.05,637,32,5,0.007849293563579277,0.0,0.0,0.0,0.0
2025-02-19,0.1,637,64,5,0.007849293563579277,0.015625,0.015625,0.0,0.015625
2025-02-19,0.2,637,128,5,0.007849293563579277,0.015625,0.0078125,0.0078125,0.015625
2025-02-20,0.05,643,33,6,0.00933125972006221,0.0,0.0,0.0,0.0
2025-02-20,0.1,643,65,6,0.00933125972006221,0.015384615384615385,0.015384615384615385,0.0,0.03076923076923077
2025-02-20,0.2,643,129,6,0.00933125972006221,0.015503875968992248,0.015503875968992248,0.007751937984496124,0.023255813953488372
2025-02-21,0.05,643,33,6,0.00933125972006221,0.06060606060606061,0.0,0.030303030303030304,0.030303030303030304
2025-02-21,0.1,643,65,6,0.00933125972006221,0.03076923076923077,0.03076923076923077,0.03076923076923077,0.046153846153846156
2025-02-21,0.2,643,129,6,0.00933125972006221,0.015503875968992248,0.015503875968992248,0.031007751937984496,0.023255813953488372
2025-02-24,0.05,645,33,5,0.007751937984496124,0.06060606060606061,0.0,0.030303030303030304,0.06060606060606061
2025-02-24,0.1,645,65,5,0.007751937984496124,0.03076923076923077,0.015384615384615385,0.03076923076923077,0.046153846153846156
2025-02-24,0.2,645,129,5,0.007751937984496124,0.015503875968992248,0.015503875968992248,0.023255813953488372,0.023255813953488372
2025-02-25,0.05,651,33,9,0.013824884792626729,0.09090909090909091,0.030303030303030304,0.030303030303030304,0.09090909090909091
2025-02-25,0.1,651,66,9,0.013824884792626729,0.045454545454545456,0.045454545454545456,0.015151515151515152,0.06060606060606061
2025-02-25,0.2,651,131,9,0.013824884792626729,0.022900763358778626,0.030534351145038167,0.030534351145038167,0.030534351145038167
2025-02-26,0.05,653,33,9,0.013782542113323124,0.09090909090909091,0.030303030303030304,0.030303030303030304,0.09090909090909091
2025-02-26,0.1,653,66,9,0.013782542113323124,0.045454545454545456,0.045454545454545456,0.030303030303030304,0.06060606060606061
2025-02-26,0.2,653,131,9,0.013782542113323124,0.030534351145038167,0.030534351145038167,0.022900763358778626,0.030534351145038167
2025-02-27,0.05,657,33,7,0.0106544901065449,0.09090909090909091,0.06060606060606061,0.030303030303030304,0.09090909090909091
2025-02-27,0.1,657,66,7,0.0106544901065449,0.045454545454545456,0.045454545454545456,0.030303030303030304,0.06060606060606061
2025-02-27,0.2,657,132,7,0.0106544901065449,0.030303030303030304,0.022727272727272728,0.022727272727272728,0.030303030303030304
2025-03-03,0.05,659,33,9,0.013657056145675266,0.12121212121212122,0.06060606060606061,0.030303030303030304,0.09090909090909091
2025-03-03,0.1,659,66,9,0.013657056145675266,0.06060606060606061,0.06060606060606061,0.030303030303030304,0.06060606060606061
2025-03-03,0.2,659,132,9,0.013657056145675266,0.03787878787878788,0.030303030303030304,0.030303030303030304,0.03787878787878788
2025-03-04,0.05,663,34,6,0.00904977375565611,0.08823529411764706,0.0,0.029411764705882353,0.08823529411764706
2025-03-04,0.1,663,67,6,0.00904977375565611,0.04477611940298507,0.04477611940298507,0.04477611940298507,0.04477611940298507
2025-03-04,0.2,663,133,6,0.00904977375565611,0.022556390977443608,0.022556390977443608,0.022556390977443608,0.022556390977443608
2025-03-05,0.05,663,34,6,0.00904977375565611,0.08823529411764706,0.029411764705882353,0.058823529411764705,0.08823529411764706
2025-03-05,0.1,663,67,6,0.00904977375565611,0.04477611940298507,0.04477611940298507,0.04477611940298507,0.04477611940298507
2025-03-05,0.2,663,133,6,0.00904977375565611,0.022556390977443608,0.022556390977443608,0.022556390977443608,0.022556390977443608
2025-03-06,0.05,669,34,5,0.007473841554559043,0.08823529411764706,0.058823529411764705,0.058823529411764705,0.08823529411764706
2025-03-06,0.1,669,67,5,0.007473841554559043,0.04477611940298507,0.04477611940298507,0.04477611940298507,0.04477611940298507
2025-03-06,0.2,669,134,5,0.007473841554559043,0.022388059701492536,0.022388059701492536,0.022388059701492536,0.022388059701492536
2025-03-07,0.05,669,34,7,0.01046337817638266,0.11764705882352941,0.058823529411764705,0.029411764705882353,0.11764705882352941
2025-03-07,0.1,669,67,7,0.01046337817638266,0.07462686567164178,0.05970149253731343,0.04477611940298507,0.05970149253731343
2025-03-07,0.2,669,134,7,0.01046337817638266,0.04477611940298507,0.029850746268656716,0.022388059701492536,0.029850746268656716
2025-03-10,0.05,673,34,5,0.007429420505200594,0.08823529411764706,0.058823529411764705,0.058823529411764705,0.11764705882352941
2025-03-10,0.1,673,68,5,0.007429420505200594,0.04411764705882353,0.04411764705882353,0.04411764705882353,0.058823529411764705
2025-03-10,0.2,673,135,5,0.007429420505200594,0.02962962962962963,0.022222222222222223,0.022222222222222223,0.02962962962962963
2025-03-11,0.05,673,34,5,0.007429420505200594,0.08823529411764706,0.029411764705882353,0.058823529411764705,0.08823529411764706
2025-03-11,0.1,673,68,5,0.007429420505200594,0.058823529411764705,0.04411764705882353,0.04411764705882353,0.04411764705882353
2025-03-11,0.2,673,135,5,0.007429420505200594,0.02962962962962963,0.02962962962962963,0.022222222222222223,0.022222222222222223
2025-03-12,0.05,674,34,6,0.008902077151335312,0.08823529411764706,0.08823529411764706,0.058823529411764705,0.08823529411764706
2025-03-12,0.1,674,68,6,0.008902077151335312,0.07352941176470588,0.04411764705882353,0.029411764705882353,0.04411764705882353
2025-03-12,0.2,674,135,6,0.008902077151335312,0.037037037037037035,0.037037037037037035,0.022222222222222223,0.022222222222222223
2025-03-13,0.05,673,34,5,0.007429420505200594,0.08823529411764706,0.08823529411764706,0.058823529411764705,0.08823529411764706
2025-03-13,0.1,673,68,5,0.007429420505200594,0.058823529411764705,0.04411764705882353,0.029411764705882353,0.04411764705882353
2025-03-13,0.2,673,135,5,0.007429420505200594,0.02962962962962963,0.02962962962962963,0.022222222222222223,0.022222222222222223
2025-03-14,0.05,677,34,5,0.007385524372230428,0.08823529411764706,0.08823529411764706,0.058823529411764705,0.058823529411764705
2025-03-14,0.1,677,68,5,0.007385524372230428,0.058823529411764705,0.04411764705882353,0.04411764705882353,0.029411764705882353
2025-03-14,0.2,677,136,5,0.007385524372230428,0.029411764705882353,0.022058823529411766,0.022058823529411766,0.022058823529411766
2025-03-17,0.05,673,34,4,0.005943536404160475,0.058823529411764705,0.058823529411764705,0.029411764705882353,0.029411764705882353
2025-03-17,0.1,673,68,4,0.005943536404160475,0.029411764705882353,0.029411764705882353,0.029411764705882353,0.029411764705882353
2025-03-17,0.2,673,135,4,0.005943536404160475,0.022222222222222223,0.022222222222222223,0.022222222222222223,0.014814814814814815
2025-03-18,0.05,666,34,4,0.006006006006006006,0.08823529411764706,0.058823529411764705,0.058823529411764705,0.029411764705882353
2025-03-18,0.1,666,67,4,0.006006006006006006,0.04477611940298507,0.04477611940298507,0.04477611940298507,0.029850746268656716
2025-03-18,0.2,666,134,4,0.006006006006006006,0.022388059701492536,0.022388059701492536,0.022388059701492536,0.014925373134328358
2025-03-19,0.05,669,34,4,0.005979073243647235,0.11764705882352941,0.08823529411764706,0.058823529411764705,0.029411764705882353
2025-03-19,0.1,669,67,4,0.005979073243647235,0.05970149253731343,0.05970149253731343,0.04477611940298507,0.04477611940298507
2025-03-19,0.2,669,134,4,0.005979073243647235,0.029850746268656716,0.029850746268656716,0.022388059701492536,0.022388059701492536
2025-03-20,0.05,670,34,5,0.007462686567164179,0.14705882352941177,0.11764705882352941,0.058823529411764705,0.029411764705882353
2025-03-20,0.1,670,67,5,0.007462686567164179,0.07462686567164178,0.07462686567164178,0.04477611940298507,0.05970149253731343
2025-03-20,0.2,670,134,5,0.007462686567164179,0.03731343283582089,0.03731343283582089,0.022388059701492536,0.029850746268656716
2025-03-21,0.05,661,34,4,0.006051437216338881,0.11764705882352941,0.058823529411764705,0.058823529411764705,0.029411764705882353
2025-03-21,0.1,661,67,4,0.006051437216338881,0.05970149253731343,0.05970149253731343,0.029850746268656716,0.029850746268656716
2025-03-21,0.2,661,133,4,0.006051437216338881,0.03007518796992481,0.03007518796992481,0.015037593984962405,0.022556390977443608
2025-03-24,0.05,664,34,3,0.004518072289156626,0.08823529411764706,0.058823529411764705,0.029411764705882353,0.029411764705882353
2025-03-24,0.1,664,67,3,0.004518072289156626,0.04477611940298507,0.04477611940298507,0.014925373134328358,0.029850746268656716
2025-03-24,0.2,664,133,3,0.004518072289156626,0.022556390977443608,0.022556390977443608,0.007518796992481203,0.015037593984962405
2025-03-25,0.05,671,34,4,0.005961251862891207,0.08823529411764706,0.08823529411764706,0.029411764705882353,0.08823529411764706
2025-03-25,0.1,671,68,4,0.005961251862891207,0.058823529411764705,0.058823529411764705,0.029411764705882353,0.04411764705882353
2025-03-25,0.2,671,135,4,0.005961251862891207,0.02962962962962963,0.02962962962962963,0.014814814814814815,0.022222222222222223
2025-03-26,0.05,668,34,4,0.005988023952095809,0.08823529411764706,0.058823529411764705,0.058823529411764705,0.08823529411764706
2025-03-26,0.1,668,67,4,0.005988023952095809,0.05970149253731343,0.05970149253731343,0.04477611940298507,0.04477611940298507
2025-03-26,0.2,668,134,4,0.005988023952095809,0.029850746268656716,0.029850746268656716,0.029850746268656716,0.022388059701492536
2025-03-27,0.05,662,34,4,0.006042296072507553,0.08823529411764706,0.08823529411764706,0.058823529411764705,0.058823529411764705
2025-03-27,0.1,662,67,4,0.006042296072507553,0.05970149253731343,0.05970149253731343,0.04477611940298507,0.04477611940298507
2025-03-27,0.2,662,133,4,0.006042296072507553,0.03007518796992481,0.03007518796992481,0.03007518796992481,0.022556390977443608
2025-03-28,0.05,658,33,5,0.007598784194528876,0.12121212121212122,0.06060606060606061,0.09090909090909091,0.12121212121212122
2025-03-28,0.1,658,66,5,0.007598784194528876,0.06060606060606061,0.06060606060606061,0.045454545454545456,0.06060606060606061
2025-03-28,0.2,658,132,5,0.007598784194528876,0.03787878787878788,0.03787878787878788,0.03787878787878788,0.030303030303030304
2025-03-31,0.05,668,34,6,0.008982035928143712,0.14705882352941177,0.058823529411764705,0.11764705882352941,0.14705882352941177
2025-03-31,0.1,668,67,6,0.008982035928143712,0.07462686567164178,0.05970149253731343,0.07462686567164178,0.07462686567164178
2025-03-31,0.2,668,134,6,0.008982035928143712,0.04477611940298507,0.04477611940298507,0.04477611940298507,0.04477611940298507
2025-04-01,0.05,667,34,5,0.0074962518740629685,0.11764705882352941,0.08823529411764706,0.08823529411764706,0.14705882352941177
2025-04-01,0.1,667,67,5,0.0074962518740629685,0.05970149253731343,0.05970149253731343,0.05970149253731343,0.07462686567164178
2025-04-01,0.2,667,134,5,0.0074962518740629685,0.03731343283582089,0.03731343283582089,0.03731343283582089,0.03731343283582089
2025-04-02,0.05,663,34,4,0.006033182503770739,0.08823529411764706,0.08823529411764706,0.08823529411764706,0.08823529411764706
2025-04-02,0.1,663,67,4,0.006033182503770739,0.05970149253731343,0.05970149253731343,0.04477611940298507,0.04477611940298507
2025-04-02,0.2,663,133,4,0.006033182503770739,0.03007518796992481,0.03007518796992481,0.03007518796992481,0.03007518796992481
2025-04-07,0.05,664,34,17,0.025602409638554216,0.14705882352941177,0.11764705882352941,0.08823529411764706,0.14705882352941177
2025-04-07,0.1,664,67,17,0.025602409638554216,0.07462686567164178,0.08955223880597014,0.08955223880597014,0.07462686567164178
2025-04-07,0.2,664,133,17,0.025602409638554216,0.05263157894736842,0.06766917293233082,0.05263157894736842,0.05263157894736842
2025-04-08,0.05,673,34,62,0.09212481426448738,0.2647058823529412,0.23529411764705882,0.20588235294117646,0.17647058823529413
2025-04-08,0.1,673,68,62,0.09212481426448738,0.20588235294117646,0.16176470588235295,0.14705882352941177,0.08823529411764706
2025-04-08,0.2,673,135,62,0.09212481426448738,0.13333333333333333,0.16296296296296298,0.1037037037037037,0.06666666666666667
2025-04-09,0.05,671,34,223,0.3323397913561848,0.5294117647058824,0.5588235294117647,0.47058823529411764,0.17647058823529413
2025-04-09,0.1,671,68,223,0.3323397913561848,0.5,0.4264705882352941,0.35294117647058826,0.11764705882352941
2025-04-09,0.2,671,135,223,0.3323397913561848,0.45925925925925926,0.45185185185185184,0.2740740740740741,0.14814814814814814
2025-04-10,0.05,682,35,75,0.10997067448680352,0.2,0.17142857142857143,0.22857142857142856,0.14285714285714285
2025-04-10,0.1,682,69,75,0.10997067448680352,0.18840579710144928,0.14492753623188406,0.14492753623188406,0.07246376811594203
2025-04-10,0.2,682,137,75,0.10997067448680352,0.1897810218978102,0.1897810218978102,0.0948905109489051,0.06569343065693431
2025-04-11,0.05,686,35,63,0.09183673469387756,0.34285714285714286,0.22857142857142856,0.2857142857142857,0.17142857142857143
2025-04-11,0.1,686,69,63,0.09183673469387756,0.3188405797101449,0.21739130434782608,0.17391304347826086,0.08695652173913043
2025-04-11,0.2,686,138,63,0.09183673469387756,0.2463768115942029,0.2028985507246377,0.11594202898550725,0.057971014492753624
2025-04-14,0.05,683,35,52,0.07613469985358712,0.34285714285714286,0.2,0.2571428571428571,0.14285714285714285
2025-04-14,0.1,683,69,52,0.07613469985358712,0.2753623188405797,0.2318840579710145,0.15942028985507245,0.08695652173913043
2025-04-14,0.2,683,137,52,0.07613469985358712,0.1897810218978102,0.2116788321167883,0.0948905109489051,0.06569343065693431
2025-04-15,0.05,686,35,28,0.04081632653061224,0.17142857142857143,0.05714285714285714,0.14285714285714285,0.08571428571428572
2025-04-15,0.1,686,69,28,0.04081632653061224,0.13043478260869565,0.07246376811594203,0.07246376811594203,0.043478260869565216
2025-04-15,0.2,686,138,28,0.04081632653061224,0.13043478260869565,0.09420289855072464,0.036231884057971016,0.028985507246376812
2025-04-16,0.05,684,35,45,0.06578947368421052,0.2571428571428571,0.34285714285714286,0.2,0.08571428571428572
2025-04-16,0.1,684,69,45,0.06578947368421052,0.2753623188405797,0.2318840579710145,0.11594202898550725,0.043478260869565216
2025-04-16,0.2,684,137,45,0.06578947368421052,0.20437956204379562,0.17518248175182483,0.06569343065693431,0.0364963503649635
2025-04-17,0.05,679,34,49,0.07216494845360824,0.2647058823529412,0.29411764705882354,0.23529411764705882,0.08823529411764706
2025-04-17,0.1,679,68,49,0.07216494845360824,0.2647058823529412,0.20588235294117646,0.11764705882352941,0.058823529411764705
2025-04-17,0.2,679,136,49,0.07216494845360824,0.20588235294117646,0.16176470588235295,0.058823529411764705,0.03676470588235294
2025-04-18,0.05,679,34,51,0.07511045655375552,0.23529411764705882,0.23529411764705882,0.20588235294117646,0.08823529411764706
2025-04-18,0.1,679,68,51,0.07511045655375552,0.25,0.23529411764705882,0.10294117647058823,0.04411764705882353
2025-04-18,0.2,679,136,51,0.07511045655375552,0.22058823529411764,0.16911764705882354,0.058823529411764705,0.04411764705882353
2025-04-21,0.05,675,34,77,0.11407407407407408,0.3235294117647059,0.29411764705882354,0.20588235294117646,0.08823529411764706
2025-04-21,0.1,675,68,77,0.11407407407407408,0.23529411764705882,0.23529411764705882,0.1323529411764706,0.058823529411764705
2025-04-21,0.2,675,135,77,0.11407407407407408,0.2740740740740741,0.2,0.0962962962962963,0.05925925925925926
2025-04-22,0.05,670,34,98,0.14626865671641792,0.47058823529411764,0.4411764705882353,0.29411764705882354,0.08823529411764706
2025-04-22,0.1,670,67,98,0.14626865671641792,0.44776119402985076,0.373134328358209,0.1791044776119403,0.05970149253731343
2025-04-22,0.2,670,134,98,0.14626865671641792,0.3582089552238806,0.30597014925373134,0.1044776119402985,0.05223880597014925
2025-04-23,0.05,674,34,60,0.08902077151335312,0.3235294117647059,0.2647058823529412,0.17647058823529413,0.058823529411764705
2025-04-23,0.1,674,68,60,0.08902077151335312,0.29411764705882354,0.20588235294117646,0.1323529411764706,0.04411764705882353
2025-04-23,0.2,674,135,60,0.08902077151335312,0.2222222222222222,0.17777777777777778,0.08148148148148149,0.037037037037037035
2025-04-24,0.05,668,34,58,0.08682634730538923,0.23529411764705882,0.20588235294117646,0.11764705882352941,0.0
2025-04-24,0.1,668,67,58,0.08682634730538923,0.23880597014925373,0.14925373134328357,0.05970149253731343,0.014925373134328358
2025-04-24,0.2,668,134,58,0.08682634730538923,0.20149253731343283,0.1417910447761194,0.05223880597014925,0.029850746268656716
2025-04-25,0.05,665,34,49,0.07368421052631578,0.20588235294117646,0.11764705882352941,0.058823529411764705,0.0
2025-04-25,0.1,665,67,49,0.07368421052631578,0.19402985074626866,0.08955223880597014,0.04477611940298507,0.014925373134328358
2025-04-25,0.2,665,133,49,0.07368421052631578,0.18045112781954886,0.08270676691729323,0.03759398496240601,0.022556390977443608
2025-04-28,0.05,665,34,42,0.06315789473684211,0.08823529411764706,0.058823529411764705,0.029411764705882353,0.0
2025-04-28,0.1,665,67,42,0.06315789473684211,0.14925373134328357,0.07462686567164178,0.029850746268656716,0.014925373134328358
2025-04-28,0.2,665,133,42,0.06315789473684211,0.12781954887218044,0.09774436090225563,0.022556390977443608,0.03007518796992481
2025-04-29,0.05,657,33,32,0.0487062404870624,0.09090909090909091,0.030303030303030304,0.0,0.0
2025-04-29,0.1,657,66,32,0.0487062404870624,0.12121212121212122,0.030303030303030304,0.015151515151515152,0.015151515151515152
2025-04-29,0.2,657,132,32,0.0487062404870624,0.08333333333333333,0.06060606060606061,0.015151515151515152,0.030303030303030304
2025-04-30,0.05,647,33,36,0.05564142194744977,0.0,0.06060606060606061,0.030303030303030304,0.0
2025-04-30,0.1,647,65,36,0.05564142194744977,0.07692307692307693,0.07692307692307693,0.03076923076923077,0.03076923076923077
2025-04-30,0.2,647,130,36,0.05564142194744977,0.08461538461538462,0.07692307692307693,0.038461538461538464,0.06153846153846154
2025-05-02,0.05,646,33,19,0.029411764705882353,0.06060606060606061,0.030303030303030304,0.06060606060606061,0.0
2025-05-02,0.1,646,65,19,0.029411764705882353,0.07692307692307693,0.015384615384615385,0.06153846153846154,0.015384615384615385
2025-05-02,0.2,646,130,19,0.029411764705882353,0.05384615384615385,0.046153846153846156,0.03076923076923077,0.03076923076923077
2025-05-05,0.05,653,33,36,0.055130168453292494,0.12121212121212122,0.030303030303030304,0.06060606060606061,0.030303030303030304
2025-05-05,0.1,653,66,36,0.055130168453292494,0.16666666666666666,0.030303030303030304,0.045454545454545456,0.015151515151515152
2025-05-05,0.2,653,131,36,0.055130168453292494,0.12213740458015267,0.061068702290076333,0.022900763358778626,0.030534351145038167
2025-05-06,0.05,655,33,32,0.04885496183206107,0.06060606060606061,0.0,0.06060606060606061,0.030303030303030304
2025-05-06,0.1,655,66,32,0.04885496183206107,0.12121212121212122,0.015151515151515152,0.045454545454545456,0.015151515151515152
2025-05-06,0.2,655,131,32,0.04885496183206107,0.08396946564885496,0.06870229007633588,0.022900763358778626,0.04580152671755725
2025-05-07,0.05,636,32,37,0.05817610062893082,0.125,0.15625,0.09375,0.15625
2025-05-07,0.1,636,64,37,0.05817610062893082,0.171875,0.15625,0.0625,0.125
2025-05-07,0.2,636,128,37,0.05817610062893082,0.1328125,0.1171875,0.0390625,0.1015625
2025-05-08,0.05,615,31,28,0.04552845528455285,0.16129032258064516,0.12903225806451613,0.06451612903225806,0.12903225806451613
2025-05-08,0.1,615,62,28,0.04552845528455285,0.14516129032258066,0.0967741935483871,0.06451612903225806,0.0967741935483871
2025-05-08,0.2,615,123,28,0.04552845528455285,0.10569105691056911,0.08130081300813008,0.04065040650406504,0.08130081300813008
2025-05-09,0.05,614,31,24,0.03908794788273615,0.1935483870967742,0.0967741935483871,0.12903225806451613,0.06451612903225806
2025-05-09,0.1,614,62,24,0.03908794788273615,0.11290322580645161,0.08064516129032258,0.08064516129032258,0.04838709677419355
2025-05-09,0.2,614,123,24,0.03908794788273615,0.08943089430894309,0.08943089430894309,0.04878048780487805,0.056910569105691054
2025-05-12,0.05,607,31,20,0.032948929159802305,0.0967741935483871,0.0967741935483871,0.0967741935483871,0.12903225806451613
2025-05-12,0.1,607,61,20,0.032948929159802305,0.06557377049180328,0.06557377049180328,0.06557377049180328,0.11475409836065574
2025-05-12,0.2,607,122,20,0.032948929159802305,0.06557377049180328,0.09016393442622951,0.040983606557377046,0.06557377049180328
2025-05-13,0.05,605,31,24,0.03966942148760331,0.0967741935483871,0.12903225806451613,0.12903225806451613,0.1935483870967742
2025-05-13,0.1,605,61,24,0.03966942148760331,0.08196721311475409,0.09836065573770492,0.08196721311475409,0.13114754098360656
2025-05-13,0.2,605,121,24,0.03966942148760331,0.06611570247933884,0.09090909090909091,0.049586776859504134,0.09090909090909091
2025-05-14,0.05,609,31,17,0.027914614121510674,0.12903225806451613,0.16129032258064516,0.0967741935483871,0.12903225806451613
2025-05-14,0.1,609,61,17,0.027914614121510674,0.08196721311475409,0.08196721311475409,0.06557377049180328,0.08196721311475409
2025-05-14,0.2,609,122,17,0.027914614121510674,0.05737704918032787,0.09836065573770492,0.05737704918032787,0.07377049180327869
2025-05-15,0.05,608,31,17,0.027960526315789474,0.06451612903225806,0.16129032258064516,0.0967741935483871,0.12903225806451613
2025-05-15,0.1,608,61,17,0.027960526315789474,0.04918032786885246,0.11475409836065574,0.06557377049180328,0.09836065573770492
2025-05-15,0.2,608,122,17,0.027960526315789474,0.05737704918032787,0.09016393442622951,0.05737704918032787,0.08196721311475409
2025-05-16,0.05,611,31,17,0.027823240589198037,0.0967741935483871,0.1935483870967742,0.12903225806451613,0.1935483870967742
2025-05-16,0.1,611,62,17,0.027823240589198037,0.11290322580645161,0.0967741935483871,0.06451612903225806,0.12903225806451613
2025-05-16,0.2,611,123,17,0.027823240589198037,0.08130081300813008,0.08943089430894309,0.06504065040650407,0.08130081300813008
2025-05-19,0.05,619,31,23,0.03715670436187399,0.06451612903225806,0.16129032258064516,0.06451612903225806,0.16129032258064516
2025-05-19,0.1,619,62,23,0.03715670436187399,0.08064516129032258,0.11290322580645161,0.04838709677419355,0.1774193548387097
2025-05-19,0.2,619,124,23,0.03715670436187399,0.07258064516129033,0.11290322580645161,0.04838709677419355,0.0967741935483871
2025-05-20,0.05,619,31,23,0.03715670436187399,0.0967741935483871,0.16129032258064516,0.06451612903225806,0.0967741935483871
2025-05-20,0.1,619,62,23,0.03715670436187399,0.0967741935483871,0.14516129032258066,0.04838709677419355,0.14516129032258066
2025-05-20,0.2,619,124,23,0.03715670436187399,0.06451612903225806,0.08870967741935484,0.04032258064516129,0.11290322580645161
2025-05-21,0.05,619,31,21,0.033925686591276254,0.0967741935483871,0.12903225806451613,0.0967741935483871,0.16129032258064516
2025-05-21,0.1,619,62,21,0.033925686591276254,0.11290322580645161,0.12903225806451613,0.04838709677419355,0.12903225806451613
2025-05-21,0.2,619,124,21,0.033925686591276254,0.0967741935483871,0.07258064516129033,0.024193548387096774,0.0967741935483871
2025-05-22,0.05,619,31,19,0.030694668820678513,0.03225806451612903,0.06451612903225806,0.06451612903225806,0.12903225806451613
2025-05-22,0.1,619,62,19,0.030694668820678513,0.06451612903225806,0.11290322580645161,0.04838709677419355,0.12903225806451613
2025-05-22,0.2,619,124,19,0.030694668820678513,0.08870967741935484,0.07258064516129033,0.03225806451612903,0.08064516129032258
2025-05-23,0.05,621,32,19,0.030595813204508857,0.03125,0.09375,0.0625,0.125
2025-05-23,0.1,621,63,19,0.030595813204508857,0.047619047619047616,0.07936507936507936,0.047619047619047616,0.1111111111111111
2025-05-23,0.2,621,125,19,0.030595813204508857,0.08,0.08,0.024,0.064
2025-05-26,0.05,623,32,22,0.03531300160513644,0.03125,0.03125,0.0625,0.125
2025-05-26,0.1,623,63,22,0.03531300160513644,0.06349206349206349,0.06349206349206349,0.031746031746031744,0.1111111111111111
2025-05-26,0.2,623,125,22,0.03531300160513644,0.08,0.096,0.024,0.088
2025-05-27,0.05,624,32,20,0.03205128205128205,0.0,0.0625,0.0625,0.1875
2025-05-27,0.1,624,63,20,0.03205128205128205,0.047619047619047616,0.07936507936507936,0.047619047619047616,0.09523809523809523
2025-05-27,0.2,624,125,20,0.03205128205128205,0.056,0.096,0.04,0.088
2025-05-28,0.05,626,32,23,0.036741214057507986,0.03125,0.03125,0.0625,0.09375
2025-05-28,0.1,626,63,23,0.036741214057507986,0.07936507936507936,0.07936507936507936,0.047619047619047616,0.07936507936507936
2025-05-28,0.2,626,126,23,0.036741214057507986,0.047619047619047616,0.0873015873015873,0.047619047619047616,0.07936507936507936
2025-05-29,0.05,623,32,21,0.033707865168539325,0.03125,0.03125,0.0625,0.15625
2025-05-29,0.1,623,63,21,0.033707865168539325,0.047619047619047616,0.047619047619047616,0.047619047619047616,0.09523809523809523
2025-05-29,0.2,623,125,21,0.033707865168539325,0.064,0.08,0.04,0.072
2025-06-02,0.05,620,31,30,0.04838709677419355,0.06451612903225806,0.03225806451612903,0.06451612903225806,0.16129032258064516
2025-06-02,0.1,620,62,30,0.04838709677419355,0.06451612903225806,0.12903225806451613,0.04838709677419355,0.11290322580645161
2025-06-02,0.2,620,124,30,0.04838709677419355,0.08064516129032258,0.12096774193548387,0.04032258064516129,0.08870967741935484
2025-06-03,0.05,612,31,29,0.04738562091503268,0.03225806451612903,0.03225806451612903,0.03225806451612903,0.1935483870967742
2025-06-03,0.1,612,62,29,0.04738562091503268,0.03225806451612903,0.0967741935483871,0.04838709677419355,0.0967741935483871
2025-06-03,0.2,612,123,29,0.04738562091503268,0.08943089430894309,0.08130081300813008,0.04065040650406504,0.06504065040650407
2025-06-04,0.05,611,31,21,0.03436988543371522,0.06451612903225806,0.06451612903225806,0.03225806451612903,0.16129032258064516
2025-06-04,0.1,611,62,21,0.03436988543371522,0.04838709677419355,0.06451612903225806,0.03225806451612903,0.0967741935483871
2025-06-04,0.2,611,123,21,0.03436988543371522,0.024390243902439025,0.07317073170731707,0.032520325203252036,0.08130081300813008
2025-06-05,0.05,610,31,21,0.03442622950819672,0.0967741935483871,0.06451612903225806,0.06451612903225806,0.0967741935483871
2025-06-05,0.1,610,61,21,0.03442622950819672,0.06557377049180328,0.04918032786885246,0.06557377049180328,0.09836065573770492
2025-06-05,0.2,610,122,21,0.03442622950819672,0.04918032786885246,0.07377049180327869,0.040983606557377046,0.09836065573770492
2025-06-06,0.05,610,31,20,0.03278688524590164,0.06451612903225806,0.06451612903225806,0.03225806451612903,0.12903225806451613
2025-06-06,0.1,610,61,20,0.03278688524590164,0.04918032786885246,0.06557377049180328,0.04918032786885246,0.08196721311475409
2025-06-06,0.2,610,122,20,0.03278688524590164,0.040983606557377046,0.04918032786885246,0.03278688524590164,0.07377049180327869
2025-06-09,0.05,608,31,18,0.029605263157894735,0.03225806451612903,0.03225806451612903,0.0967741935483871,0.0967741935483871
2025-06-09,0.1,608,61,18,0.029605263157894735,0.03278688524590164,0.03278688524590164,0.06557377049180328,0.08196721311475409
2025-06-09,0.2,608,122,18,0.029605263157894735,0.03278688524590164,0.04918032786885246,0.04918032786885246,0.06557377049180328
2025-06-10,0.05,609,31,16,0.026272577996715927,0.06451612903225806,0.03225806451612903,0.12903225806451613,0.0967741935483871
2025-06-10,0.1,609,61,16,0.026272577996715927,0.03278688524590164,0.03278688524590164,0.08196721311475409,0.08196721311475409
2025-06-10,0.2,609,122,16,0.026272577996715927,0.040983606557377046,0.05737704918032787,0.04918032786885246,0.04918032786885246
2025-06-11,0.05,610,31,17,0.027868852459016394,0.03225806451612903,0.03225806451612903,0.0967741935483871,0.0967741935483871
2025-06-11,0.1,610,61,17,0.027868852459016394,0.08196721311475409,0.03278688524590164,0.06557377049180328,0.06557377049180328
2025-06-11,0.2,610,122,17,0.027868852459016394,0.05737704918032787,0.04918032786885246,0.05737704918032787,0.05737704918032787
2025-06-12,0.05,602,31,18,0.029900332225913623,0.06451612903225806,0.03225806451612903,0.0967741935483871,0.06451612903225806
2025-06-12,0.1,602,61,18,0.029900332225913623,0.04918032786885246,0.04918032786885246,0.06557377049180328,0.06557377049180328
2025-06-12,0.2,602,121,18,0.029900332225913623,0.05785123966942149,0.049586776859504134,0.05785123966942149,0.049586776859504134
2025-06-13,0.05,599,30,20,0.0333889816360601,0.13333333333333333,0.03333333333333333,0.13333333333333333,0.13333333333333333
2025-06-13,0.1,599,60,20,0.0333889816360601,0.06666666666666667,0.08333333333333333,0.1,0.1
2025-06-13,0.2,599,120,20,0.0333889816360601,0.075,0.08333333333333333,0.06666666666666667,0.06666666666666667
2025-06-16,0.05,596,30,18,0.030201342281879196,0.06666666666666667,0.06666666666666667,0.06666666666666667,0.06666666666666667
2025-06-16,0.1,596,60,18,0.030201342281879196,0.06666666666666667,0.06666666666666667,0.03333333333333333,0.05
2025-06-16,0.2,596,120,18,0.030201342281879196,0.09166666666666666,0.041666666666666664,0.041666666666666664,0.05
2025-06-17,0.05,591,30,17,0.028764805414551606,0.06666666666666667,0.1,0.06666666666666667,0.1
2025-06-17,0.1,591,60,17,0.028764805414551606,0.1,0.08333333333333333,0.06666666666666667,0.05
2025-06-17,0.2,591,119,17,0.028764805414551606,0.08403361344537816,0.05042016806722689,0.05042016806722689,0.058823529411764705
2025-06-18,0.05,595,30,15,0.025210084033613446,0.1,0.06666666666666667,0.03333333333333333,0.1
2025-06-18,0.1,595,60,15,0.025210084033613446,0.08333333333333333,0.05,0.03333333333333333,0.06666666666666667
2025-06-18,0.2,595,119,15,0.025210084033613446,0.058823529411764705,0.05042016806722689,0.01680672268907563,0.04201680672268908
2025-06-19,0.05,597,30,19,0.031825795644891124,0.16666666666666666,0.06666666666666667,0.06666666666666667,0.1
2025-06-19,0.1,597,60,19,0.031825795644891124,0.1,0.06666666666666667,0.05,0.11666666666666667
2025-06-19,0.2,597,120,19,0.031825795644891124,0.08333333333333333,0.058333333333333334,0.03333333333333333,0.075
2025-06-20,0.05,595,30,19,0.031932773109243695,0.16666666666666666,0.1,0.06666666666666667,0.13333333333333333
2025-06-20,0.1,595,60,19,0.031932773109243695,0.1,0.06666666666666667,0.06666666666666667,0.13333333333333333
2025-06-20,0.2,595,119,19,0.031932773109243695,0.07563025210084033,0.06722689075630252,0.04201680672268908,0.06722689075630252
2025-06-23,0.05,598,30,19,0.03177257525083612,0.1,0.13333333333333333,0.06666666666666667,0.1
2025-06-23,0.1,598,60,19,0.03177257525083612,0.06666666666666667,0.08333333333333333,0.06666666666666667,0.1
2025-06-23,0.2,598,120,19,0.03177257525083612,0.06666666666666667,0.05,0.041666666666666664,0.06666666666666667
2025-06-24,0.05,599,30,13,0.021702838063439065,0.2,0.1,0.03333333333333333,0.13333333333333333
2025-06-24,0.1,599,60,13,0.021702838063439065,0.11666666666666667,0.08333333333333333,0.03333333333333333,0.06666666666666667
2025-06-24,0.2,599,120,13,0.021702838063439065,0.06666666666666667,0.06666666666666667,0.025,0.05
2025-06-25,0.05,595,30,13,0.021848739495798318,0.13333333333333333,0.1,0.03333333333333333,0.13333333333333333
2025-06-25,0.1,595,60,13,0.021848739495798318,0.11666666666666667,0.08333333333333333,0.03333333333333333,0.06666666666666667
2025-06-25,0.2,595,119,13,0.021848739495798318,0.058823529411764705,0.05042016806722689,0.03361344537815126,0.05042016806722689
2025-06-26,0.05,592,30,14,0.02364864864864865,0.13333333333333333,0.13333333333333333,0.06666666666666667,0.13333333333333333
2025-06-26,0.1,592,60,14,0.02364864864864865,0.1,0.08333333333333333,0.06666666666666667,0.11666666666666667
2025-06-26,0.2,592,119,14,0.02364864864864865,0.058823529411764705,0.058823529411764705,0.04201680672268908,0.058823529411764705
2025-06-27,0.05,591,30,14,0.023688663282571912,0.06666666666666667,0.06666666666666667,0.06666666666666667,0.1
2025-06-27,0.1,591,60,14,0.023688663282571912,0.08333333333333333,0.08333333333333333,0.06666666666666667,0.06666666666666667
2025-06-27,0.2,591,119,14,0.023688663282571912,0.05042016806722689,0.04201680672268908,0.05042016806722689,0.06722689075630252
2025-06-30,0.05,589,30,17,0.028862478777589132,0.13333333333333333,0.13333333333333333,0.1,0.1
2025-06-30,0.1,589,59,17,0.028862478777589132,0.1016949152542373,0.0847457627118644,0.06779661016949153,0.0847457627118644
2025-06-30,0.2,589,118,17,0.028862478777589132,0.059322033898305086,0.05084745762711865,0.0423728813559322,0.06779661016949153
2025-07-01,0.05,590,30,23,0.03898305084745763,0.13333333333333333,0.1,0.13333333333333333,0.16666666666666666
2025-07-01,0.1,590,59,23,0.03898305084745763,0.1016949152542373,0.0847457627118644,0.1016949152542373,0.0847457627118644
2025-07-01,0.2,590,118,23,0.03898305084745763,0.07627118644067797,0.06779661016949153,0.0847457627118644,0.09322033898305085
2025-07-02,0.05,587,30,25,0.04258943781942078,0.13333333333333333,0.13333333333333333,0.13333333333333333,0.2
2025-07-02,0.1,587,59,25,0.04258943781942078,0.13559322033898305,0.11864406779661017,0.15254237288135594,0.13559322033898305
2025-07-02,0.2,587,118,25,0.04258943781942078,0.09322033898305085,0.09322033898305085,0.11016949152542373,0.1016949152542373
2025-07-03,0.05,591,30,25,0.04230118443316413,0.2,0.13333333333333333,0.13333333333333333,0.23333333333333334
2025-07-03,0.1,591,60,25,0.04230118443316413,0.16666666666666666,0.1,0.16666666666666666,0.16666666666666666
2025-07-03,0.2,591,119,25,0.04230118443316413,0.1092436974789916,0.09243697478991597,0.1092436974789916,0.08403361344537816
2025-07-04,0.05,588,30,28,0.047619047619047616,0.16666666666666666,0.06666666666666667,0.13333333333333333,0.26666666666666666
2025-07-04,0.1,588,59,28,0.047619047619047616,0.1694915254237288,0.0847457627118644,0.15254237288135594,0.1694915254237288
2025-07-04,0.2,588,118,28,0.047619047619047616,0.1016949152542373,0.0847457627118644,0.11864406779661017,0.09322033898305085
2025-07-07,0.05,590,30,34,0.0576271186440678,0.3,0.16666666666666666,0.23333333333333334,0.23333333333333334
2025-07-07,0.1,590,59,34,0.0576271186440678,0.23728813559322035,0.13559322033898305,0.15254237288135594,0.2033898305084746
2025-07-07,0.2,590,118,34,0.0576271186440678,0.1440677966101695,0.13559322033898305,0.13559322033898305,0.1016949152542373
2025-07-08,0.05,588,30,38,0.06462585034013606,0.3,0.2,0.2,0.23333333333333334
2025-07-08,0.1,588,59,38,0.06462585034013606,0.2542372881355932,0.1864406779661017,0.15254237288135594,0.1864406779661017
2025-07-08,0.2,588,118,38,0.06462585034013606,0.15254237288135594,0.1440677966101695,0.1271186440677966,0.1016949152542373
2025-07-09,0.05,584,30,39,0.06678082191780822,0.36666666666666664,0.2,0.13333333333333333,0.3
2025-07-09,0.1,584,59,39,0.06678082191780822,0.22033898305084745,0.22033898305084745,0.15254237288135594,0.2033898305084746
2025-07-09,0.2,584,117,39,0.06678082191780822,0.1623931623931624,0.15384615384615385,0.15384615384615385,0.11965811965811966
2025-07-10,0.05,582,30,41,0.070446735395189,0.43333333333333335,0.3,0.13333333333333333,0.36666666666666664
2025-07-10,0.1,582,59,41,0.070446735395189,0.2711864406779661,0.2033898305084746,0.1864406779661017,0.23728813559322035
2025-07-10,0.2,582,117,41,0.070446735395189,0.1794871794871795,0.17094017094017094,0.1623931623931624,0.1452991452991453
2025-07-11,0.05,579,29,40,0.0690846286701209,0.3793103448275862,0.20689655172413793,0.20689655172413793,0.3448275862068966
2025-07-11,0.1,579,58,40,0.0690846286701209,0.25862068965517243,0.20689655172413793,0.2413793103448276,0.27586206896551724
2025-07-11,0.2,579,116,40,0.0690846286701209,0.16379310344827586,0.14655172413793102,0.16379310344827586,0.14655172413793102
2025-07-14,0.05,581,30,50,0.08605851979345955,0.23333333333333334,0.16666666666666666,0.23333333333333334,0.3333333333333333
2025-07-14,0.1,581,59,50,0.08605851979345955,0.22033898305084745,0.23728813559322035,0.2711864406779661,0.23728813559322035
2025-07-14,0.2,581,117,50,0.08605851979345955,0.1623931623931624,0.17094017094017094,0.20512820512820512,0.1623931623931624
2025-07-15,0.05,579,29,45,0.07772020725388601,0.20689655172413793,0.1724137931034483,0.1724137931034483,0.3448275862068966
2025-07-15,0.1,579,58,45,0.07772020725388601,0.22413793103448276,0.1724137931034483,0.22413793103448276,0.20689655172413793
2025-07-15,0.2,579,116,45,0.07772020725388601,0.14655172413793102,0.15517241379310345,0.1810344827586207,0.12931034482758622
2025-07-16,0.05,576,29,57,0.09895833333333333,0.3103448275862069,0.2413793103448276,0.3103448275862069,0.3448275862068966
2025-07-16,0.1,576,58,57,0.09895833333333333,0.25862068965517243,0.1896551724137931,0.29310344827586204,0.25862068965517243
2025-07-16,0.2,576,116,57,0.09895833333333333,0.1724137931034483,0.1724137931034483,0.21551724137931033,0.1724137931034483
2025-07-17,0.05,575,29,57,0.09913043478260869,0.3448275862068966,0.1724137931034483,0.3793103448275862,0.3793103448275862
2025-07-17,0.1,575,58,57,0.09913043478260869,0.2413793103448276,0.1896551724137931,0.3103448275862069,0.27586206896551724
2025-07-17,0.2,575,115,57,0.09913043478260869,0.20869565217391303,0.20869565217391303,0.23478260869565218,0.1565217391304348
2025-07-18,0.05,567,29,58,0.10229276895943562,0.3793103448275862,0.20689655172413793,0.3448275862068966,0.3793103448275862
2025-07-18,0.1,567,57,58,0.10229276895943562,0.2982456140350877,0.22807017543859648,0.2631578947368421,0.2982456140350877
2025-07-18,0.2,567,114,58,0.10229276895943562,0.21052631578947367,0.23684210526315788,0.2543859649122807,0.20175438596491227
2025-07-21,0.05,566,29,59,0.10424028268551237,0.3448275862068966,0.20689655172413793,0.3793103448275862,0.3793103448275862
2025-07-21,0.1,566,57,59,0.10424028268551237,0.2631578947368421,0.19298245614035087,0.3157894736842105,0.2982456140350877
2025-07-21,0.2,566,114,59,0.10424028268551237,0.21052631578947367,0.21929824561403508,0.2543859649122807,0.18421052631578946
2025-07-22,0.05,567,29,74,0.13051146384479717,0.4482758620689655,0.3448275862068966,0.4827586206896552,0.4482758620689655
2025-07-22,0.1,567,57,74,0.13051146384479717,0.38596491228070173,0.2982456140350877,0.40350877192982454,0.3157894736842105
2025-07-22,0.2,567,114,74,0.13051146384479717,0.23684210526315788,0.24561403508771928,0.3157894736842105,0.20175438596491227
2025-07-23,0.05,572,29,67,0.11713286713286714,0.41379310344827586,0.3793103448275862,0.4827586206896552,0.4482758620689655
2025-07-23,0.1,572,58,67,0.11713286713286714,0.29310344827586204,0.25862068965517243,0.3448275862068966,0.3620689655172414
2025-07-23,0.2,572,115,67,0.11713286713286714,0.21739130434782608,0.21739130434782608,0.28695652173913044,0.21739130434782608
2025-07-24,0.05,574,29,67,0.11672473867595819,0.4827586206896552,0.3793103448275862,0.4482758620689655,0.5172413793103449
2025-07-24,0.1,574,58,67,0.11672473867595819,0.3620689655172414,0.27586206896551724,0.29310344827586204,0.39655172413793105
2025-07-24,0.2,574,115,67,0.11672473867595819,0.24347826086956523,0.20869565217391303,0.25217391304347825,0.23478260869565218
2025-07-25,0.05,577,29,73,0.1265164644714038,0.4827586206896552,0.3793103448275862,0.4482758620689655,0.5862068965517241
2025-07-25,0.1,577,58,73,0.1265164644714038,0.41379310344827586,0.29310344827586204,0.3275862068965517,0.4482758620689655
2025-07-25,0.2,577,116,73,0.1265164644714038,0.25,0.23275862068965517,0.2672413793103448,0.28448275862068967
2025-07-28,0.05,579,29,66,0.11398963730569948,0.41379310344827586,0.3448275862068966,0.4827586206896552,0.4827586206896552
2025-07-28,0.1,579,58,66,0.11398963730569948,0.3275862068965517,0.25862068965517243,0.3275862068965517,0.3793103448275862
2025-07-28,0.2,579,116,66,0.11398963730569948,0.2672413793103448,0.25,0.2672413793103448,0.27586206896551724
2025-07-29,0.05,578,29,77,0.13321799307958476,0.4827586206896552,0.41379310344827586,0.5517241379310345,0.5172413793103449
2025-07-29,0.1,578,58,77,0.13321799307958476,0.3620689655172414,0.3103448275862069,0.41379310344827586,0.39655172413793105
2025-07-29,0.2,578,116,77,0.13321799307958476,0.27586206896551724,0.27586206896551724,0.29310344827586204,0.28448275862068967
2025-07-30,0.05,582,30,79,0.13573883161512026,0.36666666666666664,0.26666666666666666,0.4666666666666667,0.36666666666666664
2025-07-30,0.1,582,59,79,0.13573883161512026,0.3050847457627119,0.23728813559322035,0.4067796610169492,0.3728813559322034
2025-07-30,0.2,582,117,79,0.13573883161512026,0.26495726495726496,0.2222222222222222,0.3162393162393162,0.28205128205128205
2025-07-31,0.05,585,30,81,0.13846153846153847,0.36666666666666664,0.3,0.36666666666666664,0.43333333333333335
2025-07-31,0.1,585,59,81,0.13846153846153847,0.2711864406779661,0.288135593220339,0.3728813559322034,0.3220338983050847
2025-07-31,0.2,585,117,81,0.13846153846153847,0.26495726495726496,0.24786324786324787,0.2905982905982906,0.2564102564102564
2025-08-01,0.05,583,30,78,0.13379073756432247,0.4,0.3,0.36666666666666664,0.43333333333333335
2025-08-01,0.1,583,59,78,0.13379073756432247,0.3389830508474576,0.23728813559322035,0.3728813559322034,0.3389830508474576
2025-08-01,0.2,583,117,78,0.13379073756432247,0.2905982905982906,0.2564102564102564,0.27350427350427353,0.3162393162393162
2025-08-04,0.05,584,30,80,0.136986301369863,0.4,0.2,0.5333333333333333,0.5666666666666667
2025-08-04,0.1,584,59,80,0.136986301369863,0.3559322033898305,0.23728813559322035,0.4406779661016949,0.423728813559322
2025-08-04,0.2,584,117,80,0.136986301369863,0.2564102564102564,0.21367521367521367,0.3418803418803419,0.3162393162393162
2025-08-05,0.05,586,30,73,0.12457337883959044,0.4,0.23333333333333334,0.4,0.5666666666666667
2025-08-05,0.1,586,59,73,0.12457337883959044,0.3559322033898305,0.23728813559322035,0.4067796610169492,0.3898305084745763
2025-08-05,0.2,586,118,73,0.12457337883959044,0.2542372881355932,0.2033898305084746,0.2796610169491525,0.2966101694915254
2025-08-06,0.05,587,30,75,0.12776831345826234,0.4666666666666667,0.3,0.36666666666666664,0.5
2025-08-06,0.1,587,59,75,0.12776831345826234,0.3728813559322034,0.3050847457627119,0.3898305084745763,0.4067796610169492
2025-08-06,0.2,587,118,75,0.12776831345826234,0.2796610169491525,0.2796610169491525,0.2711864406779661,0.3220338983050847
2025-08-07,0.05,588,30,76,0.1292517006802721,0.43333333333333335,0.23333333333333334,0.43333333333333335,0.5666666666666667
2025-08-07,0.1,588,59,76,0.1292517006802721,0.3389830508474576,0.2711864406779661,0.4067796610169492,0.3559322033898305
2025-08-07,0.2,588,118,76,0.1292517006802721,0.2966101694915254,0.2627118644067797,0.2796610169491525,0.3220338983050847
2025-08-08,0.05,592,30,67,0.11317567567567567,0.26666666666666666,0.23333333333333334,0.3,0.36666666666666664
2025-08-08,0.1,592,60,67,0.11317567567567567,0.31666666666666665,0.2,0.3333333333333333,0.26666666666666666
2025-08-08,0.2,592,119,67,0.11317567567567567,0.24369747899159663,0.2184873949579832,0.24369747899159663,0.2605042016806723
2025-08-11,0.05,597,30,70,0.11725293132328309,0.3,0.26666666666666666,0.26666666666666666,0.43333333333333335
2025-08-11,0.1,597,60,70,0.11725293132328309,0.26666666666666666,0.26666666666666666,0.26666666666666666,0.3333333333333333
2025-08-11,0.2,597,120,70,0.11725293132328309,0.25833333333333336,0.24166666666666667,0.23333333333333334,0.2833333333333333
2025-08-12,0.05,603,31,64,0.10613598673300166,0.22580645161290322,0.22580645161290322,0.25806451612903225,0.25806451612903225
2025-08-12,0.1,603,61,64,0.10613598673300166,0.2459016393442623,0.21311475409836064,0.26229508196721313,0.2786885245901639
2025-08-12,0.2,603,121,64,0.10613598673300166,0.2066115702479339,0.19008264462809918,0.21487603305785125,0.2396694214876033
2025-08-13,0.05,605,31,58,0.09586776859504133,0.1935483870967742,0.1935483870967742,0.2903225806451613,0.25806451612903225
2025-08-13,0.1,605,61,58,0.09586776859504133,0.2459016393442623,0.21311475409836064,0.26229508196721313,0.19672131147540983
2025-08-13,0.2,605,121,58,0.09586776859504133,0.21487603305785125,0.19008264462809918,0.2231404958677686,0.21487603305785125
2025-08-14,0.05,609,31,58,0.09523809523809523,0.2903225806451613,0.16129032258064516,0.25806451612903225,0.22580645161290322
2025-08-14,0.1,609,61,58,0.09523809523809523,0.26229508196721313,0.19672131147540983,0.26229508196721313,0.21311475409836064
2025-08-14,0.2,609,122,58,0.09523809523809523,0.22131147540983606,0.1721311475409836,0.22131147540983606,0.20491803278688525
2025-08-15,0.05,612,31,51,0.08333333333333333,0.16129032258064516,0.1935483870967742,0.22580645161290322,0.12903225806451613
2025-08-15,0.1,612,62,51,0.08333333333333333,0.16129032258064516,0.16129032258064516,0.20967741935483872,0.14516129032258066
2025-08-15,0.2,612,123,51,0.08333333333333333,0.2032520325203252,0.14634146341463414,0.17886178861788618,0.17886178861788618
2025-08-18,0.05,618,31,42,0.06796116504854369,0.16129032258064516,0.25806451612903225,0.12903225806451613,0.16129032258064516
2025-08-18,0.1,618,62,42,0.06796116504854369,0.12903225806451613,0.1774193548387097,0.14516129032258066,0.11290322580645161
2025-08-18,0.2,618,124,42,0.06796116504854369,0.13709677419354838,0.12096774193548387,0.13709677419354838,0.13709677419354838
2025-08-19,0.05,617,31,44,0.0713128038897893,0.1935483870967742,0.1935483870967742,0.16129032258064516,0.22580645161290322
2025-08-19,0.1,617,62,44,0.0713128038897893,0.14516129032258066,0.1774193548387097,0.16129032258064516,0.1774193548387097
2025-08-19,0.2,617,124,44,0.0713128038897893,0.1774193548387097,0.1532258064516129,0.14516129032258066,0.1774193548387097
2025-08-20,0.05,618,31,60,0.0970873786407767,0.22580645161290322,0.1935483870967742,0.1935483870967742,0.22580645161290322
2025-08-20,0.1,618,62,60,0.0970873786407767,0.1774193548387097,0.22580645161290322,0.1774193548387097,0.22580645161290322
2025-08-20,0.2,618,124,60,0.0970873786407767,0.21774193548387097,0.1693548387096774,0.1935483870967742,0.1774193548387097
2025-08-21,0.05,620,31,45,0.07258064516129033,0.12903225806451613,0.12903225806451613,0.1935483870967742,0.12903225806451613
2025-08-21,0.1,620,62,45,0.07258064516129033,0.12903225806451613,0.0967741935483871,0.1774193548387097,0.11290322580645161
2025-08-21,0.2,620,124,45,0.07258064516129033,0.12903225806451613,0.12096774193548387,0.14516129032258066,0.12096774193548387
2025-08-22,0.05,624,32,51,0.08173076923076923,0.09375,0.125,0.15625,0.09375
2025-08-22,0.1,624,63,51,0.08173076923076923,0.14285714285714285,0.1111111111111111,0.19047619047619047,0.12698412698412698
2025-08-22,0.2,624,125,51,0.08173076923076923,0.152,0.128,0.144,0.128
2025-08-25,0.05,626,32,43,0.06869009584664537,0.0625,0.125,0.09375,0.0625
2025-08-25,0.1,626,63,43,0.06869009584664537,0.12698412698412698,0.09523809523809523,0.14285714285714285,0.1111111111111111
2025-08-25,0.2,626,126,43,0.06869009584664537,0.12698412698412698,0.1349206349206349,0.1111111111111111,0.11904761904761904
2025-08-26,0.05,630,32,41,0.06507936507936508,0.15625,0.09375,0.125,0.25
2025-08-26,0.1,630,63,41,0.06507936507936508,0.14285714285714285,0.07936507936507936,0.09523809523809523,0.14285714285714285
2025-08-26,0.2,630,126,41,0.06507936507936508,0.11904761904761904,0.1111111111111111,0.11904761904761904,0.09523809523809523
2025-08-27,0.05,629,32,32,0.05087440381558029,0.125,0.125,0.0,0.125
2025-08-27,0.1,629,63,32,0.05087440381558029,0.07936507936507936,0.09523809523809523,0.031746031746031744,0.09523809523809523
2025-08-27,0.2,629,126,32,0.05087440381558029,0.07142857142857142,0.0873015873015873,0.03968253968253968,0.06349206349206349
2025-08-28,0.05,623,32,32,0.051364365971107544,0.0625,0.15625,0.0,0.09375
2025-08-28,0.1,623,63,32,0.051364365971107544,0.047619047619047616,0.1111111111111111,0.015873015873015872,0.09523809523809523
2025-08-28,0.2,623,125,32,0.051364365971107544,0.08,0.104,0.032,0.064
2025-08-29,0.05,628,32,28,0.044585987261146494,0.0625,0.125,0.03125,0.09375
2025-08-29,0.1,628,63,28,0.044585987261146494,0.07936507936507936,0.07936507936507936,0.031746031746031744,0.06349206349206349
2025-08-29,0.2,628,126,28,0.044585987261146494,0.047619047619047616,0.07142857142857142,0.015873015873015872,0.05555555555555555
2025-09-01,0.05,629,32,35,0.05564387917329094,0.15625,0.21875,0.09375,0.15625
2025-09-01,0.1,629,63,35,0.05564387917329094,0.12698412698412698,0.12698412698412698,0.06349206349206349,0.09523809523809523
2025-09-01,0.2,629,126,35,0.05564387917329094,0.09523809523809523,0.10317460317460317,0.06349206349206349,0.09523809523809523
2025-09-02,0.05,632,32,38,0.060126582278481014,0.125,0.09375,0.125,0.125
2025-09-02,0.1,632,64,38,0.060126582278481014,0.09375,0.140625,0.078125,0.0625
2025-09-02,0.2,632,127,38,0.060126582278481014,0.10236220472440945,0.11811023622047244,0.07086614173228346,0.10236220472440945
2025-09-03,0.05,631,32,33,0.05229793977812995,0.09375,0.125,0.125,0.09375
2025-09-03,0.1,631,64,33,0.05229793977812995,0.09375,0.109375,0.09375,0.0625
2025-09-03,0.2,631,127,33,0.05229793977812995,0.07874015748031496,0.07874015748031496,0.05511811023622047,0.09448818897637795
2025-09-04,0.05,634,32,32,0.050473186119873815,0.09375,0.125,0.1875,0.125
2025-09-04,0.1,634,64,32,0.050473186119873815,0.109375,0.078125,0.109375,0.125
2025-09-04,0.2,634,127,32,0.050473186119873815,0.08661417322834646,0.08661417322834646,0.06299212598425197,0.09448818897637795
2025-09-05,0.05,635,32,29,0.04566929133858268,0.03125,0.03125,0.125,0.0625
2025-09-05,0.1,635,64,29,0.04566929133858268,0.0625,0.078125,0.078125,0.0625
2025-09-05,0.2,635,127,29,0.04566929133858268,0.07874015748031496,0.06299212598425197,0.047244094488188976,0.07874015748031496
2025-09-08,0.05,637,32,30,0.04709576138147567,0.125,0.125,0.15625,0.125
2025-09-08,0.1,637,64,30,0.04709576138147567,0.109375,0.125,0.078125,0.09375
2025-09-08,0.2,637,128,30,0.04709576138147567,0.1015625,0.09375,0.0625,0.0859375
2025-09-09,0.05,641,33,34,0.0530421216848674,0.12121212121212122,0.06060606060606061,0.09090909090909091,0.15151515151515152
2025-09-09,0.1,641,65,34,0.0530421216848674,0.07692307692307693,0.1076923076923077,0.09230769230769231,0.07692307692307693
2025-09-09,0.2,641,129,34,0.0530421216848674,0.08527131782945736,0.08527131782945736,0.06201550387596899,0.07751937984496124
2025-09-10,0.05,635,32,32,0.050393700787401574,0.125,0.0625,0.09375,0.125
2025-09-10,0.1,635,64,32,0.050393700787401574,0.09375,0.109375,0.09375,0.078125
2025-09-10,0.2,635,127,32,0.050393700787401574,0.09448818897637795,0.09448818897637795,0.05511811023622047,0.07086614173228346
2025-09-11,0.05,645,33,38,0.05891472868217054,0.09090909090909091,0.09090909090909091,0.15151515151515152,0.12121212121212122
2025-09-11,0.1,645,65,38,0.05891472868217054,0.09230769230769231,0.09230769230769231,0.09230769230769231,0.07692307692307693
2025-09-11,0.2,645,129,38,0.05891472868217054,0.11627906976744186,0.10852713178294573,0.07751937984496124,0.07751937984496124
2025-09-12,0.05,643,33,36,0.05598755832037325,0.12121212121212122,0.12121212121212122,0.12121212121212122,0.09090909090909091
2025-09-12,0.1,643,65,36,0.05598755832037325,0.18461538461538463,0.1076923076923077,0.07692307692307693,0.07692307692307693
2025-09-12,0.2,643,129,36,0.05598755832037325,0.14728682170542637,0.11627906976744186,0.06976744186046512,0.10852713178294573
2025-09-15,0.05,640,32,36,0.05625,0.125,0.15625,0.125,0.1875
2025-09-15,0.1,640,64,36,0.05625,0.203125,0.171875,0.09375,0.15625
2025-09-15,0.2,640,128,36,0.05625,0.1328125,0.1328125,0.078125,0.1171875
2025-09-16,0.05,636,32,30,0.04716981132075472,0.21875,0.09375,0.09375,0.15625
2025-09-16,0.1,636,64,30,0.04716981132075472,0.171875,0.125,0.0625,0.109375
2025-09-16,0.2,636,128,30,0.04716981132075472,0.1171875,0.109375,0.046875,0.09375
2025-09-17,0.05,638,32,32,0.050156739811912224,0.15625,0.125,0.125,0.1875
2025-09-17,0.1,638,64,32,0.050156739811912224,0.1875,0.125,0.078125,0.140625
2025-09-17,0.2,638,128,32,0.050156739811912224,0.125,0.1171875,0.0625,0.1171875
2025-09-18,0.05,638,32,31,0.048589341692789965,0.1875,0.125,0.09375,0.15625
2025-09-18,0.1,638,64,31,0.048589341692789965,0.1875,0.09375,0.09375,0.140625
2025-09-18,0.2,638,128,31,0.048589341692789965,0.1171875,0.1171875,0.078125,0.1015625
2025-09-19,0.05,638,32,32,0.050156739811912224,0.25,0.09375,0.125,0.21875
2025-09-19,0.1,638,64,32,0.050156739811912224,0.1875,0.140625,0.09375,0.140625
2025-09-19,0.2,638,128,32,0.050156739811912224,0.1171875,0.1015625,0.1015625,0.09375
2025-09-22,0.05,640,32,30,0.046875,0.1875,0.09375,0.0625,0.125
2025-09-22,0.1,640,64,30,0.046875,0.15625,0.109375,0.046875,0.109375
2025-09-22,0.2,640,128,30,0.046875,0.09375,0.09375,0.0625,0.0859375
2025-09-23,0.05,635,32,35,0.05511811023622047,0.1875,0.125,0.09375,0.1875
2025-09-23,0.1,635,64,35,0.05511811023622047,0.15625,0.140625,0.0625,0.15625
2025-09-23,0.2,635,127,35,0.05511811023622047,0.11811023622047244,0.11023622047244094,0.07874015748031496,0.11811023622047244
2025-09-24,0.05,632,32,36,0.056962025316455694,0.21875,0.15625,0.09375,0.1875
2025-09-24,0.1,632,64,36,0.056962025316455694,0.171875,0.140625,0.109375,0.15625
2025-09-24,0.2,632,127,36,0.056962025316455694,0.12598425196850394,0.12598425196850394,0.11811023622047244,0.11811023622047244
2025-09-25,0.05,634,32,38,0.05993690851735016,0.25,0.25,0.125,0.28125
2025-09-25,0.1,634,64,38,0.05993690851735016,0.15625,0.15625,0.109375,0.171875
2025-09-25,0.2,634,127,38,0.05993690851735016,0.14173228346456693,0.14173228346456693,0.11811023622047244,0.14173228346456693
2025-09-26,0.05,634,32,52,0.08201892744479496,0.21875,0.15625,0.3125,0.25
2025-09-26,0.1,634,64,52,0.08201892744479496,0.234375,0.171875,0.171875,0.25
2025-09-26,0.2,634,127,52,0.08201892744479496,0.1732283464566929,0.18110236220472442,0.16535433070866143,0.15748031496062992
2025-09-30,0.05,629,32,39,0.06200317965023847,0.25,0.15625,0.1875,0.25
2025-09-30,0.1,629,63,39,0.06200317965023847,0.1746031746031746,0.14285714285714285,0.12698412698412698,0.20634920634920634
2025-09-30,0.2,629,126,39,0.06200317965023847,0.15079365079365079,0.1349206349206349,0.12698412698412698,0.1349206349206349
2025-10-01,0.05,628,32,40,0.06369426751592357,0.21875,0.21875,0.1875,0.25
2025-10-01,0.1,628,63,40,0.06369426751592357,0.1746031746031746,0.20634920634920634,0.14285714285714285,0.2222222222222222
2025-10-01,0.2,628,126,40,0.06369426751592357,0.14285714285714285,0.15873015873015872,0.1111111111111111,0.15873015873015872
2025-10-02,0.05,625,32,40,0.064,0.25,0.28125,0.1875,0.3125
2025-10-02,0.1,625,63,40,0.064,0.2222222222222222,0.25396825396825395,0.15873015873015872,0.25396825396825395
2025-10-02,0.2,625,125,40,0.064,0.168,0.184,0.12,0.168
2025-10-03,0.05,623,32,37,0.0593900481540931,0.1875,0.25,0.125,0.21875
2025-10-03,0.1,623,63,37,0.0593900481540931,0.15873015873015872,0.19047619047619047,0.09523809523809523,0.1746031746031746
2025-10-03,0.2,623,125,37,0.0593900481540931,0.136,0.144,0.088,0.152
2025-10-07,0.05,622,32,30,0.04823151125401929,0.1875,0.125,0.125,0.1875
2025-10-07,0.1,622,63,30,0.04823151125401929,0.1746031746031746,0.1746031746031746,0.09523809523809523,0.15873015873015872
2025-10-07,0.2,622,125,30,0.04823151125401929,0.128,0.128,0.08,0.144
2025-10-08,0.05,620,31,30,0.04838709677419355,0.12903225806451613,0.22580645161290322,0.12903225806451613,0.1935483870967742
2025-10-08,0.1,620,62,30,0.04838709677419355,0.16129032258064516,0.1935483870967742,0.11290322580645161,0.16129032258064516
2025-10-08,0.2,620,124,30,0.04838709677419355,0.12096774193548387,0.13709677419354838,0.08870967741935484,0.12096774193548387
2025-10-09,0.05,622,32,32,0.05144694533762058,0.125,0.21875,0.09375,0.28125
2025-10-09,0.1,622,63,32,0.05144694533762058,0.15873015873015872,0.1746031746031746,0.12698412698412698,0.20634920634920634
2025-10-09,0.2,622,125,32,0.05144694533762058,0.136,0.152,0.112,0.144
2025-10-13,0.05,621,32,38,0.061191626409017714,0.21875,0.21875,0.125,0.25
2025-10-13,0.1,621,63,38,0.061191626409017714,0.1746031746031746,0.1746031746031746,0.14285714285714285,0.19047619047619047
2025-10-13,0.2,621,125,38,0.061191626409017714,0.144,0.152,0.12,0.152
2025-10-14,0.05,620,31,48,0.07741935483870968,0.3225806451612903,0.3548387096774194,0.22580645161290322,0.45161290322580644
2025-10-14,0.1,620,62,48,0.07741935483870968,0.25806451612903225,0.27419354838709675,0.22580645161290322,0.2903225806451613
2025-10-14,0.2,620,124,48,0.07741935483870968,0.22580645161290322,0.25,0.1693548387096774,0.21774193548387097
2025-10-15,0.05,621,32,44,0.07085346215780998,0.34375,0.28125,0.34375,0.25
2025-10-15,0.1,621,63,44,0.07085346215780998,0.2698412698412698,0.19047619047619047,0.20634920634920634,0.23809523809523808
2025-10-15,0.2,621,125,44,0.07085346215780998,0.224,0.216,0.16,0.224
2025-10-16,0.05,625,32,43,0.0688,0.28125,0.21875,0.28125,0.28125
2025-10-16,0.1,625,63,43,0.0688,0.30158730158730157,0.2222222222222222,0.19047619047619047,0.2698412698412698
2025-10-16,0.2,625,125,43,0.0688,0.232,0.2,0.168,0.24
2025-10-17,0.05,626,32,41,0.06549520766773163,0.3125,0.34375,0.28125,0.3125
2025-10-17,0.1,626,63,41,0.06549520766773163,0.2857142857142857,0.25396825396825395,0.19047619047619047,0.25396825396825395
2025-10-17,0.2,626,126,41,0.06549520766773163,0.2222222222222222,0.19047619047619047,0.16666666666666666,0.1984126984126984
2025-10-20,0.05,623,32,34,0.05457463884430177,0.1875,0.125,0.21875,0.21875
2025-10-20,0.1,623,63,34,0.05457463884430177,0.23809523809523808,0.19047619047619047,0.14285714285714285,0.20634920634920634
2025-10-20,0.2,623,125,34,0.05457463884430177,0.168,0.136,0.128,0.152
2025-10-21,0.05,624,32,34,0.05448717948717949,0.15625,0.15625,0.21875,0.21875
2025-10-21,0.1,624,63,34,0.05448717948717949,0.2222222222222222,0.1746031746031746,0.1746031746031746,0.1746031746031746
2025-10-21,0.2,624,125,34,0.05448717948717949,0.16,0.136,0.144,0.144
2025-10-22,0.05,623,32,38,0.060995184590690206,0.25,0.25,0.28125,0.3125
2025-10-22,0.1,623,63,38,0.060995184590690206,0.23809523809523808,0.15873015873015872,0.2222222222222222,0.1746031746031746
2025-10-22,0.2,623,125,38,0.060995184590690206,0.192,0.144,0.168,0.144
2025-10-23,0.05,619,31,37,0.05977382875605816,0.1935483870967742,0.1935483870967742,0.25806451612903225,0.2903225806451613
2025-10-23,0.1,619,62,37,0.05977382875605816,0.24193548387096775,0.16129032258064516,0.1935483870967742,0.20967741935483872
2025-10-23,0.2,619,124,37,0.05977382875605816,0.1774193548387097,0.13709677419354838,0.1532258064516129,0.13709677419354838
2025-10-27,0.05,620,31,29,0.0467741935483871,0.0967741935483871,0.0967741935483871,0.1935483870967742,0.1935483870967742
2025-10-27,0.1,620,62,29,0.0467741935483871,0.1774193548387097,0.0967741935483871,0.12903225806451613,0.14516129032258066
2025-10-27,0.2,620,124,29,0.0467741935483871,0.11290322580645161,0.10483870967741936,0.11290322580645161,0.12903225806451613
2025-10-28,0.05,619,31,29,0.046849757673667204,0.22580645161290322,0.12903225806451613,0.16129032258064516,0.16129032258064516
2025-10-28,0.1,619,62,29,0.046849757673667204,0.1935483870967742,0.16129032258064516,0.11290322580645161,0.16129032258064516
2025-10-28,0.2,619,124,29,0.046849757673667204,0.14516129032258066,0.13709677419354838,0.0967741935483871,0.12903225806451613
2025-10-29,0.05,620,31,27,0.043548387096774194,0.12903225806451613,0.06451612903225806,0.12903225806451613,0.0967741935483871
2025-10-29,0.1,620,62,27,0.043548387096774194,0.12903225806451613,0.11290322580645161,0.0967741935483871,0.12903225806451613
2025-10-29,0.2,620,124,27,0.043548387096774194,0.11290322580645161,0.10483870967741936,0.07258064516129033,0.08870967741935484
2025-10-30,0.05,619,31,27,0.04361873990306947,0.12903225806451613,0.0967741935483871,0.12903225806451613,0.12903225806451613
2025-10-30,0.1,619,62,27,0.04361873990306947,0.12903225806451613,0.0967741935483871,0.0967741935483871,0.14516129032258066
2025-10-30,0.2,619,124,27,0.04361873990306947,0.0967741935483871,0.0967741935483871,0.0967741935483871,0.10483870967741936
2025-10-31,0.05,620,31,30,0.04838709677419355,0.25806451612903225,0.0967741935483871,0.22580645161290322,0.1935483870967742
2025-10-31,0.1,620,62,30,0.04838709677419355,0.16129032258064516,0.1774193548387097,0.16129032258064516,0.16129032258064516
2025-10-31,0.2,620,124,30,0.04838709677419355,0.13709677419354838,0.12096774193548387,0.11290322580645161,0.10483870967741936
2025-11-03,0.05,618,31,27,0.043689320388349516,0.22580645161290322,0.12903225806451613,0.1935483870967742,0.12903225806451613
2025-11-03,0.1,618,62,27,0.043689320388349516,0.16129032258064516,0.0967741935483871,0.1774193548387097,0.16129032258064516
2025-11-03,0.2,618,124,27,0.043689320388349516,0.11290322580645161,0.0967741935483871,0.12096774193548387,0.10483870967741936
2025-11-04,0.05,623,32,32,0.051364365971107544,0.21875,0.1875,0.34375,0.1875
2025-11-04,0.1,623,63,32,0.051364365971107544,0.23809523809523808,0.20634920634920634,0.23809523809523808,0.15873015873015872
2025-11-04,0.2,623,125,32,0.051364365971107544,0.152,0.136,0.144,0.136
2025-11-05,0.05,624,32,27,0.04326923076923077,0.125,0.09375,0.1875,0.09375
2025-11-05,0.1,624,63,27,0.04326923076923077,0.14285714285714285,0.1111111111111111,0.15873015873015872,0.09523809523809523
2025-11-05,0.2,624,125,27,0.04326923076923077,0.128,0.096,0.104,0.088
2025-11-06,0.05,626,32,23,0.036741214057507986,0.0625,0.0625,0.125,0.0625
2025-11-06,0.1,626,63,23,0.036741214057507986,0.1111111111111111,0.09523809523809523,0.1111111111111111,0.06349206349206349
2025-11-06,0.2,626,126,23,0.036741214057507986,0.0873015873015873,0.07936507936507936,0.09523809523809523,0.07936507936507936
2025-11-07,0.05,625,32,25,0.04,0.15625,0.125,0.0625,0.0625
2025-11-07,0.1,625,63,25,0.04,0.09523809523809523,0.1111111111111111,0.09523809523809523,0.06349206349206349
2025-11-07,0.2,625,125,25,0.04,0.104,0.104,0.072,0.072
2025-11-10,0.05,622,32,22,0.03536977491961415,0.125,0.1875,0.09375,0.0625
2025-11-10,0.1,622,63,22,0.03536977491961415,0.12698412698412698,0.1746031746031746,0.09523809523809523,0.12698412698412698
2025-11-10,0.2,622,125,22,0.03536977491961415,0.088,0.096,0.08,0.088
2025-11-11,0.05,623,32,21,0.033707865168539325,0.125,0.15625,0.09375,0.0625
2025-11-11,0.1,623,63,21,0.033707865168539325,0.1111111111111111,0.09523809523809523,0.1111111111111111,0.07936507936507936
2025-11-11,0.2,623,125,21,0.033707865168539325,0.088,0.088,0.072,0.064
2025-11-12,0.05,619,31,21,0.033925686591276254,0.06451612903225806,0.0967741935483871,0.0967741935483871,0.06451612903225806
2025-11-12,0.1,619,62,21,0.033925686591276254,0.08064516129032258,0.08064516129032258,0.08064516129032258,0.08064516129032258
2025-11-12,0.2,619,124,21,0.033925686591276254,0.08064516129032258,0.08064516129032258,0.07258064516129033,0.06451612903225806
2025-11-13,0.05,613,31,23,0.037520391517128875,0.12903225806451613,0.0967741935483871,0.06451612903225806,0.0967741935483871
2025-11-13,0.1,613,62,23,0.037520391517128875,0.0967741935483871,0.04838709677419355,0.08064516129032258,0.04838709677419355
2025-11-13,0.2,613,123,23,0.037520391517128875,0.08130081300813008,0.06504065040650407,0.056910569105691054,0.04878048780487805
2025-11-14,0.05,613,31,25,0.040783034257748776,0.12903225806451613,0.03225806451612903,0.0967741935483871,0.0967741935483871
2025-11-14,0.1,613,62,25,0.040783034257748776,0.0967741935483871,0.04838709677419355,0.11290322580645161,0.06451612903225806
2025-11-14,0.2,613,123,25,0.040783034257748776,0.08943089430894309,0.07317073170731707,0.06504065040650407,0.04065040650406504
2025-11-17,0.05,616,31,30,0.048701298701298704,0.12903225806451613,0.12903225806451613,0.06451612903225806,0.16129032258064516
2025-11-17,0.1,616,62,30,0.048701298701298704,0.12903225806451613,0.12903225806451613,0.06451612903225806,0.0967741935483871
2025-11-17,0.2,616,124,30,0.048701298701298704,0.12096774193548387,0.10483870967741936,0.08064516129032258,0.056451612903225805
2025-11-18,0.05,616,31,38,0.06168831168831169,0.22580645161290322,0.1935483870967742,0.06451612903225806,0.16129032258064516
2025-11-18,0.1,616,62,38,0.06168831168831169,0.1774193548387097,0.12903225806451613,0.08064516129032258,0.12903225806451613
2025-11-18,0.2,616,124,38,0.06168831168831169,0.1532258064516129,0.0967741935483871,0.08870967741935484,0.08870967741935484
2025-11-19,0.05,614,31,40,0.06514657980456026,0.1935483870967742,0.16129032258064516,0.06451612903225806,0.1935483870967742
2025-11-19,0.1,614,62,40,0.06514657980456026,0.16129032258064516,0.14516129032258066,0.12903225806451613,0.14516129032258066
2025-11-19,0.2,614,123,40,0.06514657980456026,0.15447154471544716,0.12195121951219512,0.10569105691056911,0.07317073170731707
2025-11-20,0.05,611,31,34,0.05564648117839607,0.1935483870967742,0.16129032258064516,0.0967741935483871,0.12903225806451613
2025-11-20,0.1,611,62,34,0.05564648117839607,0.16129032258064516,0.12903225806451613,0.0967741935483871,0.14516129032258066
2025-11-20,0.2,611,123,34,0.05564648117839607,0.13008130081300814,0.12195121951219512,0.07317073170731707,0.0975609756097561
2025-11-21,0.05,609,31,50,0.08210180623973727,0.2903225806451613,0.22580645161290322,0.16129032258064516,0.1935483870967742
2025-11-21,0.1,609,61,50,0.08210180623973727,0.2459016393442623,0.22950819672131148,0.18032786885245902,0.18032786885245902
2025-11-21,0.2,609,122,50,0.08210180623973727,0.18032786885245902,0.1557377049180328,0.14754098360655737,0.13114754098360656
2025-11-24,0.05,603,31,41,0.06799336650082918,0.3225806451612903,0.25806451612903225,0.22580645161290322,0.1935483870967742
2025-11-24,0.1,603,61,41,0.06799336650082918,0.19672131147540983,0.18032786885245902,0.16393442622950818,0.16393442622950818
2025-11-24,0.2,603,121,41,0.06799336650082918,0.1322314049586777,0.14049586776859505,0.12396694214876033,0.12396694214876033
2025-11-25,0.05,601,31,38,0.0632279534109817,0.2903225806451613,0.25806451612903225,0.16129032258064516,0.16129032258064516
2025-11-25,0.1,601,61,38,0.0632279534109817,0.18032786885245902,0.16393442622950818,0.16393442622950818,0.13114754098360656
2025-11-25,0.2,601,121,38,0.0632279534109817,0.1322314049586777,0.14049586776859505,0.10743801652892562,0.11570247933884298
2025-11-26,0.05,597,30,39,0.06532663316582915,0.5,0.26666666666666666,0.26666666666666666,0.2
2025-11-26,0.1,597,60,39,0.06532663316582915,0.2833333333333333,0.26666666666666666,0.26666666666666666,0.16666666666666666
2025-11-26,0.2,597,120,39,0.06532663316582915,0.18333333333333332,0.16666666666666666,0.15,0.14166666666666666
2025-11-27,0.05,597,30,36,0.06030150753768844,0.36666666666666664,0.2,0.23333333333333334,0.23333333333333334
2025-11-27,0.1,597,60,36,0.06030150753768844,0.26666666666666666,0.16666666666666666,0.21666666666666667,0.18333333333333332
2025-11-27,0.2,597,120,36,0.06030150753768844,0.19166666666666668,0.15833333333333333,0.125,0.125
2025-11-28,0.05,594,30,37,0.06228956228956229,0.4,0.3333333333333333,0.23333333333333334,0.2
2025-11-28,0.1,594,60,37,0.06228956228956229,0.3,0.25,0.18333333333333332,0.16666666666666666
2025-11-28,0.2,594,119,37,0.06228956228956229,0.19327731092436976,0.18487394957983194,0.13445378151260504,0.13445378151260504
2025-12-01,0.05,593,30,37,0.06239460370994941,0.36666666666666664,0.26666666666666666,0.26666666666666666,0.2
2025-12-01,0.1,593,60,37,0.06239460370994941,0.3,0.21666666666666667,0.21666666666666667,0.13333333333333333
2025-12-01,0.2,593,119,37,0.06239460370994941,0.18487394957983194,0.16806722689075632,0.13445378151260504,0.12605042016806722
2025-12-02,0.05,592,30,39,0.06587837837837837,0.36666666666666664,0.3333333333333333,0.3,0.23333333333333334
2025-12-02,0.1,592,60,39,0.06587837837837837,0.3,0.25,0.2,0.2
2025-12-02,0.2,592,119,39,0.06587837837837837,0.20168067226890757,0.18487394957983194,0.15966386554621848,0.14285714285714285
