comparison,days,block_days,repetitions,observed_gap,bootstrap_p025,bootstrap_median,bootstrap_p975,fraction_nonpositive
logistic - mom60_skip5,223,10,10000,0.03189228131722878,0.016981608175689937,0.0316270314829019,0.048349580928829294,0.0
logistic - mom60_skip5,223,20,10000,0.03189228131722878,0.013856493815579256,0.03142552610165865,0.05099143228587607,0.0002
logistic - mom60_skip5,223,40,10000,0.03189228131722878,0.013144348337197485,0.031938380509469295,0.05058295369210957,0.0005
logistic - mom20,223,10,10000,0.021251192798239865,0.0013633032918783142,0.020445737355114662,0.045616061537386884,0.0157
logistic - mom20,223,20,10000,0.021251192798239865,-0.0008903086995389206,0.02021901002418512,0.05076654471074436,0.0331
logistic - mom20,223,40,10000,0.021251192798239865,-0.0009319363244574914,0.020193403960246575,0.04949501711411054,0.031
hist_gradient_boosting - mom60_skip5,223,10,10000,0.009509716049894415,-0.008483193633199599,0.009748257536898631,0.025014246125986454,0.1348
hist_gradient_boosting - mom60_skip5,223,20,10000,0.009509716049894415,-0.013304405370721107,0.010311590467527474,0.027782608757809215,0.1863
hist_gradient_boosting - mom60_skip5,223,40,10000,0.009509716049894415,-0.016381308120036332,0.010482753288010002,0.029245555265277428,0.2104
