method,signal_date,planned_trade_date,selected,retained,new,retired,initial_capital_twd,reserve_twd,nominal_target_per_name_twd,executed_trades,portfolio_nav_produced
logistic,2025-12-31,2026-01-02,15,0,15,0,300000,15000.0,19000.0,0,False
logistic,2026-01-30,2026-02-02,15,4,11,11,300000,15000.0,19000.0,0,False
logistic,2026-02-26,2026-03-02,15,7,8,8,300000,15000.0,19000.0,0,False
logistic,2026-03-31,2026-04-01,15,3,12,12,300000,15000.0,19000.0,0,False
logistic,2026-04-30,2026-05-04,15,4,11,11,300000,15000.0,19000.0,0,False
logistic,2026-05-29,2026-06-01,15,2,13,13,300000,15000.0,19000.0,0,False
logistic,2026-06-30,2026-07-01,15,5,10,10,300000,15000.0,19000.0,0,False
logistic,2026-07-31,2026-08-03,15,3,12,12,300000,15000.0,19000.0,0,False
logistic,2026-08-31,2026-09-01,15,7,8,8,300000,15000.0,19000.0,0,False
mom60_skip5,2025-12-31,2026-01-02,15,0,15,0,300000,15000.0,19000.0,0,False
mom60_skip5,2026-01-30,2026-02-02,15,7,8,8,300000,15000.0,19000.0,0,False
mom60_skip5,2026-02-26,2026-03-02,15,7,8,8,300000,15000.0,19000.0,0,False
mom60_skip5,2026-03-31,2026-04-01,15,10,5,5,300000,15000.0,19000.0,0,False
mom60_skip5,2026-04-30,2026-05-04,15,5,10,10,300000,15000.0,19000.0,0,False
mom60_skip5,2026-05-29,2026-06-01,15,9,6,6,300000,15000.0,19000.0,0,False
mom60_skip5,2026-06-30,2026-07-01,15,4,11,11,300000,15000.0,19000.0,0,False
mom60_skip5,2026-07-31,2026-08-03,15,5,10,10,300000,15000.0,19000.0,0,False
mom60_skip5,2026-08-31,2026-09-01,15,4,11,11,300000,15000.0,19000.0,0,False
