method,signal_date,planned_trade_date,symbol,rank,ranking_score,score_kind,signal_raw_close,position_target_twd,is_continuing,sizing_shares_if_new,regular_shares_if_new,odd_lot_shares_if_new,sizing_cost_with_buffer_if_new,planned_action,fill_status,predicted_relative20,relative_return20,pass_positive_relative_pred,gate_status
logistic,2025-12-31,2026-01-02,6205,1,0.4918929940095785,uncalibrated_surge_logistic,62.0,19000.0,False,302,0,302,18938.188517,buy_candidate,unverified,-0.003979004969633885,-0.2884927605778783,False,diagnostic_only_no_orders_changed
logistic,2025-12-31,2026-01-02,3701,2,0.3991558707049876,uncalibrated_surge_logistic,54.4,19000.0,False,345,0,345,18982.691844,buy_candidate,unverified,-0.06399573402055356,-0.09598801674522384,False,diagnostic_only_no_orders_changed
logistic,2025-12-31,2026-01-02,3092,3,0.3205389473318056,uncalibrated_surge_logistic,25.6,19000.0,False,733,0,733,18979.4552384,buy_candidate,unverified,0.0008371408374253074,-0.12448066380637779,True,diagnostic_only_no_orders_changed
logistic,2025-12-31,2026-01-02,2413,4,0.3137409433078611,uncalibrated_surge_logistic,45.6,19000.0,False,411,0,411,18955.989847800003,buy_candidate,unverified,-0.020892284641381115,-0.20918461117378961,False,diagnostic_only_no_orders_changed
logistic,2025-12-31,2026-01-02,1721,5,0.3082591058824873,uncalibrated_surge_logistic,16.5,19000.0,False,1137,1000,137,18991.852625,buy_candidate,unverified,-0.0066049032813568125,-0.03707536077083651,False,diagnostic_only_no_orders_changed
logistic,2025-12-31,2026-01-02,6442,6,0.3046622349846284,uncalibrated_surge_logistic,1360.0,19000.0,False,13,0,13,17882.24594,buy_candidate,unverified,-0.003310472776546263,0.12827668913663803,False,diagnostic_only_no_orders_changed
logistic,2025-12-31,2026-01-02,6706,7,0.2732135151813015,uncalibrated_surge_logistic,140.5,19000.0,False,133,0,133,18900.259545125,buy_candidate,unverified,-0.0135127793898813,-0.23619107306024,False,diagnostic_only_no_orders_changed
logistic,2025-12-31,2026-01-02,6443,8,0.2690907324119063,uncalibrated_surge_logistic,27.9,19000.0,False,673,0,673,18991.491365475,buy_candidate,unverified,-0.019933563370249242,0.2577437985629407,False,diagnostic_only_no_orders_changed
logistic,2025-12-31,2026-01-02,6426,9,0.2646040264414582,uncalibrated_surge_logistic,97.9,19000.0,False,191,0,191,18912.801391825,buy_candidate,unverified,-0.022517284911417204,-0.0011884012889911144,False,diagnostic_only_no_orders_changed
logistic,2025-12-31,2026-01-02,4967,10,0.2495008892906493,uncalibrated_surge_logistic,189.0,19000.0,False,99,0,99,18925.03980675,buy_candidate,unverified,-0.0041549776143279624,0.18000015630398636,False,diagnostic_only_no_orders_changed
logistic,2025-12-31,2026-01-02,8438,11,0.2440255219907561,uncalibrated_surge_logistic,41.9,19000.0,False,448,0,448,18985.9284496,buy_candidate,unverified,0.015438306436519405,0.3873406369119172,True,diagnostic_only_no_orders_changed
logistic,2025-12-31,2026-01-02,3006,12,0.2333984151999726,uncalibrated_surge_logistic,118.0,19000.0,False,159,0,159,18976.6232085,buy_candidate,unverified,-0.004826394992312052,0.36413162433015733,False,diagnostic_only_no_orders_changed
logistic,2025-12-31,2026-01-02,2491,13,0.2302291286555478,uncalibrated_surge_logistic,19.9,19000.0,False,943,0,943,18980.365533725,buy_candidate,unverified,-0.022341645020173884,-0.23055792511018913,False,diagnostic_only_no_orders_changed
logistic,2025-12-31,2026-01-02,5521,14,0.2265131202977177,uncalibrated_surge_logistic,23.35,19000.0,False,804,0,804,18988.153615950003,buy_candidate,unverified,-0.02965913778523652,-0.2107694753668259,False,diagnostic_only_no_orders_changed
logistic,2025-12-31,2026-01-02,1528,15,0.2241523337187609,uncalibrated_surge_logistic,23.75,19000.0,False,790,0,790,18977.128928125,buy_candidate,unverified,-0.0321124604724258,0.021999599357968247,False,diagnostic_only_no_orders_changed
logistic,2026-01-30,2026-02-02,2408,1,0.4306884564087588,uncalibrated_surge_logistic,326.5,19000.0,False,57,0,57,18823.390162125,buy_candidate,unverified,0.014865121582333917,-0.29918705360664244,True,diagnostic_only_no_orders_changed
logistic,2026-01-30,2026-02-02,2337,2,0.4179669336265025,uncalibrated_surge_logistic,92.8,19000.0,False,202,0,202,18960.0356048,buy_candidate,unverified,0.01424720319101148,-0.0027815379465103707,True,diagnostic_only_no_orders_changed
logistic,2026-01-30,2026-02-02,6426,3,0.4068389813746693,uncalibrated_surge_logistic,122.5,19000.0,True,153,0,153,18956.900143125,hold_no_rebalance,not_applicable,-0.005886097683379937,0.012660932145820425,False,diagnostic_only_no_orders_changed
logistic,2026-01-30,2026-02-02,8110,4,0.3951353196004856,uncalibrated_surge_logistic,79.3,19000.0,False,236,0,236,18928.8832759,buy_candidate,unverified,-0.03502624345276767,-0.37347798748763283,False,diagnostic_only_no_orders_changed
logistic,2026-01-30,2026-02-02,6770,5,0.3940452921230746,uncalibrated_surge_logistic,69.5,19000.0,False,270,0,270,18979.65752625,buy_candidate,unverified,0.08507402392910447,-0.12317815169394186,True,diagnostic_only_no_orders_changed
logistic,2026-01-30,2026-02-02,3006,6,0.3842276803491894,uncalibrated_surge_logistic,195.0,19000.0,True,96,0,96,18934.14276,hold_no_rebalance,not_applicable,-0.037653260225939705,-0.25918626827518565,False,diagnostic_only_no_orders_changed
logistic,2026-01-30,2026-02-02,3481,7,0.3813037100570556,uncalibrated_surge_logistic,21.8,19000.0,False,861,0,861,18984.51243465,buy_candidate,unverified,-0.04086586235645637,0.3127732706497939,False,diagnostic_only_no_orders_changed
logistic,2026-01-30,2026-02-02,3135,8,0.3765990026995432,uncalibrated_surge_logistic,118.5,19000.0,False,158,0,158,18937.17707775,buy_candidate,unverified,-0.036153702527080354,-0.10245144192075362,False,diagnostic_only_no_orders_changed
logistic,2026-01-30,2026-02-02,2344,9,0.3750207728011033,uncalibrated_surge_logistic,128.5,19000.0,False,146,0,146,18975.61176925,buy_candidate,unverified,0.06386342593797516,-0.18997545314979725,True,diagnostic_only_no_orders_changed
logistic,2026-01-30,2026-02-02,6443,10,0.3315492875797576,uncalibrated_surge_logistic,39.0,19000.0,True,481,0,481,18973.58889075,hold_no_rebalance,not_applicable,-0.025026345114211986,0.26389065479912066,False,diagnostic_only_no_orders_changed
logistic,2026-01-30,2026-02-02,6155,11,0.3201135103843755,uncalibrated_surge_logistic,55.4,19000.0,False,339,0,339,18995.43597855,buy_candidate,unverified,0.034951720991296314,-0.26666567214751213,True,diagnostic_only_no_orders_changed
logistic,2026-01-30,2026-02-02,6282,12,0.3072276322831935,uncalibrated_surge_logistic,49.8,19000.0,False,377,0,377,18989.36734305,buy_candidate,unverified,0.03346694298557583,-0.13335988582308633,True,diagnostic_only_no_orders_changed
logistic,2026-01-30,2026-02-02,6442,13,0.2953787391395128,uncalibrated_surge_logistic,1785.0,19000.0,True,10,0,10,18054.1906125,hold_no_rebalance,not_applicable,-0.003634021460268138,-0.06312938398734347,False,diagnostic_only_no_orders_changed
logistic,2026-01-30,2026-02-02,4764,14,0.284690127278953,uncalibrated_surge_logistic,117.0,19000.0,False,160,0,160,18934.14276,buy_candidate,unverified,-0.02782247351808744,0.19636928728253267,False,diagnostic_only_no_orders_changed
logistic,2026-01-30,2026-02-02,1809,15,0.2837874889154586,uncalibrated_surge_logistic,24.7,19000.0,False,760,0,760,18986.737601,buy_candidate,unverified,-0.02031436081043578,-0.06498923723739125,False,diagnostic_only_no_orders_changed
logistic,2026-02-26,2026-03-02,3576,1,0.6677505744427183,uncalibrated_surge_logistic,22.1,19000.0,False,850,0,850,18999.886311250004,buy_candidate,unverified,0.007367319581333526,0.1278217813516056,True,diagnostic_only_no_orders_changed
logistic,2026-02-26,2026-03-02,2485,2,0.5393354028492975,uncalibrated_surge_logistic,45.0,19000.0,False,417,0,417,18979.65752625,buy_candidate,unverified,-0.032211714753778986,0.8624522489240747,False,diagnostic_only_no_orders_changed
logistic,2026-02-26,2026-03-02,2413,3,0.5318858197256483,uncalibrated_surge_logistic,56.8,19000.0,False,330,0,330,18958.417302,buy_candidate,unverified,0.013375579166339392,0.05465882169364178,True,diagnostic_only_no_orders_changed
logistic,2026-02-26,2026-03-02,2337,4,0.5017844106941575,uncalibrated_surge_logistic,110.0,19000.0,True,170,0,170,18913.913975,hold_no_rebalance,not_applicable,0.003912293435517809,0.2121492186129641,True,diagnostic_only_no_orders_changed
logistic,2026-02-26,2026-03-02,6706,5,0.5008740040962157,uncalibrated_surge_logistic,133.5,19000.0,False,140,0,140,18903.7995825,buy_candidate,unverified,0.059006593078389846,0.0233511253316957,True,diagnostic_only_no_orders_changed
logistic,2026-02-26,2026-03-02,3138,6,0.4992167310065413,uncalibrated_surge_logistic,198.0,19000.0,False,94,0,94,18824.907321,buy_candidate,unverified,-0.0033421725211325534,0.007603764074646913,False,diagnostic_only_no_orders_changed
logistic,2026-02-26,2026-03-02,4764,7,0.4974196339827191,uncalibrated_surge_logistic,135.5,19000.0,True,138,0,138,18912.90253575,hold_no_rebalance,not_applicable,-0.006900657086332846,0.057335397758661255,False,diagnostic_only_no_orders_changed
logistic,2026-02-26,2026-03-02,6426,8,0.4909318338435451,uncalibrated_surge_logistic,191.5,19000.0,True,98,0,98,18981.68040475,hold_no_rebalance,not_applicable,-0.008814650887903045,-0.11220397388064729,False,diagnostic_only_no_orders_changed
logistic,2026-02-26,2026-03-02,2344,9,0.4815089102316705,uncalibrated_surge_logistic,122.5,19000.0,True,153,0,153,18956.900143125,hold_no_rebalance,not_applicable,-0.052521551615160325,-0.16597956359120292,False,diagnostic_only_no_orders_changed
logistic,2026-02-26,2026-03-02,2367,10,0.4415779612243583,uncalibrated_surge_logistic,64.5,19000.0,False,291,0,291,18984.209002875,buy_candidate,unverified,0.021543679133015043,0.2881886830324556,True,diagnostic_only_no_orders_changed
logistic,2026-02-26,2026-03-02,2408,11,0.4245666934687591,uncalibrated_surge_logistic,285.5,19000.0,True,65,0,65,18769.783881875,hold_no_rebalance,not_applicable,0.007768777873358952,-0.15538779777870115,True,diagnostic_only_no_orders_changed
logistic,2026-02-26,2026-03-02,3135,12,0.4133417054662011,uncalibrated_surge_logistic,125.0,19000.0,True,150,0,150,18964.4859375,hold_no_rebalance,not_applicable,-0.05444724949653236,-0.048214417739401716,False,diagnostic_only_no_orders_changed
logistic,2026-02-26,2026-03-02,8438,13,0.4058645272680567,uncalibrated_surge_logistic,69.4,19000.0,False,270,0,270,18952.3486665,buy_candidate,unverified,0.028581476491695852,0.022471461220058386,True,diagnostic_only_no_orders_changed
logistic,2026-02-26,2026-03-02,6443,14,0.3999919313583668,uncalibrated_surge_logistic,45.1,19000.0,True,416,0,416,18976.2186328,hold_no_rebalance,not_applicable,0.0015833527125967866,0.0735682873575092,True,diagnostic_only_no_orders_changed
logistic,2026-02-26,2026-03-02,3308,15,0.3962193625832012,uncalibrated_surge_logistic,25.15,19000.0,False,746,0,746,18976.522064575,buy_candidate,unverified,-0.025576374858007015,-0.08326014338961618,False,diagnostic_only_no_orders_changed
logistic,2026-03-31,2026-04-01,2337,1,0.5091247599013214,uncalibrated_surge_logistic,115.5,19000.0,True,162,0,162,18925.03980675,hold_no_rebalance,not_applicable,0.016510938873343806,0.08246947707421293,True,diagnostic_only_no_orders_changed
logistic,2026-03-31,2026-04-01,3054,2,0.5007171770875076,uncalibrated_surge_logistic,67.6,19000.0,False,277,0,277,18939.4022441,buy_candidate,unverified,-0.0005755607219233238,-0.2745324953096875,False,diagnostic_only_no_orders_changed
logistic,2026-03-31,2026-04-01,3049,3,0.4914265268598987,uncalibrated_surge_logistic,11.45,19000.0,False,1639,1000,639,18994.2155,buy_candidate,unverified,0.06851171456898014,-0.18536167285031957,True,diagnostic_only_no_orders_changed
logistic,2026-03-31,2026-04-01,8271,4,0.4826912997514962,uncalibrated_surge_logistic,130.0,19000.0,False,144,0,144,18934.14276,buy_candidate,unverified,0.08937608672986712,0.44144383605432314,True,diagnostic_only_no_orders_changed
logistic,2026-03-31,2026-04-01,3006,5,0.4641490664392295,uncalibrated_surge_logistic,150.0,19000.0,False,125,0,125,18964.4859375,buy_candidate,unverified,0.0024021978986702177,-0.12086385626011764,True,diagnostic_only_no_orders_changed
logistic,2026-03-31,2026-04-01,6426,6,0.4606254537417611,uncalibrated_surge_logistic,136.0,19000.0,True,138,0,138,18982.691844,hold_no_rebalance,not_applicable,0.05945556105504283,0.39251849668186045,True,diagnostic_only_no_orders_changed
logistic,2026-03-31,2026-04-01,3576,7,0.4551975910442928,uncalibrated_surge_logistic,21.25,19000.0,True,884,0,884,18999.88631125,hold_no_rebalance,not_applicable,0.08023906232239915,-0.49792267978645066,True,diagnostic_only_no_orders_changed
logistic,2026-03-31,2026-04-01,1309,8,0.4530707825491569,uncalibrated_surge_logistic,23.05,19000.0,False,814,0,814,18977.331215975,buy_candidate,unverified,-0.0031765130846926927,-0.3484777391205369,False,diagnostic_only_no_orders_changed
logistic,2026-03-31,2026-04-01,6861,9,0.4449941853226839,uncalibrated_surge_logistic,126.0,19000.0,False,149,0,149,18988.7604795,buy_candidate,unverified,0.04499493263392306,1.3523107469208941,True,diagnostic_only_no_orders_changed
logistic,2026-03-31,2026-04-01,3167,10,0.4349416188352466,uncalibrated_surge_logistic,368.5,19000.0,False,50,0,50,18635.76818125,buy_candidate,unverified,0.03707211978120355,1.0856354653181852,True,diagnostic_only_no_orders_changed
logistic,2026-03-31,2026-04-01,6451,11,0.4276562480889305,uncalibrated_surge_logistic,296.0,19000.0,False,63,0,63,18861.319134,buy_candidate,unverified,0.04563919692466119,0.20521722482724414,True,diagnostic_only_no_orders_changed
logistic,2026-03-31,2026-04-01,4949,12,0.4236806820331782,uncalibrated_surge_logistic,67.0,19000.0,False,280,0,280,18974.60033,buy_candidate,unverified,-0.03436803355681947,0.3237630094137154,False,diagnostic_only_no_orders_changed
logistic,2026-03-31,2026-04-01,1308,13,0.4200326653331803,uncalibrated_surge_logistic,18.5,19000.0,False,1014,1000,14,18993.216125,buy_candidate,unverified,-0.023201999819965853,-0.4373503427441886,False,diagnostic_only_no_orders_changed
logistic,2026-03-31,2026-04-01,1305,14,0.4173703505303002,uncalibrated_surge_logistic,17.35,19000.0,False,1081,1000,81,18987.874487500005,buy_candidate,unverified,0.026863507656159198,-0.39495607527730414,True,diagnostic_only_no_orders_changed
logistic,2026-03-31,2026-04-01,6141,15,0.4171224186810967,uncalibrated_surge_logistic,19.8,19000.0,False,948,0,948,18985.1192982,buy_candidate,unverified,0.049352476324238136,0.3905502851577083,True,diagnostic_only_no_orders_changed
logistic,2026-04-30,2026-05-04,6861,1,0.7534435866726215,uncalibrated_surge_logistic,328.0,19000.0,True,57,0,57,18909.868218000003,hold_no_rebalance,not_applicable,-0.06517169387709681,0.17682253065547826,False,diagnostic_only_no_orders_changed
logistic,2026-04-30,2026-05-04,3167,2,0.6819922160775322,uncalibrated_surge_logistic,861.0,19000.0,True,21,0,21,18287.83307925,hold_no_rebalance,not_applicable,0.002351286917555033,-0.24129593624333567,True,diagnostic_only_no_orders_changed
logistic,2026-04-30,2026-05-04,6426,3,0.6783666219729161,uncalibrated_surge_logistic,223.5,19000.0,True,84,0,84,18988.7604795,hold_no_rebalance,not_applicable,0.0669398408647839,0.029989988505617626,True,diagnostic_only_no_orders_changed
logistic,2026-04-30,2026-05-04,6830,4,0.6222840309598077,uncalibrated_surge_logistic,850.0,19000.0,False,22,0,22,18913.913975,buy_candidate,unverified,0.05832368859604221,-0.3669938251558029,True,diagnostic_only_no_orders_changed
logistic,2026-04-30,2026-05-04,4764,5,0.618585806095125,uncalibrated_surge_logistic,258.0,19000.0,False,72,0,72,18788.495508,buy_candidate,unverified,-0.04413304190966794,0.019467643152709657,False,diagnostic_only_no_orders_changed
logistic,2026-04-30,2026-05-04,2337,6,0.6133170902257885,uncalibrated_surge_logistic,154.0,19000.0,True,121,0,121,18847.1589845,hold_no_rebalance,not_applicable,-0.04650331843568216,-0.08347205280848735,False,diagnostic_only_no_orders_changed
logistic,2026-04-30,2026-05-04,6205,7,0.6056924037403866,uncalibrated_surge_logistic,86.5,19000.0,False,217,0,217,18985.220442125,buy_candidate,unverified,-0.022161870714959217,-0.26290677993304923,False,diagnostic_only_no_orders_changed
logistic,2026-04-30,2026-05-04,2426,8,0.6011847476091212,uncalibrated_surge_logistic,57.3,19000.0,False,327,0,327,18951.438371175,buy_candidate,unverified,0.030577046335530933,0.25416738125790084,True,diagnostic_only_no_orders_changed
logistic,2026-04-30,2026-05-04,6715,9,0.5697867585284463,uncalibrated_surge_logistic,400.5,19000.0,False,46,0,46,18633.74530275,buy_candidate,unverified,0.06401947608235461,-0.07600168297809673,True,diagnostic_only_no_orders_changed
logistic,2026-04-30,2026-05-04,1711,10,0.5559934932645909,uncalibrated_surge_logistic,56.5,19000.0,False,332,0,332,18972.5774515,buy_candidate,unverified,0.04267765552113704,-0.29561433530526215,True,diagnostic_only_no_orders_changed
logistic,2026-04-30,2026-05-04,3437,11,0.5523620378671732,uncalibrated_surge_logistic,26.55,19000.0,False,707,0,707,18985.574445862498,buy_candidate,unverified,0.006793040541994144,-0.26821903840455974,True,diagnostic_only_no_orders_changed
logistic,2026-04-30,2026-05-04,1735,12,0.5522289743245028,uncalibrated_surge_logistic,27.2,19000.0,False,690,0,690,18982.691844,buy_candidate,unverified,-0.004005513385055059,-0.24552323691997824,False,diagnostic_only_no_orders_changed
logistic,2026-04-30,2026-05-04,4960,13,0.5459303451137592,uncalibrated_surge_logistic,39.0,19000.0,False,481,0,481,18973.58889075,buy_candidate,unverified,0.09685395492787943,-0.34541011474750116,True,diagnostic_only_no_orders_changed
logistic,2026-04-30,2026-05-04,6278,14,0.5332514653487972,uncalibrated_surge_logistic,168.0,19000.0,False,111,0,111,18861.319134,buy_candidate,unverified,-0.00401713237219423,0.15083530649561383,False,diagnostic_only_no_orders_changed
logistic,2026-04-30,2026-05-04,2467,15,0.5295108451719099,uncalibrated_surge_logistic,609.0,19000.0,False,30,0,30,18478.9950975,buy_candidate,unverified,-0.010214543495007458,-0.14822052273130248,False,diagnostic_only_no_orders_changed
logistic,2026-05-29,2026-06-01,7610,1,0.7300870721298564,uncalibrated_surge_logistic,1475.0,19000.0,False,12,0,12,17902.474725,buy_candidate,unverified,0.010978421609263373,0.43274209629276283,True,diagnostic_only_no_orders_changed
logistic,2026-05-29,2026-06-01,6861,2,0.696145071864535,uncalibrated_surge_logistic,440.0,19000.0,True,42,0,42,18691.39734,hold_no_rebalance,not_applicable,0.06279950598815452,-0.26004150353887723,True,diagnostic_only_no_orders_changed
logistic,2026-05-29,2026-06-01,6141,3,0.6898666724721538,uncalibrated_surge_logistic,46.0,19000.0,False,408,0,408,18982.691844,buy_candidate,unverified,0.030489691140201093,-0.15946497813612437,True,diagnostic_only_no_orders_changed
logistic,2026-05-29,2026-06-01,3026,4,0.6219548548140338,uncalibrated_surge_logistic,641.0,19000.0,False,29,0,29,18801.64421825,buy_candidate,unverified,0.006316323093006279,0.21175489831276617,True,diagnostic_only_no_orders_changed
logistic,2026-05-29,2026-06-01,6531,5,0.6157217114673607,uncalibrated_surge_logistic,1190.0,19000.0,False,15,0,15,18054.1906125,buy_candidate,unverified,0.012122985158042292,-0.16180267481221178,True,diagnostic_only_no_orders_changed
logistic,2026-05-29,2026-06-01,4764,6,0.5718645574100738,uncalibrated_surge_logistic,305.5,19000.0,True,61,0,61,18848.676143375,hold_no_rebalance,not_applicable,-0.024337044812729424,-0.06627313297785264,False,diagnostic_only_no_orders_changed
logistic,2026-05-29,2026-06-01,6658,7,0.5392525179719303,uncalibrated_surge_logistic,220.0,19000.0,False,85,0,85,18913.913975,buy_candidate,unverified,0.04661677235706518,-0.016585315668891876,True,diagnostic_only_no_orders_changed
logistic,2026-05-29,2026-06-01,3229,8,0.531420775390664,uncalibrated_surge_logistic,49.5,19000.0,False,379,0,379,18975.106049625,buy_candidate,unverified,0.005636062784073125,-0.1435119697918117,True,diagnostic_only_no_orders_changed
logistic,2026-05-29,2026-06-01,6834,9,0.515775133899787,uncalibrated_surge_logistic,75.2,19000.0,False,249,0,249,18938.9976684,buy_candidate,unverified,-0.06110623960488426,0.466811644194725,False,diagnostic_only_no_orders_changed
logistic,2026-05-29,2026-06-01,3481,10,0.510520206609821,uncalibrated_surge_logistic,51.0,19000.0,False,368,0,368,18982.691844,buy_candidate,unverified,-0.008460993897084676,0.353078853535699,False,diagnostic_only_no_orders_changed
logistic,2026-05-29,2026-06-01,2472,11,0.501248808274203,uncalibrated_surge_logistic,371.0,19000.0,False,50,0,50,18762.1980875,buy_candidate,unverified,-0.03943661924534793,0.12087312100873837,False,diagnostic_only_no_orders_changed
logistic,2026-05-29,2026-06-01,1568,12,0.5002434787744432,uncalibrated_surge_logistic,45.35,19000.0,False,414,0,414,18989.670774825,buy_candidate,unverified,0.08409907156160193,-0.16739245045220896,True,diagnostic_only_no_orders_changed
logistic,2026-05-29,2026-06-01,3016,13,0.4972276791044653,uncalibrated_surge_logistic,138.0,19000.0,False,136,0,136,18982.691844,buy_candidate,unverified,0.008511728033796824,-0.10700179440130697,True,diagnostic_only_no_orders_changed
logistic,2026-05-29,2026-06-01,2302,14,0.4932029470648157,uncalibrated_surge_logistic,37.5,19000.0,False,500,0,500,18964.4859375,buy_candidate,unverified,-0.04454967167167583,0.2676799493984148,False,diagnostic_only_no_orders_changed
logistic,2026-05-29,2026-06-01,3443,15,0.4915881142830628,uncalibrated_surge_logistic,4670.0,19000.0,False,4,0,4,18893.68519,buy_candidate,unverified,-0.05238258742344086,-0.04020798616046117,False,diagnostic_only_no_orders_changed
logistic,2026-06-30,2026-07-01,7610,1,0.7873787322867816,uncalibrated_surge_logistic,2230.0,19000.0,True,8,0,8,18044.076220000003,hold_no_rebalance,not_applicable,0.07812597168190262,-0.21248898562873642,True,diagnostic_only_no_orders_changed
logistic,2026-06-30,2026-07-01,3026,2,0.6358610038044729,uncalibrated_surge_logistic,842.0,19000.0,True,22,0,22,18735.900667,hold_no_rebalance,not_applicable,-0.0735002150347369,-0.3109522969888977,False,diagnostic_only_no_orders_changed
logistic,2026-06-30,2026-07-01,2472,3,0.6228290948548484,uncalibrated_surge_logistic,453.5,19000.0,True,41,0,41,18806.195694875,hold_no_rebalance,not_applicable,-0.018869317084964428,-0.38937572312469226,False,diagnostic_only_no_orders_changed
logistic,2026-06-30,2026-07-01,6449,4,0.6126602245436076,uncalibrated_surge_logistic,345.0,19000.0,False,54,0,54,18843.1132275,buy_candidate,unverified,0.06383305501946082,-0.2889842430091796,True,diagnostic_only_no_orders_changed
logistic,2026-06-30,2026-07-01,2492,5,0.5472260155562674,uncalibrated_surge_logistic,565.0,19000.0,False,33,0,33,18858.28481625,buy_candidate,unverified,-0.0036658856179300476,-0.4821484053170143,False,diagnostic_only_no_orders_changed
logistic,2026-06-30,2026-07-01,2243,6,0.5152119046797387,uncalibrated_surge_logistic,57.0,19000.0,False,329,0,329,18967.52025525,buy_candidate,unverified,0.044364565561723565,-0.09817569991238362,True,diagnostic_only_no_orders_changed
logistic,2026-06-30,2026-07-01,6405,7,0.5098780458088189,uncalibrated_surge_logistic,61.3,19000.0,False,306,0,306,18972.37516365,buy_candidate,unverified,-0.00838035203983085,-0.3222892055368942,False,diagnostic_only_no_orders_changed
logistic,2026-06-30,2026-07-01,3189,8,0.4960703569317204,uncalibrated_surge_logistic,891.0,19000.0,False,21,0,21,18925.03980675,buy_candidate,unverified,-0.02591740207206764,-0.22691838445645784,False,diagnostic_only_no_orders_changed
logistic,2026-06-30,2026-07-01,2426,9,0.4808774067258423,uncalibrated_surge_logistic,76.1,19000.0,False,246,0,246,18934.74962355,buy_candidate,unverified,0.08026023411066327,-0.21351908465680947,True,diagnostic_only_no_orders_changed
logistic,2026-06-30,2026-07-01,6861,10,0.4652199655015502,uncalibrated_surge_logistic,333.0,19000.0,True,56,0,56,18861.319134,hold_no_rebalance,not_applicable,-0.014244157878403243,-0.33094794584318366,False,diagnostic_only_no_orders_changed
logistic,2026-06-30,2026-07-01,2327,11,0.4640476375079393,uncalibrated_surge_logistic,1140.0,19000.0,False,16,0,16,18448.65192,buy_candidate,unverified,-0.015143197928780036,-0.42975464728138657,False,diagnostic_only_no_orders_changed
logistic,2026-06-30,2026-07-01,6834,12,0.4543208416824513,uncalibrated_surge_logistic,119.0,19000.0,True,157,0,157,18896.71950775,hold_no_rebalance,not_applicable,0.07146798816287574,-0.25180241375421664,True,diagnostic_only_no_orders_changed
logistic,2026-06-30,2026-07-01,2483,13,0.4389684262959342,uncalibrated_surge_logistic,57.1,19000.0,False,328,0,328,18943.0434254,buy_candidate,unverified,-0.040028514916371,-0.26153176959656876,False,diagnostic_only_no_orders_changed
logistic,2026-06-30,2026-07-01,4919,14,0.4372207467479931,uncalibrated_surge_logistic,173.5,19000.0,False,108,0,108,18952.3486665,buy_candidate,unverified,-0.018367140187399326,-0.24913125883914067,False,diagnostic_only_no_orders_changed
logistic,2026-06-30,2026-07-01,3090,15,0.4161672164850434,uncalibrated_surge_logistic,322.5,19000.0,False,58,0,58,18918.971171250003,buy_candidate,unverified,-0.038292334336005145,-0.4761933287271402,False,diagnostic_only_no_orders_changed
logistic,2026-07-31,2026-08-03,3532,1,0.8555447041343375,uncalibrated_surge_logistic,271.5,19000.0,False,69,0,69,18947.797189875,buy_candidate,unverified,0.08326629398875696,0.42974938022912035,True,diagnostic_only_no_orders_changed
logistic,2026-07-31,2026-08-03,7610,2,0.8193503412725721,uncalibrated_surge_logistic,1200.0,19000.0,True,15,0,15,18205.9065,hold_no_rebalance,not_applicable,0.0821235771247633,0.20596945389051302,True,diagnostic_only_no_orders_changed
logistic,2026-07-31,2026-08-03,2923,3,0.7498648100561361,uncalibrated_surge_logistic,35.1,19000.0,False,535,0,535,18993.311956125,buy_candidate,unverified,-0.041711278420808684,-0.3033966429713577,False,diagnostic_only_no_orders_changed
logistic,2026-07-31,2026-08-03,3055,4,0.7485688051784437,uncalibrated_surge_logistic,90.4,19000.0,False,207,0,207,18926.8603974,buy_candidate,unverified,0.0368727613728081,0.3705343506529397,True,diagnostic_only_no_orders_changed
logistic,2026-07-31,2026-08-03,3026,5,0.72463433296502,uncalibrated_surge_logistic,450.0,19000.0,True,41,0,41,18661.0541625,hold_no_rebalance,not_applicable,0.044704897871946925,0.609025009452201,True,diagnostic_only_no_orders_changed
logistic,2026-07-31,2026-08-03,8261,6,0.6878069415218446,uncalibrated_surge_logistic,163.5,19000.0,False,114,0,114,18852.21618075,buy_candidate,unverified,0.07311887948177205,0.1069251113886458,True,diagnostic_only_no_orders_changed
logistic,2026-07-31,2026-08-03,4764,7,0.6768300979584974,uncalibrated_surge_logistic,260.0,19000.0,False,72,0,72,18934.14276,buy_candidate,unverified,0.10116696431417953,-0.06958981918490037,True,diagnostic_only_no_orders_changed
logistic,2026-07-31,2026-08-03,6226,8,0.6392704121619032,uncalibrated_surge_logistic,19.6,19000.0,False,958,0,958,18991.5925094,buy_candidate,unverified,0.02826850953029111,0.6948299981134867,True,diagnostic_only_no_orders_changed
logistic,2026-07-31,2026-08-03,6141,9,0.6355450998330451,uncalibrated_surge_logistic,30.1,19000.0,False,624,0,624,18997.256569200003,buy_candidate,unverified,0.07212170861723526,0.8936909378382139,True,diagnostic_only_no_orders_changed
logistic,2026-07-31,2026-08-03,3167,10,0.6317456191905677,uncalibrated_surge_logistic,486.0,19000.0,False,38,0,38,18679.260069,buy_candidate,unverified,0.10353341718467685,0.5712472316716948,True,diagnostic_only_no_orders_changed
logistic,2026-07-31,2026-08-03,6715,11,0.603366173340139,uncalibrated_surge_logistic,311.0,19000.0,False,60,0,60,18873.456405,buy_candidate,unverified,0.08447539457220608,0.09679206911451166,True,diagnostic_only_no_orders_changed
logistic,2026-07-31,2026-08-03,6451,12,0.5653833354542195,uncalibrated_surge_logistic,341.0,19000.0,False,55,0,55,18969.54313375,buy_candidate,unverified,0.09027901644945618,0.29004814402503754,True,diagnostic_only_no_orders_changed
logistic,2026-07-31,2026-08-03,6834,13,0.5451997322441632,uncalibrated_surge_logistic,79.8,19000.0,True,235,0,235,18967.52025525,hold_no_rebalance,not_applicable,0.005826396265732836,0.140587248377388,True,diagnostic_only_no_orders_changed
logistic,2026-07-31,2026-08-03,2478,14,0.5365450184315547,uncalibrated_surge_logistic,108.5,19000.0,False,173,0,173,18985.220442125003,buy_candidate,unverified,0.07653932682611023,0.15368450765845187,True,diagnostic_only_no_orders_changed
logistic,2026-07-31,2026-08-03,8046,15,0.5223090932360253,uncalibrated_surge_logistic,920.0,19000.0,False,20,0,20,18610.4822,buy_candidate,unverified,0.08332042919413375,0.30796220752026593,True,diagnostic_only_no_orders_changed
logistic,2026-08-31,2026-09-01,6715,1,0.5286692022479345,uncalibrated_surge_logistic,318.5,19000.0,True,58,0,58,18684.31726525,hold_no_rebalance,not_applicable,0.07224444148760492,0.33316686674506224,True,diagnostic_only_no_orders_changed
logistic,2026-08-31,2026-09-01,3026,2,0.5098454704218053,uncalibrated_surge_logistic,742.0,19000.0,True,25,0,25,18762.1980875,hold_no_rebalance,not_applicable,-0.006686938933073022,0.01144950055424232,False,diagnostic_only_no_orders_changed
logistic,2026-08-31,2026-09-01,8039,3,0.4855274858604994,uncalibrated_surge_logistic,327.0,19000.0,False,57,0,57,18852.21618075,buy_candidate,unverified,-0.006746011224080999,-0.13562799064568665,False,diagnostic_only_no_orders_changed
logistic,2026-08-31,2026-09-01,6226,4,0.440660053081396,uncalibrated_surge_logistic,31.6,19000.0,True,594,0,594,18985.1192982,hold_no_rebalance,not_applicable,-0.0008964722215934447,0.37262695457885786,False,diagnostic_only_no_orders_changed
logistic,2026-08-31,2026-09-01,7610,5,0.4311417486601023,uncalibrated_surge_logistic,1505.0,19000.0,True,12,0,12,18266.592855,hold_no_rebalance,not_applicable,0.034347307654115755,0.0982356849716024,True,diagnostic_only_no_orders_changed
logistic,2026-08-31,2026-09-01,2426,6,0.41281236533469,uncalibrated_surge_logistic,97.8,19000.0,False,192,0,192,18992.4016608,buy_candidate,unverified,0.0025998634904122486,0.008806447729559519,True,diagnostic_only_no_orders_changed
logistic,2026-08-31,2026-09-01,6141,7,0.3940529122705959,uncalibrated_surge_logistic,58.9,19000.0,True,318,0,318,18944.45944035,hold_no_rebalance,not_applicable,-0.04582870615127928,-0.17513152901272633,False,diagnostic_only_no_orders_changed
logistic,2026-08-31,2026-09-01,8046,8,0.357649956768678,uncalibrated_surge_logistic,1230.0,19000.0,True,15,0,15,18661.0541625,hold_no_rebalance,not_applicable,-0.007821850435560782,0.03484265901658734,False,diagnostic_only_no_orders_changed
logistic,2026-08-31,2026-09-01,3229,9,0.3306753790021306,uncalibrated_surge_logistic,53.4,19000.0,False,351,0,351,18957.81043845,buy_candidate,unverified,0.004007732562452836,0.04279004185899815,True,diagnostic_only_no_orders_changed
logistic,2026-08-31,2026-09-01,3406,10,0.3062872910551302,uncalibrated_surge_logistic,1005.0,19000.0,False,18,0,18,18296.9360325,buy_candidate,unverified,-0.033438702011481226,-0.16901609599318346,False,diagnostic_only_no_orders_changed
logistic,2026-08-31,2026-09-01,3532,11,0.3037724952525775,uncalibrated_surge_logistic,379.0,19000.0,True,49,0,49,18783.438311750004,hold_no_rebalance,not_applicable,0.010102608653152162,0.18815582802893593,True,diagnostic_only_no_orders_changed
logistic,2026-08-31,2026-09-01,3605,12,0.3028360865631554,uncalibrated_surge_logistic,139.0,19000.0,False,135,0,135,18979.65752625,buy_candidate,unverified,-0.033632716887184715,0.17203046973871605,False,diagnostic_only_no_orders_changed
logistic,2026-08-31,2026-09-01,1709,13,0.3006826399163325,uncalibrated_surge_logistic,33.45,19000.0,False,561,0,561,18980.112673912503,buy_candidate,unverified,-0.01875124998285647,0.39234748966740884,False,diagnostic_only_no_orders_changed
logistic,2026-08-31,2026-09-01,7788,14,0.2983809735246079,uncalibrated_surge_logistic,316.0,19000.0,False,59,0,59,18857.273377,buy_candidate,unverified,-0.02136456224345598,-0.12420848846171773,False,diagnostic_only_no_orders_changed
logistic,2026-08-31,2026-09-01,2464,15,0.2982677112511364,uncalibrated_surge_logistic,180.0,19000.0,False,104,0,104,18934.14276,buy_candidate,unverified,0.005950729406677562,0.027762285825362998,True,diagnostic_only_no_orders_changed
mom60_skip5,2025-12-31,2026-01-02,8110,1,1.790697674415244,momentum_rule,57.2,19000.0,False,328,0,328,18976.2186328,buy_candidate,unverified,-0.010962436547932788,0.24276146906400942,False,diagnostic_only_no_orders_changed
mom60_skip5,2025-12-31,2026-01-02,2485,2,1.2281368821292775,momentum_rule,26.4,19000.0,False,711,0,711,18985.1192982,buy_candidate,unverified,-0.03781284112875473,0.4053488816508888,False,diagnostic_only_no_orders_changed
mom60_skip5,2025-12-31,2026-01-02,2408,3,1.21455457967667,momentum_rule,193.0,19000.0,False,97,0,97,18935.15419925,buy_candidate,unverified,0.018208331775314338,0.3987544398219067,True,diagnostic_only_no_orders_changed
mom60_skip5,2025-12-31,2026-01-02,2344,4,1.0277777777771204,momentum_rule,82.6,19000.0,False,227,0,227,18964.68822535,buy_candidate,unverified,0.030269898621599723,0.4337442151274711,True,diagnostic_only_no_orders_changed
mom60_skip5,2025-12-31,2026-01-02,5521,5,0.9411764705882352,momentum_rule,23.35,19000.0,False,804,0,804,18988.153615950003,buy_candidate,unverified,-0.02965913778523652,-0.2107694753668259,False,diagnostic_only_no_orders_changed
mom60_skip5,2025-12-31,2026-01-02,6431,6,0.8878504672897196,momentum_rule,26.9,19000.0,False,698,0,698,18990.98564585,buy_candidate,unverified,-0.012570333693321174,-0.12895324744677938,False,diagnostic_only_no_orders_changed
mom60_skip5,2025-12-31,2026-01-02,6155,7,0.8731808731805009,momentum_rule,44.05,19000.0,False,426,0,426,18979.960958025,buy_candidate,unverified,-0.023664289236590794,0.08804416593627273,False,diagnostic_only_no_orders_changed
mom60_skip5,2025-12-31,2026-01-02,6443,8,0.8356164383536251,momentum_rule,27.9,19000.0,False,673,0,673,18991.491365475,buy_candidate,unverified,-0.019933563370249242,0.2577437985629407,False,diagnostic_only_no_orders_changed
mom60_skip5,2025-12-31,2026-01-02,8131,9,0.8018575851416001,momentum_rule,64.7,19000.0,False,290,0,290,18977.63464775,buy_candidate,unverified,-0.025356099715755646,0.06700407344482207,False,diagnostic_only_no_orders_changed
mom60_skip5,2025-12-31,2026-01-02,2413,10,0.7535545023726176,momentum_rule,45.6,19000.0,False,411,0,411,18955.989847800003,buy_candidate,unverified,-0.020892284641381115,-0.20918461117378961,False,diagnostic_only_no_orders_changed
mom60_skip5,2025-12-31,2026-01-02,4967,11,0.7488532110084904,momentum_rule,189.0,19000.0,False,99,0,99,18925.03980675,buy_candidate,unverified,-0.0041549776143279624,0.18000015630398636,False,diagnostic_only_no_orders_changed
mom60_skip5,2025-12-31,2026-01-02,3229,12,0.7435897435897436,momentum_rule,27.7,19000.0,False,678,0,678,18995.43597855,buy_candidate,unverified,-0.024668002544642322,-0.3350515121791079,False,diagnostic_only_no_orders_changed
mom60_skip5,2025-12-31,2026-01-02,2491,13,0.6875,momentum_rule,19.9,19000.0,False,943,0,943,18980.365533725,buy_candidate,unverified,-0.022341645020173884,-0.23055792511018913,False,diagnostic_only_no_orders_changed
mom60_skip5,2025-12-31,2026-01-02,6209,14,0.6602809706273476,momentum_rule,66.8,19000.0,False,281,0,281,18985.5238739,buy_candidate,unverified,-0.006437459161503021,-0.11315955601947447,False,diagnostic_only_no_orders_changed
mom60_skip5,2025-12-31,2026-01-02,3002,15,0.6521739130482398,momentum_rule,25.05,19000.0,False,749,0,749,18977.0783561625,buy_candidate,unverified,-0.013581512770243175,-0.2558741268784407,False,diagnostic_only_no_orders_changed
mom60_skip5,2026-01-30,2026-02-02,8110,1,2.158995815900831,momentum_rule,79.3,19000.0,True,236,0,236,18928.8832759,hold_no_rebalance,not_applicable,-0.03502624345276767,-0.37347798748763283,False,diagnostic_only_no_orders_changed
mom60_skip5,2026-01-30,2026-02-02,6443,2,1.885608856087455,momentum_rule,39.0,19000.0,True,481,0,481,18973.58889075,hold_no_rebalance,not_applicable,-0.025026345114211986,0.26389065479912066,False,diagnostic_only_no_orders_changed
mom60_skip5,2026-01-30,2026-02-02,3135,3,1.771506431772575,momentum_rule,118.5,19000.0,False,158,0,158,18937.17707775,buy_candidate,unverified,-0.036153702527080354,-0.10245144192075362,False,diagnostic_only_no_orders_changed
mom60_skip5,2026-01-30,2026-02-02,2485,4,1.7041198501872663,momentum_rule,41.0,19000.0,True,458,0,458,18992.806236500004,hold_no_rebalance,not_applicable,-0.014649878453351422,0.2716455015786563,False,diagnostic_only_no_orders_changed
mom60_skip5,2026-01-30,2026-02-02,2413,5,1.2886075949341778,momentum_rule,39.7,19000.0,True,473,0,473,18992.907380425,hold_no_rebalance,not_applicable,-0.06165789223508077,0.1420085906001476,False,diagnostic_only_no_orders_changed
mom60_skip5,2026-01-30,2026-02-02,8438,6,1.287128712869487,momentum_rule,57.6,19000.0,False,326,0,326,18992.4016608,buy_candidate,unverified,0.017383557555211798,0.12772612488466617,True,diagnostic_only_no_orders_changed
mom60_skip5,2026-01-30,2026-02-02,6155,7,1.280632411065656,momentum_rule,55.4,19000.0,True,339,0,339,18995.43597855,hold_no_rebalance,not_applicable,0.034951720991296314,-0.26666567214751213,True,diagnostic_only_no_orders_changed
mom60_skip5,2026-01-30,2026-02-02,2337,8,1.2105263157865034,momentum_rule,92.8,19000.0,False,202,0,202,18960.0356048,buy_candidate,unverified,0.01424720319101148,-0.0027815379465103707,True,diagnostic_only_no_orders_changed
mom60_skip5,2026-01-30,2026-02-02,8131,9,1.0972972972987605,momentum_rule,79.0,19000.0,True,237,0,237,18937.17707775,hold_no_rebalance,not_applicable,-0.006165725899176225,-0.23409701154280627,False,diagnostic_only_no_orders_changed
mom60_skip5,2026-01-30,2026-02-02,3037,10,1.0884845246892687,momentum_rule,378.5,19000.0,False,49,0,49,18758.658050125,buy_candidate,unverified,0.04066939969898619,0.15404070730133523,True,diagnostic_only_no_orders_changed
mom60_skip5,2026-01-30,2026-02-02,1528,11,1.075268817208601,momentum_rule,27.85,19000.0,False,674,0,674,18985.625017825,buy_candidate,unverified,-0.017752379332049626,-0.2746215212334193,False,diagnostic_only_no_orders_changed
mom60_skip5,2026-01-30,2026-02-02,2313,12,1.0260663507072445,momentum_rule,169.0,19000.0,False,111,0,111,18973.58889075,buy_candidate,unverified,0.033002578579922795,0.12996560549161584,True,diagnostic_only_no_orders_changed
mom60_skip5,2026-01-30,2026-02-02,8150,13,0.9849397590374294,momentum_rule,60.2,19000.0,False,312,0,312,18997.256569200003,buy_candidate,unverified,-0.014826502808675387,-0.023978840047362837,False,diagnostic_only_no_orders_changed
mom60_skip5,2026-01-30,2026-02-02,2408,14,0.9673913043448472,momentum_rule,326.5,19000.0,True,57,0,57,18823.390162125,hold_no_rebalance,not_applicable,0.014865121582333917,-0.29918705360664244,True,diagnostic_only_no_orders_changed
mom60_skip5,2026-01-30,2026-02-02,6770,15,0.9532554257122234,momentum_rule,69.5,19000.0,False,270,0,270,18979.65752625,buy_candidate,unverified,0.08507402392910447,-0.12317815169394186,True,diagnostic_only_no_orders_changed
mom60_skip5,2026-02-26,2026-03-02,6443,1,2.0526315789514875,momentum_rule,45.1,19000.0,True,416,0,416,18976.2186328,hold_no_rebalance,not_applicable,0.0015833527125967866,0.0735682873575092,True,diagnostic_only_no_orders_changed
mom60_skip5,2026-02-26,2026-03-02,2337,2,1.5971014492739073,momentum_rule,110.0,19000.0,True,170,0,170,18913.913975,hold_no_rebalance,not_applicable,0.003912293435517809,0.2121492186129641,True,diagnostic_only_no_orders_changed
mom60_skip5,2026-02-26,2026-03-02,3135,3,1.5661716833074362,momentum_rule,125.0,19000.0,True,150,0,150,18964.4859375,hold_no_rebalance,not_applicable,-0.05444724949653236,-0.048214417739401716,False,diagnostic_only_no_orders_changed
mom60_skip5,2026-02-26,2026-03-02,2313,4,1.395287958116731,momentum_rule,204.5,19000.0,True,91,0,91,18822.378722875,hold_no_rebalance,not_applicable,0.057854658423698586,0.39607898079274517,True,diagnostic_only_no_orders_changed
mom60_skip5,2026-02-26,2026-03-02,3037,5,1.3218750000013415,momentum_rule,481.5,19000.0,True,39,0,39,18993.311956125,hold_no_rebalance,not_applicable,0.05892461564499719,0.12459139741703584,True,diagnostic_only_no_orders_changed
mom60_skip5,2026-02-26,2026-03-02,3576,6,1.3046251993614466,momentum_rule,22.1,19000.0,False,850,0,850,18999.886311250004,buy_candidate,unverified,0.007367319581333526,0.1278217813516056,True,diagnostic_only_no_orders_changed
mom60_skip5,2026-02-26,2026-03-02,2367,7,1.238611713667705,momentum_rule,64.5,19000.0,False,291,0,291,18984.209002875,buy_candidate,unverified,0.021543679133015043,0.2881886830324556,True,diagnostic_only_no_orders_changed
mom60_skip5,2026-02-26,2026-03-02,2485,8,1.1763005780346818,momentum_rule,45.0,19000.0,True,417,0,417,18979.65752625,hold_no_rebalance,not_applicable,-0.032211714753778986,0.8624522489240747,False,diagnostic_only_no_orders_changed
mom60_skip5,2026-02-26,2026-03-02,6426,9,1.1692307692335415,momentum_rule,191.5,19000.0,False,98,0,98,18981.68040475,buy_candidate,unverified,-0.008814650887903045,-0.11220397388064729,False,diagnostic_only_no_orders_changed
mom60_skip5,2026-02-26,2026-03-02,6515,10,1.119047619045964,momentum_rule,5115.0,19000.0,False,3,0,3,15520.535291249998,buy_candidate,unverified,0.018813610988279456,0.623195161923749,True,diagnostic_only_no_orders_changed
mom60_skip5,2026-02-26,2026-03-02,3189,11,1.0530922409876715,momentum_rule,314.5,19000.0,False,59,0,59,18767.761003375,buy_candidate,unverified,-0.009082590609037386,0.19502246619973707,False,diagnostic_only_no_orders_changed
mom60_skip5,2026-02-26,2026-03-02,8438,12,1.0321428571439395,momentum_rule,69.4,19000.0,True,270,0,270,18952.3486665,hold_no_rebalance,not_applicable,0.028581476491695852,0.022471461220058386,True,diagnostic_only_no_orders_changed
mom60_skip5,2026-02-26,2026-03-02,8996,13,1.015151515153228,momentum_rule,879.0,19000.0,False,21,0,21,18670.15711575,buy_candidate,unverified,-0.016912918595825117,0.06519770502663591,False,diagnostic_only_no_orders_changed
mom60_skip5,2026-02-26,2026-03-02,2344,14,0.9827586206973168,momentum_rule,122.5,19000.0,False,153,0,153,18956.900143125,buy_candidate,unverified,-0.052521551615160325,-0.16597956359120292,False,diagnostic_only_no_orders_changed
mom60_skip5,2026-02-26,2026-03-02,3138,15,0.9580838323321028,momentum_rule,198.0,19000.0,False,94,0,94,18824.907321,buy_candidate,unverified,-0.0033421725211325534,0.007603764074646913,False,diagnostic_only_no_orders_changed
mom60_skip5,2026-03-31,2026-04-01,2337,1,2.5454545454508084,momentum_rule,115.5,19000.0,True,162,0,162,18925.03980675,hold_no_rebalance,not_applicable,0.016510938873343806,0.08246947707421293,True,diagnostic_only_no_orders_changed
mom60_skip5,2026-03-31,2026-04-01,6515,2,2.1682785299853435,momentum_rule,7150.0,19000.0,True,2,0,2,14463.581275,hold_no_rebalance,not_applicable,0.007988311301511116,0.20158369619083483,True,diagnostic_only_no_orders_changed
mom60_skip5,2026-03-31,2026-04-01,7610,3,1.7960784313725489,momentum_rule,351.0,19000.0,False,53,0,53,18815.80436775,buy_candidate,unverified,-0.024263886275641265,0.5724979671053902,False,diagnostic_only_no_orders_changed
mom60_skip5,2026-03-31,2026-04-01,6715,4,1.7923387096872956,momentum_rule,309.5,19000.0,False,60,0,60,18782.4268725,buy_candidate,unverified,0.028938169224085812,0.04315876086550441,True,diagnostic_only_no_orders_changed
mom60_skip5,2026-03-31,2026-04-01,2485,5,1.5665529010238908,momentum_rule,79.6,19000.0,True,235,0,235,18919.982610500003,hold_no_rebalance,not_applicable,-0.07063499235097098,-0.5134266703267848,False,diagnostic_only_no_orders_changed
mom60_skip5,2026-03-31,2026-04-01,6861,6,1.4827586206911088,momentum_rule,126.0,19000.0,False,149,0,149,18988.7604795,buy_candidate,unverified,0.04499493263392306,1.3523107469208941,True,diagnostic_only_no_orders_changed
mom60_skip5,2026-03-31,2026-04-01,2367,7,1.4612612612647409,momentum_rule,73.5,19000.0,True,255,0,255,18956.900143125,hold_no_rebalance,not_applicable,-0.023746177892366594,-0.46582984265159255,False,diagnostic_only_no_orders_changed
mom60_skip5,2026-03-31,2026-04-01,3189,8,1.3498134096641583,momentum_rule,313.0,19000.0,True,60,0,60,18994.829115,hold_no_rebalance,not_applicable,-0.020405192644279115,0.4360371022116143,False,diagnostic_only_no_orders_changed
mom60_skip5,2026-03-31,2026-04-01,6830,9,1.3457142857145885,momentum_rule,467.5,19000.0,False,40,0,40,18913.913975,buy_candidate,unverified,0.011937124270191104,0.5700686152067793,True,diagnostic_only_no_orders_changed
mom60_skip5,2026-03-31,2026-04-01,3054,10,1.3135135135135134,momentum_rule,67.6,19000.0,False,277,0,277,18939.4022441,buy_candidate,unverified,-0.0005755607219233238,-0.2745324953096875,False,diagnostic_only_no_orders_changed
mom60_skip5,2026-03-31,2026-04-01,3576,11,1.2722283205285834,momentum_rule,21.25,19000.0,True,884,0,884,18999.88631125,hold_no_rebalance,not_applicable,0.08023906232239915,-0.49792267978645066,True,diagnostic_only_no_orders_changed
mom60_skip5,2026-03-31,2026-04-01,3037,12,1.1345707656595865,momentum_rule,444.5,19000.0,True,42,0,42,18882.55935825,hold_no_rebalance,not_applicable,-0.030633237159129238,0.7356378310353673,False,diagnostic_only_no_orders_changed
mom60_skip5,2026-03-31,2026-04-01,8438,13,1.1018675721553532,momentum_rule,68.7,19000.0,True,273,0,273,18969.644277675,hold_no_rebalance,not_applicable,-0.015743434821444694,0.034434542579236505,False,diagnostic_only_no_orders_changed
mom60_skip5,2026-03-31,2026-04-01,3135,14,1.0787401574759272,momentum_rule,102.0,19000.0,True,184,0,184,18982.691844,hold_no_rebalance,not_applicable,0.09796852411236924,0.13639104570392813,True,diagnostic_only_no_orders_changed
mom60_skip5,2026-03-31,2026-04-01,2313,15,1.0640394088663072,momentum_rule,248.0,19000.0,True,75,0,75,18812.77005,hold_no_rebalance,not_applicable,0.027590538441941818,-0.26497675948234767,True,diagnostic_only_no_orders_changed
mom60_skip5,2026-04-30,2026-05-04,6830,1,3.5054051877859456,momentum_rule,850.0,19000.0,True,22,0,22,18913.913975,hold_no_rebalance,not_applicable,0.05832368859604221,-0.3669938251558029,True,diagnostic_only_no_orders_changed
mom60_skip5,2026-04-30,2026-05-04,6715,2,2.6199095022532504,momentum_rule,400.5,19000.0,True,46,0,46,18633.74530275,hold_no_rebalance,not_applicable,0.06401947608235461,-0.07600168297809673,True,diagnostic_only_no_orders_changed
mom60_skip5,2026-04-30,2026-05-04,6861,3,2.589939024384071,momentum_rule,328.0,19000.0,True,57,0,57,18909.868218000003,hold_no_rebalance,not_applicable,-0.06517169387709681,0.17682253065547826,False,diagnostic_only_no_orders_changed
mom60_skip5,2026-04-30,2026-05-04,7610,4,2.366754617414248,momentum_rule,640.0,19000.0,True,29,0,29,18772.31248,hold_no_rebalance,not_applicable,-0.04130028384947396,1.1400466160210523,False,diagnostic_only_no_orders_changed
mom60_skip5,2026-04-30,2026-05-04,6451,5,1.9375000000016047,momentum_rule,431.0,19000.0,False,43,0,43,18745.00362025,buy_candidate,unverified,0.08314710280901035,0.15786491648522594,True,diagnostic_only_no_orders_changed
mom60_skip5,2026-04-30,2026-05-04,4960,6,1.9241877256314264,momentum_rule,39.0,19000.0,False,481,0,481,18973.58889075,buy_candidate,unverified,0.09685395492787943,-0.34541011474750116,True,diagnostic_only_no_orders_changed
mom60_skip5,2026-04-30,2026-05-04,6515,7,1.8613333333413395,momentum_rule,10385.0,19000.0,True,1,0,1,10508.85,hold_no_rebalance,not_applicable,-0.013885436730145586,-0.33026437940419406,False,diagnostic_only_no_orders_changed
mom60_skip5,2026-04-30,2026-05-04,3167,8,1.859060402687573,momentum_rule,861.0,19000.0,False,21,0,21,18287.83307925,buy_candidate,unverified,0.002351286917555033,-0.24129593624333567,True,diagnostic_only_no_orders_changed
mom60_skip5,2026-04-30,2026-05-04,3583,9,1.6978851963766348,momentum_rule,792.0,19000.0,False,23,0,23,18424.377378,buy_candidate,unverified,-0.03462885212876282,-0.06994391428174973,False,diagnostic_only_no_orders_changed
mom60_skip5,2026-04-30,2026-05-04,7750,10,1.6410884237019787,momentum_rule,2575.0,19000.0,False,7,0,7,18231.19248125,buy_candidate,unverified,-0.0056013062231493466,-0.2364855441744106,False,diagnostic_only_no_orders_changed
mom60_skip5,2026-04-30,2026-05-04,6426,11,1.6032608695702963,momentum_rule,223.5,19000.0,False,84,0,84,18988.7604795,buy_candidate,unverified,0.0669398408647839,0.029989988505617626,True,diagnostic_only_no_orders_changed
mom60_skip5,2026-04-30,2026-05-04,2426,12,1.5631578947395122,momentum_rule,57.3,19000.0,False,327,0,327,18951.438371175,buy_candidate,unverified,0.030577046335530933,0.25416738125790084,True,diagnostic_only_no_orders_changed
mom60_skip5,2026-04-30,2026-05-04,4919,13,1.5344827586262737,momentum_rule,147.5,19000.0,False,127,0,127,18946.785750625,buy_candidate,unverified,-0.06706666448999445,0.13366420076482588,False,diagnostic_only_no_orders_changed
mom60_skip5,2026-04-30,2026-05-04,6141,14,1.5291666666666668,momentum_rule,32.5,19000.0,False,578,0,578,18999.886311250004,buy_candidate,unverified,0.011931886924467209,0.25074373140566775,True,diagnostic_only_no_orders_changed
mom60_skip5,2026-04-30,2026-05-04,1711,15,1.5055432372460054,momentum_rule,56.5,19000.0,False,332,0,332,18972.5774515,buy_candidate,unverified,0.04267765552113704,-0.29561433530526215,True,diagnostic_only_no_orders_changed
mom60_skip5,2026-05-29,2026-06-01,3026,1,3.198237885472027,momentum_rule,641.0,19000.0,False,29,0,29,18801.64421825,buy_candidate,unverified,0.006316323093006279,0.21175489831276617,True,diagnostic_only_no_orders_changed
mom60_skip5,2026-05-29,2026-06-01,2426,2,3.1914357682554737,momentum_rule,81.2,19000.0,True,231,0,231,18971.7683001,hold_no_rebalance,not_applicable,-0.017618856923046756,-0.040247801010025896,False,diagnostic_only_no_orders_changed
mom60_skip5,2026-05-29,2026-06-01,7610,3,3.166666666666667,momentum_rule,1475.0,19000.0,True,12,0,12,17902.474725,hold_no_rebalance,not_applicable,0.010978421609263373,0.43274209629276283,True,diagnostic_only_no_orders_changed
mom60_skip5,2026-05-29,2026-06-01,6658,4,2.271186440681225,momentum_rule,220.0,19000.0,False,85,0,85,18913.913975,buy_candidate,unverified,0.04661677235706518,-0.016585315668891876,True,diagnostic_only_no_orders_changed
mom60_skip5,2026-05-29,2026-06-01,6861,5,2.265454545446787,momentum_rule,440.0,19000.0,True,42,0,42,18691.39734,hold_no_rebalance,not_applicable,0.06279950598815452,-0.26004150353887723,True,diagnostic_only_no_orders_changed
mom60_skip5,2026-05-29,2026-06-01,3167,6,1.865517241380819,momentum_rule,795.0,19000.0,True,23,0,23,18494.16668625,hold_no_rebalance,not_applicable,-0.049420141398222414,-0.017401811605972317,False,diagnostic_only_no_orders_changed
mom60_skip5,2026-05-29,2026-06-01,4958,7,1.6735751295347416,momentum_rule,515.0,19000.0,False,36,0,36,18752.083695,buy_candidate,unverified,0.026048318130670642,0.12925853324427905,True,diagnostic_only_no_orders_changed
mom60_skip5,2026-05-29,2026-06-01,6831,8,1.643861882013356,momentum_rule,742.0,19000.0,False,25,0,25,18762.1980875,buy_candidate,unverified,-0.020466356223095616,0.07909414526732816,False,diagnostic_only_no_orders_changed
mom60_skip5,2026-05-29,2026-06-01,4764,9,1.5715837103956347,momentum_rule,305.5,19000.0,False,61,0,61,18848.676143375,buy_candidate,unverified,-0.024337044812729424,-0.06627313297785264,False,diagnostic_only_no_orders_changed
mom60_skip5,2026-05-29,2026-06-01,6451,10,1.5253012048260786,momentum_rule,570.0,19000.0,True,32,0,32,18448.65192,hold_no_rebalance,not_applicable,-0.042585657803241486,-0.0032674190207888643,False,diagnostic_only_no_orders_changed
mom60_skip5,2026-05-29,2026-06-01,4960,11,1.477508650514629,momentum_rule,31.95,19000.0,True,587,0,587,18969.189130012503,hold_no_rebalance,not_applicable,-0.07325736339452149,-0.18660487063159703,False,diagnostic_only_no_orders_changed
mom60_skip5,2026-05-29,2026-06-01,4919,12,1.4721189591104364,momentum_rule,191.5,19000.0,True,98,0,98,18981.68040475,hold_no_rebalance,not_applicable,-0.014504953837001044,-0.10064729168005848,False,diagnostic_only_no_orders_changed
mom60_skip5,2026-05-29,2026-06-01,6278,13,1.4499999999995743,momentum_rule,221.0,19000.0,False,85,0,85,18999.886311250004,buy_candidate,unverified,-0.027225886690648612,-0.1131586629676552,False,diagnostic_only_no_orders_changed
mom60_skip5,2026-05-29,2026-06-01,6715,14,1.4482758620686358,momentum_rule,436.0,19000.0,True,43,0,43,18962.463059,hold_no_rebalance,not_applicable,-0.035236481443054204,-0.018509653046508534,False,diagnostic_only_no_orders_changed
mom60_skip5,2026-05-29,2026-06-01,3583,15,1.400548696842899,momentum_rule,867.0,19000.0,True,21,0,21,18415.27442475,hold_no_rebalance,not_applicable,-0.008237826517156427,0.0020928675085121196,False,diagnostic_only_no_orders_changed
mom60_skip5,2026-06-30,2026-07-01,7610,1,5.589358799454297,momentum_rule,2230.0,19000.0,True,8,0,8,18044.076220000003,hold_no_rebalance,not_applicable,0.07812597168190262,-0.21248898562873642,True,diagnostic_only_no_orders_changed
mom60_skip5,2026-06-30,2026-07-01,3026,2,4.726966126133225,momentum_rule,842.0,19000.0,True,22,0,22,18735.900667,hold_no_rebalance,not_applicable,-0.0735002150347369,-0.3109522969888977,False,diagnostic_only_no_orders_changed
mom60_skip5,2026-06-30,2026-07-01,2492,3,3.889830508460709,momentum_rule,565.0,19000.0,False,33,0,33,18858.28481625,buy_candidate,unverified,-0.0036658856179300476,-0.4821484053170143,False,diagnostic_only_no_orders_changed
mom60_skip5,2026-06-30,2026-07-01,2327,4,3.08477365472398,momentum_rule,1140.0,19000.0,False,16,0,16,18448.65192,buy_candidate,unverified,-0.015143197928780036,-0.42975464728138657,False,diagnostic_only_no_orders_changed
mom60_skip5,2026-06-30,2026-07-01,2478,5,2.775337837834815,momentum_rule,225.5,19000.0,False,83,0,83,18930.602722625,buy_candidate,unverified,-0.04904976874341133,-0.4058990381006474,False,diagnostic_only_no_orders_changed
mom60_skip5,2026-06-30,2026-07-01,6834,6,2.50988433797245,momentum_rule,119.0,19000.0,False,157,0,157,18896.71950775,buy_candidate,unverified,0.07146798816287574,-0.25180241375421664,True,diagnostic_only_no_orders_changed
mom60_skip5,2026-06-30,2026-07-01,3090,7,2.270270270255718,momentum_rule,322.5,19000.0,False,58,0,58,18918.971171250003,buy_candidate,unverified,-0.038292334336005145,-0.4761933287271402,False,diagnostic_only_no_orders_changed
mom60_skip5,2026-06-30,2026-07-01,2454,8,2.095563139934008,momentum_rule,4245.0,19000.0,False,4,0,4,17174.238465,buy_candidate,unverified,-0.006919839498348112,-0.12800654158661728,False,diagnostic_only_no_orders_changed
mom60_skip5,2026-06-30,2026-07-01,4807,9,2.0243055555567224,momentum_rule,36.3,19000.0,False,517,0,517,18981.781548675,buy_candidate,unverified,-0.002038104898544281,0.17234046653699442,False,diagnostic_only_no_orders_changed
mom60_skip5,2026-06-30,2026-07-01,2303,10,1.961672473870616,momentum_rule,164.5,19000.0,False,114,0,114,18967.52025525,buy_candidate,unverified,0.0501159908116223,-0.24071927918350122,True,diagnostic_only_no_orders_changed
mom60_skip5,2026-06-30,2026-07-01,3016,11,1.8882575757585776,momentum_rule,133.5,19000.0,False,140,0,140,18903.7995825,buy_candidate,unverified,0.04132833375145154,-0.29546527215890794,True,diagnostic_only_no_orders_changed
mom60_skip5,2026-06-30,2026-07-01,4764,12,1.7734491896616604,momentum_rule,301.0,19000.0,True,62,0,62,18875.4792835,hold_no_rebalance,not_applicable,-0.0126721825474559,-0.019540397391562103,False,diagnostic_only_no_orders_changed
mom60_skip5,2026-06-30,2026-07-01,3532,13,1.7629629629569603,momentum_rule,364.0,19000.0,False,51,0,51,18776.358237,buy_candidate,unverified,0.08063542084777431,-0.026515998784747197,True,diagnostic_only_no_orders_changed
mom60_skip5,2026-06-30,2026-07-01,2491,14,1.7311475409836063,momentum_rule,40.15,19000.0,False,467,0,467,18964.536509462498,buy_candidate,unverified,-0.003825366214761716,-0.28794105352107957,False,diagnostic_only_no_orders_changed
mom60_skip5,2026-06-30,2026-07-01,6861,15,1.730082279749554,momentum_rule,333.0,19000.0,True,56,0,56,18861.319134,hold_no_rebalance,not_applicable,-0.014244157878403243,-0.33094794584318366,False,diagnostic_only_no_orders_changed
mom60_skip5,2026-07-31,2026-08-03,7610,1,1.9231238365942027,momentum_rule,1200.0,19000.0,True,15,0,15,18205.9065,hold_no_rebalance,not_applicable,0.0821235771247633,0.20596945389051302,True,diagnostic_only_no_orders_changed
mom60_skip5,2026-07-31,2026-08-03,3026,2,1.359494258619756,momentum_rule,450.0,19000.0,True,41,0,41,18661.0541625,hold_no_rebalance,not_applicable,0.044704897871946925,0.609025009452201,True,diagnostic_only_no_orders_changed
mom60_skip5,2026-07-31,2026-08-03,6834,3,1.2768295500501343,momentum_rule,79.8,19000.0,True,235,0,235,18967.52025525,hold_no_rebalance,not_applicable,0.005826396265732836,0.140587248377388,True,diagnostic_only_no_orders_changed
mom60_skip5,2026-07-31,2026-08-03,2302,4,1.1822086702897736,momentum_rule,36.75,19000.0,False,511,0,511,18994.0705355625,buy_candidate,unverified,-0.01395905541434469,0.15333339947414815,False,diagnostic_only_no_orders_changed
mom60_skip5,2026-07-31,2026-08-03,6166,5,1.1157142830372528,momentum_rule,113.0,19000.0,False,166,0,166,18972.5774515,buy_candidate,unverified,0.09189922748045547,-0.00889042811148566,True,diagnostic_only_no_orders_changed
mom60_skip5,2026-07-31,2026-08-03,2434,6,1.0911854103343464,momentum_rule,53.2,19000.0,False,353,0,353,18994.4245393,buy_candidate,unverified,0.07777431959884482,0.020286496502315954,True,diagnostic_only_no_orders_changed
mom60_skip5,2026-07-31,2026-08-03,6446,7,0.9240610002302672,momentum_rule,1060.0,19000.0,False,17,0,17,18226.135285,buy_candidate,unverified,-0.010775841509176877,0.4176832903813186,False,diagnostic_only_no_orders_changed
mom60_skip5,2026-07-31,2026-08-03,2305,8,0.9169139465875368,momentum_rule,30.1,19000.0,False,624,0,624,18997.256569200003,buy_candidate,unverified,0.03431920991518994,-0.07640872993587255,True,diagnostic_only_no_orders_changed
mom60_skip5,2026-07-31,2026-08-03,2327,9,0.9130404008941766,momentum_rule,502.0,19000.0,True,37,0,37,18786.4726295,hold_no_rebalance,not_applicable,0.07854102728898185,0.14937914845257216,True,diagnostic_only_no_orders_changed
mom60_skip5,2026-07-31,2026-08-03,2243,10,0.9090909090892354,momentum_rule,41.55,19000.0,False,452,0,452,18995.43597855,buy_candidate,unverified,0.005130980891829482,-0.04467735717334931,True,diagnostic_only_no_orders_changed
mom60_skip5,2026-07-31,2026-08-03,1303,11,0.9014602390984752,momentum_rule,159.5,19000.0,False,117,0,117,18874.973563875003,buy_candidate,unverified,-0.018732546981948976,0.34258126163294467,False,diagnostic_only_no_orders_changed
mom60_skip5,2026-07-31,2026-08-03,2492,12,0.8738683833785537,momentum_rule,218.0,19000.0,True,86,0,86,18962.463059,hold_no_rebalance,not_applicable,0.07840201336014602,0.39820951505853985,True,diagnostic_only_no_orders_changed
mom60_skip5,2026-07-31,2026-08-03,8261,13,0.8046169287449589,momentum_rule,163.5,19000.0,False,114,0,114,18852.21618075,buy_candidate,unverified,0.07311887948177205,0.1069251113886458,True,diagnostic_only_no_orders_changed
mom60_skip5,2026-07-31,2026-08-03,3481,14,0.8022486500688395,momentum_rule,45.5,19000.0,False,412,0,412,18960.4401805,buy_candidate,unverified,0.02170940319275515,0.028267988692973756,True,diagnostic_only_no_orders_changed
mom60_skip5,2026-07-31,2026-08-03,8039,15,0.7973611470390962,momentum_rule,173.5,19000.0,False,108,0,108,18952.3486665,buy_candidate,unverified,0.018980865214182147,0.9399632098966493,True,diagnostic_only_no_orders_changed
mom60_skip5,2026-08-31,2026-09-01,2059,1,1.6934579439263593,momentum_rule,14180.0,19000.0,False,1,0,1,14342.208565,buy_candidate,unverified,0.037569646748645484,-0.2044471915706526,True,diagnostic_only_no_orders_changed
mom60_skip5,2026-08-31,2026-09-01,2466,2,1.2444444444427591,momentum_rule,99.0,19000.0,False,189,0,189,18925.03980675,buy_candidate,unverified,-0.03135484502859408,0.20298752228224237,False,diagnostic_only_no_orders_changed
mom60_skip5,2026-08-31,2026-09-01,8039,3,0.913960420738252,momentum_rule,327.0,19000.0,True,57,0,57,18852.21618075,hold_no_rebalance,not_applicable,-0.006746011224080999,-0.13562799064568665,False,diagnostic_only_no_orders_changed
mom60_skip5,2026-08-31,2026-09-01,6213,4,0.8677720608415123,momentum_rule,548.0,19000.0,False,34,0,34,18845.136106,buy_candidate,unverified,0.04629386544552358,0.08227307857380572,True,diagnostic_only_no_orders_changed
mom60_skip5,2026-08-31,2026-09-01,6446,5,0.7460370587368437,momentum_rule,1395.0,19000.0,True,13,0,13,18342.450798750004,hold_no_rebalance,not_applicable,-0.011877354812615855,-0.18362049335870156,False,diagnostic_only_no_orders_changed
mom60_skip5,2026-08-31,2026-09-01,6226,6,0.7132352941176472,momentum_rule,31.6,19000.0,False,594,0,594,18985.1192982,buy_candidate,unverified,-0.0008964722215934447,0.37262695457885786,False,diagnostic_only_no_orders_changed
mom60_skip5,2026-08-31,2026-09-01,1709,7,0.6739130434804341,momentum_rule,33.45,19000.0,False,561,0,561,18980.112673912503,buy_candidate,unverified,-0.01875124998285647,0.39234748966740884,False,diagnostic_only_no_orders_changed
mom60_skip5,2026-08-31,2026-09-01,1303,8,0.6294508147199935,momentum_rule,242.5,19000.0,True,77,0,77,18886.099395625,hold_no_rebalance,not_applicable,0.03190017653167831,-0.0009799878711755916,True,diagnostic_only_no_orders_changed
mom60_skip5,2026-08-31,2026-09-01,2615,9,0.5433745654411832,momentum_rule,114.0,19000.0,False,164,0,164,18909.868218,buy_candidate,unverified,-0.01566409368729778,-0.05458823529455992,False,diagnostic_only_no_orders_changed
mom60_skip5,2026-08-31,2026-09-01,3605,10,0.5356198403893508,momentum_rule,139.0,19000.0,False,135,0,135,18979.65752625,buy_candidate,unverified,-0.033632716887184715,0.17203046973871605,False,diagnostic_only_no_orders_changed
mom60_skip5,2026-08-31,2026-09-01,2434,11,0.5049226441631507,momentum_rule,62.0,19000.0,True,302,0,302,18938.188517,hold_no_rebalance,not_applicable,0.006309806006723171,0.0002504743828595224,True,diagnostic_only_no_orders_changed
mom60_skip5,2026-08-31,2026-09-01,2634,12,0.493633424069132,momentum_rule,66.9,19000.0,False,280,0,280,18946.280031,buy_candidate,unverified,-0.01942752670683149,-0.09793651631132638,False,diagnostic_only_no_orders_changed
mom60_skip5,2026-08-31,2026-09-01,9921,13,0.4730878187013965,momentum_rule,102.0,19000.0,False,184,0,184,18982.691844,buy_candidate,unverified,-0.029695734770485108,-0.14184313725580555,False,diagnostic_only_no_orders_changed
mom60_skip5,2026-08-31,2026-09-01,7795,14,0.458279845957128,momentum_rule,508.0,19000.0,False,36,0,36,18497.201004,buy_candidate,unverified,0.016735001036231746,-0.09395831403497956,True,diagnostic_only_no_orders_changed
mom60_skip5,2026-08-31,2026-09-01,2546,15,0.4361418212563643,momentum_rule,106.5,19000.0,False,176,0,176,18958.417302,buy_candidate,unverified,-0.016146053731321306,-0.06867274234119303,False,diagnostic_only_no_orders_changed
