method,signal_date,planned_trade_date,symbol,rank,ranking_score,score_kind,signal_raw_close,position_target_twd,is_continuing,sizing_shares_if_new,regular_shares_if_new,odd_lot_shares_if_new,sizing_cost_with_buffer_if_new,planned_action,fill_status
logistic,2025-12-31,2026-01-02,6205,1,0.4918929940095785,uncalibrated_surge_logistic,62.0,19000.0,False,302,0,302,18938.188517,buy_candidate,unverified
logistic,2025-12-31,2026-01-02,3701,2,0.39915587070498765,uncalibrated_surge_logistic,54.4,19000.0,False,345,0,345,18982.691843999997,buy_candidate,unverified
logistic,2025-12-31,2026-01-02,3092,3,0.32053894733180566,uncalibrated_surge_logistic,25.6,19000.0,False,733,0,733,18979.4552384,buy_candidate,unverified
logistic,2025-12-31,2026-01-02,2413,4,0.3137409433078611,uncalibrated_surge_logistic,45.6,19000.0,False,411,0,411,18955.989847800003,buy_candidate,unverified
logistic,2025-12-31,2026-01-02,1721,5,0.30825910588248734,uncalibrated_surge_logistic,16.5,19000.0,False,1137,1000,137,18991.852625,buy_candidate,unverified
logistic,2025-12-31,2026-01-02,6442,6,0.3046622349846284,uncalibrated_surge_logistic,1360.0,19000.0,False,13,0,13,17882.24594,buy_candidate,unverified
logistic,2025-12-31,2026-01-02,6706,7,0.2732135151813015,uncalibrated_surge_logistic,140.5,19000.0,False,133,0,133,18900.259545125,buy_candidate,unverified
logistic,2025-12-31,2026-01-02,6443,8,0.26909073241190634,uncalibrated_surge_logistic,27.9,19000.0,False,673,0,673,18991.491365475,buy_candidate,unverified
logistic,2025-12-31,2026-01-02,6426,9,0.2646040264414582,uncalibrated_surge_logistic,97.9,19000.0,False,191,0,191,18912.801391825,buy_candidate,unverified
logistic,2025-12-31,2026-01-02,4967,10,0.2495008892906493,uncalibrated_surge_logistic,189.0,19000.0,False,99,0,99,18925.03980675,buy_candidate,unverified
logistic,2025-12-31,2026-01-02,8438,11,0.2440255219907561,uncalibrated_surge_logistic,41.9,19000.0,False,448,0,448,18985.928449599996,buy_candidate,unverified
logistic,2025-12-31,2026-01-02,3006,12,0.23339841519997268,uncalibrated_surge_logistic,118.0,19000.0,False,159,0,159,18976.6232085,buy_candidate,unverified
logistic,2025-12-31,2026-01-02,2491,13,0.23022912865554784,uncalibrated_surge_logistic,19.9,19000.0,False,943,0,943,18980.365533725,buy_candidate,unverified
logistic,2025-12-31,2026-01-02,5521,14,0.2265131202977177,uncalibrated_surge_logistic,23.35,19000.0,False,804,0,804,18988.153615950003,buy_candidate,unverified
logistic,2025-12-31,2026-01-02,1528,15,0.22415233371876092,uncalibrated_surge_logistic,23.75,19000.0,False,790,0,790,18977.128928125,buy_candidate,unverified
logistic,2026-01-30,2026-02-02,2408,1,0.4306884564087588,uncalibrated_surge_logistic,326.5,19000.0,False,57,0,57,18823.390162125,buy_candidate,unverified
logistic,2026-01-30,2026-02-02,2337,2,0.4179669336265025,uncalibrated_surge_logistic,92.8,19000.0,False,202,0,202,18960.0356048,buy_candidate,unverified
logistic,2026-01-30,2026-02-02,6426,3,0.4068389813746693,uncalibrated_surge_logistic,122.5,19000.0,True,153,0,153,18956.900143125,hold_no_rebalance,not_applicable
logistic,2026-01-30,2026-02-02,8110,4,0.3951353196004856,uncalibrated_surge_logistic,79.3,19000.0,False,236,0,236,18928.8832759,buy_candidate,unverified
logistic,2026-01-30,2026-02-02,6770,5,0.3940452921230746,uncalibrated_surge_logistic,69.5,19000.0,False,270,0,270,18979.65752625,buy_candidate,unverified
logistic,2026-01-30,2026-02-02,3006,6,0.3842276803491894,uncalibrated_surge_logistic,195.0,19000.0,True,96,0,96,18934.14276,hold_no_rebalance,not_applicable
logistic,2026-01-30,2026-02-02,3481,7,0.3813037100570556,uncalibrated_surge_logistic,21.8,19000.0,False,861,0,861,18984.512434649998,buy_candidate,unverified
logistic,2026-01-30,2026-02-02,3135,8,0.3765990026995432,uncalibrated_surge_logistic,118.5,19000.0,False,158,0,158,18937.17707775,buy_candidate,unverified
logistic,2026-01-30,2026-02-02,2344,9,0.3750207728011033,uncalibrated_surge_logistic,128.5,19000.0,False,146,0,146,18975.61176925,buy_candidate,unverified
logistic,2026-01-30,2026-02-02,6443,10,0.3315492875797576,uncalibrated_surge_logistic,39.0,19000.0,True,481,0,481,18973.58889075,hold_no_rebalance,not_applicable
logistic,2026-01-30,2026-02-02,6155,11,0.3201135103843755,uncalibrated_surge_logistic,55.4,19000.0,False,339,0,339,18995.43597855,buy_candidate,unverified
logistic,2026-01-30,2026-02-02,6282,12,0.3072276322831935,uncalibrated_surge_logistic,49.8,19000.0,False,377,0,377,18989.36734305,buy_candidate,unverified
logistic,2026-01-30,2026-02-02,6442,13,0.2953787391395128,uncalibrated_surge_logistic,1785.0,19000.0,True,10,0,10,18054.1906125,hold_no_rebalance,not_applicable
logistic,2026-01-30,2026-02-02,4764,14,0.284690127278953,uncalibrated_surge_logistic,117.0,19000.0,False,160,0,160,18934.142760000002,buy_candidate,unverified
logistic,2026-01-30,2026-02-02,1809,15,0.2837874889154586,uncalibrated_surge_logistic,24.7,19000.0,False,760,0,760,18986.737601,buy_candidate,unverified
logistic,2026-02-26,2026-03-02,3576,1,0.6677505744427183,uncalibrated_surge_logistic,22.1,19000.0,False,850,0,850,18999.886311250004,buy_candidate,unverified
logistic,2026-02-26,2026-03-02,2485,2,0.5393354028492975,uncalibrated_surge_logistic,45.0,19000.0,False,417,0,417,18979.65752625,buy_candidate,unverified
logistic,2026-02-26,2026-03-02,2413,3,0.5318858197256483,uncalibrated_surge_logistic,56.8,19000.0,False,330,0,330,18958.417301999998,buy_candidate,unverified
logistic,2026-02-26,2026-03-02,2337,4,0.5017844106941575,uncalibrated_surge_logistic,110.0,19000.0,True,170,0,170,18913.913975,hold_no_rebalance,not_applicable
logistic,2026-02-26,2026-03-02,6706,5,0.5008740040962157,uncalibrated_surge_logistic,133.5,19000.0,False,140,0,140,18903.7995825,buy_candidate,unverified
logistic,2026-02-26,2026-03-02,3138,6,0.4992167310065413,uncalibrated_surge_logistic,198.0,19000.0,False,94,0,94,18824.907321,buy_candidate,unverified
logistic,2026-02-26,2026-03-02,4764,7,0.4974196339827191,uncalibrated_surge_logistic,135.5,19000.0,True,138,0,138,18912.90253575,hold_no_rebalance,not_applicable
logistic,2026-02-26,2026-03-02,6426,8,0.4909318338435451,uncalibrated_surge_logistic,191.5,19000.0,True,98,0,98,18981.680404749997,hold_no_rebalance,not_applicable
logistic,2026-02-26,2026-03-02,2344,9,0.4815089102316705,uncalibrated_surge_logistic,122.5,19000.0,True,153,0,153,18956.900143125,hold_no_rebalance,not_applicable
logistic,2026-02-26,2026-03-02,2367,10,0.4415779612243583,uncalibrated_surge_logistic,64.5,19000.0,False,291,0,291,18984.209002875,buy_candidate,unverified
logistic,2026-02-26,2026-03-02,2408,11,0.4245666934687591,uncalibrated_surge_logistic,285.5,19000.0,True,65,0,65,18769.783881875002,hold_no_rebalance,not_applicable
logistic,2026-02-26,2026-03-02,3135,12,0.4133417054662011,uncalibrated_surge_logistic,125.0,19000.0,True,150,0,150,18964.4859375,hold_no_rebalance,not_applicable
logistic,2026-02-26,2026-03-02,8438,13,0.4058645272680567,uncalibrated_surge_logistic,69.4,19000.0,False,270,0,270,18952.348666500002,buy_candidate,unverified
logistic,2026-02-26,2026-03-02,6443,14,0.3999919313583668,uncalibrated_surge_logistic,45.1,19000.0,True,416,0,416,18976.2186328,hold_no_rebalance,not_applicable
logistic,2026-02-26,2026-03-02,3308,15,0.3962193625832012,uncalibrated_surge_logistic,25.15,19000.0,False,746,0,746,18976.522064575,buy_candidate,unverified
logistic,2026-03-31,2026-04-01,2337,1,0.5091247599013214,uncalibrated_surge_logistic,115.5,19000.0,True,162,0,162,18925.03980675,hold_no_rebalance,not_applicable
logistic,2026-03-31,2026-04-01,3054,2,0.5007171770875076,uncalibrated_surge_logistic,67.6,19000.0,False,277,0,277,18939.402244099998,buy_candidate,unverified
logistic,2026-03-31,2026-04-01,3049,3,0.4914265268598987,uncalibrated_surge_logistic,11.45,19000.0,False,1639,1000,639,18994.2155,buy_candidate,unverified
logistic,2026-03-31,2026-04-01,8271,4,0.4826912997514962,uncalibrated_surge_logistic,130.0,19000.0,False,144,0,144,18934.142760000002,buy_candidate,unverified
logistic,2026-03-31,2026-04-01,3006,5,0.4641490664392295,uncalibrated_surge_logistic,150.0,19000.0,False,125,0,125,18964.4859375,buy_candidate,unverified
logistic,2026-03-31,2026-04-01,6426,6,0.4606254537417611,uncalibrated_surge_logistic,136.0,19000.0,True,138,0,138,18982.691844,hold_no_rebalance,not_applicable
logistic,2026-03-31,2026-04-01,3576,7,0.4551975910442928,uncalibrated_surge_logistic,21.25,19000.0,True,884,0,884,18999.88631125,hold_no_rebalance,not_applicable
logistic,2026-03-31,2026-04-01,1309,8,0.4530707825491569,uncalibrated_surge_logistic,23.05,19000.0,False,814,0,814,18977.331215975002,buy_candidate,unverified
logistic,2026-03-31,2026-04-01,6861,9,0.4449941853226839,uncalibrated_surge_logistic,126.0,19000.0,False,149,0,149,18988.7604795,buy_candidate,unverified
logistic,2026-03-31,2026-04-01,3167,10,0.4349416188352466,uncalibrated_surge_logistic,368.5,19000.0,False,50,0,50,18635.76818125,buy_candidate,unverified
logistic,2026-03-31,2026-04-01,6451,11,0.4276562480889305,uncalibrated_surge_logistic,296.0,19000.0,False,63,0,63,18861.319134,buy_candidate,unverified
logistic,2026-03-31,2026-04-01,4949,12,0.4236806820331782,uncalibrated_surge_logistic,67.0,19000.0,False,280,0,280,18974.60033,buy_candidate,unverified
logistic,2026-03-31,2026-04-01,1308,13,0.4200326653331803,uncalibrated_surge_logistic,18.5,19000.0,False,1014,1000,14,18993.216125,buy_candidate,unverified
logistic,2026-03-31,2026-04-01,1305,14,0.4173703505303002,uncalibrated_surge_logistic,17.35,19000.0,False,1081,1000,81,18987.874487500005,buy_candidate,unverified
logistic,2026-03-31,2026-04-01,6141,15,0.4171224186810967,uncalibrated_surge_logistic,19.8,19000.0,False,948,0,948,18985.1192982,buy_candidate,unverified
logistic,2026-04-30,2026-05-04,6861,1,0.7534435866726215,uncalibrated_surge_logistic,328.0,19000.0,True,57,0,57,18909.868218000003,hold_no_rebalance,not_applicable
logistic,2026-04-30,2026-05-04,3167,2,0.6819922160775322,uncalibrated_surge_logistic,861.0,19000.0,True,21,0,21,18287.833079250002,hold_no_rebalance,not_applicable
logistic,2026-04-30,2026-05-04,6426,3,0.6783666219729161,uncalibrated_surge_logistic,223.5,19000.0,True,84,0,84,18988.7604795,hold_no_rebalance,not_applicable
logistic,2026-04-30,2026-05-04,6830,4,0.6222840309598077,uncalibrated_surge_logistic,850.0,19000.0,False,22,0,22,18913.913975,buy_candidate,unverified
logistic,2026-04-30,2026-05-04,4764,5,0.618585806095125,uncalibrated_surge_logistic,258.0,19000.0,False,72,0,72,18788.495508,buy_candidate,unverified
logistic,2026-04-30,2026-05-04,2337,6,0.6133170902257885,uncalibrated_surge_logistic,154.0,19000.0,True,121,0,121,18847.1589845,hold_no_rebalance,not_applicable
logistic,2026-04-30,2026-05-04,6205,7,0.6056924037403866,uncalibrated_surge_logistic,86.5,19000.0,False,217,0,217,18985.220442125,buy_candidate,unverified
logistic,2026-04-30,2026-05-04,2426,8,0.6011847476091212,uncalibrated_surge_logistic,57.3,19000.0,False,327,0,327,18951.438371174998,buy_candidate,unverified
logistic,2026-04-30,2026-05-04,6715,9,0.5697867585284463,uncalibrated_surge_logistic,400.5,19000.0,False,46,0,46,18633.745302749998,buy_candidate,unverified
logistic,2026-04-30,2026-05-04,1711,10,0.5559934932645909,uncalibrated_surge_logistic,56.5,19000.0,False,332,0,332,18972.577451499998,buy_candidate,unverified
logistic,2026-04-30,2026-05-04,3437,11,0.5523620378671732,uncalibrated_surge_logistic,26.55,19000.0,False,707,0,707,18985.574445862498,buy_candidate,unverified
logistic,2026-04-30,2026-05-04,1735,12,0.5522289743245028,uncalibrated_surge_logistic,27.2,19000.0,False,690,0,690,18982.691843999997,buy_candidate,unverified
logistic,2026-04-30,2026-05-04,4960,13,0.5459303451137592,uncalibrated_surge_logistic,39.0,19000.0,False,481,0,481,18973.58889075,buy_candidate,unverified
logistic,2026-04-30,2026-05-04,6278,14,0.5332514653487972,uncalibrated_surge_logistic,168.0,19000.0,False,111,0,111,18861.319134,buy_candidate,unverified
logistic,2026-04-30,2026-05-04,2467,15,0.5295108451719099,uncalibrated_surge_logistic,609.0,19000.0,False,30,0,30,18478.9950975,buy_candidate,unverified
logistic,2026-05-29,2026-06-01,7610,1,0.7300870721298564,uncalibrated_surge_logistic,1475.0,19000.0,False,12,0,12,17902.474725,buy_candidate,unverified
logistic,2026-05-29,2026-06-01,6861,2,0.696145071864535,uncalibrated_surge_logistic,440.0,19000.0,True,42,0,42,18691.39734,hold_no_rebalance,not_applicable
logistic,2026-05-29,2026-06-01,6141,3,0.6898666724721538,uncalibrated_surge_logistic,46.0,19000.0,False,408,0,408,18982.691844,buy_candidate,unverified
logistic,2026-05-29,2026-06-01,3026,4,0.6219548548140338,uncalibrated_surge_logistic,641.0,19000.0,False,29,0,29,18801.64421825,buy_candidate,unverified
logistic,2026-05-29,2026-06-01,6531,5,0.6157217114673607,uncalibrated_surge_logistic,1190.0,19000.0,False,15,0,15,18054.1906125,buy_candidate,unverified
logistic,2026-05-29,2026-06-01,4764,6,0.5718645574100738,uncalibrated_surge_logistic,305.5,19000.0,True,61,0,61,18848.676143375,hold_no_rebalance,not_applicable
logistic,2026-05-29,2026-06-01,6658,7,0.5392525179719303,uncalibrated_surge_logistic,220.0,19000.0,False,85,0,85,18913.913975,buy_candidate,unverified
logistic,2026-05-29,2026-06-01,3229,8,0.531420775390664,uncalibrated_surge_logistic,49.5,19000.0,False,379,0,379,18975.106049625,buy_candidate,unverified
logistic,2026-05-29,2026-06-01,6834,9,0.515775133899787,uncalibrated_surge_logistic,75.2,19000.0,False,249,0,249,18938.9976684,buy_candidate,unverified
logistic,2026-05-29,2026-06-01,3481,10,0.510520206609821,uncalibrated_surge_logistic,51.0,19000.0,False,368,0,368,18982.691844,buy_candidate,unverified
logistic,2026-05-29,2026-06-01,2472,11,0.501248808274203,uncalibrated_surge_logistic,371.0,19000.0,False,50,0,50,18762.1980875,buy_candidate,unverified
logistic,2026-05-29,2026-06-01,1568,12,0.5002434787744432,uncalibrated_surge_logistic,45.35,19000.0,False,414,0,414,18989.670774825,buy_candidate,unverified
logistic,2026-05-29,2026-06-01,3016,13,0.4972276791044653,uncalibrated_surge_logistic,138.0,19000.0,False,136,0,136,18982.691844,buy_candidate,unverified
logistic,2026-05-29,2026-06-01,2302,14,0.4932029470648157,uncalibrated_surge_logistic,37.5,19000.0,False,500,0,500,18964.4859375,buy_candidate,unverified
logistic,2026-05-29,2026-06-01,3443,15,0.4915881142830628,uncalibrated_surge_logistic,4670.0,19000.0,False,4,0,4,18893.68519,buy_candidate,unverified
logistic,2026-06-30,2026-07-01,7610,1,0.7873787322867816,uncalibrated_surge_logistic,2230.0,19000.0,True,8,0,8,18044.076220000003,hold_no_rebalance,not_applicable
logistic,2026-06-30,2026-07-01,3026,2,0.6358610038044729,uncalibrated_surge_logistic,842.0,19000.0,True,22,0,22,18735.900666999998,hold_no_rebalance,not_applicable
logistic,2026-06-30,2026-07-01,2472,3,0.6228290948548484,uncalibrated_surge_logistic,453.5,19000.0,True,41,0,41,18806.195694875,hold_no_rebalance,not_applicable
logistic,2026-06-30,2026-07-01,6449,4,0.6126602245436076,uncalibrated_surge_logistic,345.0,19000.0,False,54,0,54,18843.113227499998,buy_candidate,unverified
logistic,2026-06-30,2026-07-01,2492,5,0.5472260155562674,uncalibrated_surge_logistic,565.0,19000.0,False,33,0,33,18858.28481625,buy_candidate,unverified
logistic,2026-06-30,2026-07-01,2243,6,0.5152119046797387,uncalibrated_surge_logistic,57.0,19000.0,False,329,0,329,18967.520255249998,buy_candidate,unverified
logistic,2026-06-30,2026-07-01,6405,7,0.5098780458088189,uncalibrated_surge_logistic,61.3,19000.0,False,306,0,306,18972.375163650002,buy_candidate,unverified
logistic,2026-06-30,2026-07-01,3189,8,0.4960703569317204,uncalibrated_surge_logistic,891.0,19000.0,False,21,0,21,18925.03980675,buy_candidate,unverified
logistic,2026-06-30,2026-07-01,2426,9,0.4808774067258423,uncalibrated_surge_logistic,76.1,19000.0,False,246,0,246,18934.749623549997,buy_candidate,unverified
logistic,2026-06-30,2026-07-01,6861,10,0.4652199655015502,uncalibrated_surge_logistic,333.0,19000.0,True,56,0,56,18861.319134,hold_no_rebalance,not_applicable
logistic,2026-06-30,2026-07-01,2327,11,0.4640476375079393,uncalibrated_surge_logistic,1140.0,19000.0,False,16,0,16,18448.65192,buy_candidate,unverified
logistic,2026-06-30,2026-07-01,6834,12,0.4543208416824513,uncalibrated_surge_logistic,119.0,19000.0,True,157,0,157,18896.719507749996,hold_no_rebalance,not_applicable
logistic,2026-06-30,2026-07-01,2483,13,0.4389684262959342,uncalibrated_surge_logistic,57.1,19000.0,False,328,0,328,18943.0434254,buy_candidate,unverified
logistic,2026-06-30,2026-07-01,4919,14,0.4372207467479931,uncalibrated_surge_logistic,173.5,19000.0,False,108,0,108,18952.348666500002,buy_candidate,unverified
logistic,2026-06-30,2026-07-01,3090,15,0.4161672164850434,uncalibrated_surge_logistic,322.5,19000.0,False,58,0,58,18918.971171250003,buy_candidate,unverified
logistic,2026-07-31,2026-08-03,3532,1,0.8555447041343375,uncalibrated_surge_logistic,271.5,19000.0,False,69,0,69,18947.797189875,buy_candidate,unverified
logistic,2026-07-31,2026-08-03,7610,2,0.8193503412725721,uncalibrated_surge_logistic,1200.0,19000.0,True,15,0,15,18205.9065,hold_no_rebalance,not_applicable
logistic,2026-07-31,2026-08-03,2923,3,0.7498648100561361,uncalibrated_surge_logistic,35.1,19000.0,False,535,0,535,18993.311956125,buy_candidate,unverified
logistic,2026-07-31,2026-08-03,3055,4,0.7485688051784437,uncalibrated_surge_logistic,90.4,19000.0,False,207,0,207,18926.8603974,buy_candidate,unverified
logistic,2026-07-31,2026-08-03,3026,5,0.72463433296502,uncalibrated_surge_logistic,450.0,19000.0,True,41,0,41,18661.0541625,hold_no_rebalance,not_applicable
logistic,2026-07-31,2026-08-03,8261,6,0.6878069415218446,uncalibrated_surge_logistic,163.5,19000.0,False,114,0,114,18852.216180749998,buy_candidate,unverified
logistic,2026-07-31,2026-08-03,4764,7,0.6768300979584974,uncalibrated_surge_logistic,260.0,19000.0,False,72,0,72,18934.142760000002,buy_candidate,unverified
logistic,2026-07-31,2026-08-03,6226,8,0.6392704121619032,uncalibrated_surge_logistic,19.6,19000.0,False,958,0,958,18991.5925094,buy_candidate,unverified
logistic,2026-07-31,2026-08-03,6141,9,0.6355450998330451,uncalibrated_surge_logistic,30.1,19000.0,False,624,0,624,18997.256569200003,buy_candidate,unverified
logistic,2026-07-31,2026-08-03,3167,10,0.6317456191905677,uncalibrated_surge_logistic,486.0,19000.0,False,38,0,38,18679.260069,buy_candidate,unverified
logistic,2026-07-31,2026-08-03,6715,11,0.603366173340139,uncalibrated_surge_logistic,311.0,19000.0,False,60,0,60,18873.456405,buy_candidate,unverified
logistic,2026-07-31,2026-08-03,6451,12,0.5653833354542195,uncalibrated_surge_logistic,341.0,19000.0,False,55,0,55,18969.54313375,buy_candidate,unverified
logistic,2026-07-31,2026-08-03,6834,13,0.5451997322441632,uncalibrated_surge_logistic,79.8,19000.0,True,235,0,235,18967.520255249998,hold_no_rebalance,not_applicable
logistic,2026-07-31,2026-08-03,2478,14,0.5365450184315547,uncalibrated_surge_logistic,108.5,19000.0,False,173,0,173,18985.220442125003,buy_candidate,unverified
logistic,2026-07-31,2026-08-03,8046,15,0.5223090932360253,uncalibrated_surge_logistic,920.0,19000.0,False,20,0,20,18610.4822,buy_candidate,unverified
logistic,2026-08-31,2026-09-01,6715,1,0.5286692022479345,uncalibrated_surge_logistic,318.5,19000.0,True,58,0,58,18684.31726525,hold_no_rebalance,not_applicable
logistic,2026-08-31,2026-09-01,3026,2,0.5098454704218053,uncalibrated_surge_logistic,742.0,19000.0,True,25,0,25,18762.1980875,hold_no_rebalance,not_applicable
logistic,2026-08-31,2026-09-01,8039,3,0.4855274858604994,uncalibrated_surge_logistic,327.0,19000.0,False,57,0,57,18852.216180749998,buy_candidate,unverified
logistic,2026-08-31,2026-09-01,6226,4,0.440660053081396,uncalibrated_surge_logistic,31.6,19000.0,True,594,0,594,18985.1192982,hold_no_rebalance,not_applicable
logistic,2026-08-31,2026-09-01,7610,5,0.4311417486601023,uncalibrated_surge_logistic,1505.0,19000.0,True,12,0,12,18266.592855,hold_no_rebalance,not_applicable
logistic,2026-08-31,2026-09-01,2426,6,0.41281236533469,uncalibrated_surge_logistic,97.8,19000.0,False,192,0,192,18992.4016608,buy_candidate,unverified
logistic,2026-08-31,2026-09-01,6141,7,0.3940529122705959,uncalibrated_surge_logistic,58.9,19000.0,True,318,0,318,18944.45944035,hold_no_rebalance,not_applicable
logistic,2026-08-31,2026-09-01,8046,8,0.357649956768678,uncalibrated_surge_logistic,1230.0,19000.0,True,15,0,15,18661.0541625,hold_no_rebalance,not_applicable
logistic,2026-08-31,2026-09-01,3229,9,0.3306753790021306,uncalibrated_surge_logistic,53.4,19000.0,False,351,0,351,18957.81043845,buy_candidate,unverified
logistic,2026-08-31,2026-09-01,3406,10,0.3062872910551302,uncalibrated_surge_logistic,1005.0,19000.0,False,18,0,18,18296.936032499998,buy_candidate,unverified
logistic,2026-08-31,2026-09-01,3532,11,0.3037724952525775,uncalibrated_surge_logistic,379.0,19000.0,True,49,0,49,18783.438311750004,hold_no_rebalance,not_applicable
logistic,2026-08-31,2026-09-01,3605,12,0.3028360865631554,uncalibrated_surge_logistic,139.0,19000.0,False,135,0,135,18979.65752625,buy_candidate,unverified
logistic,2026-08-31,2026-09-01,1709,13,0.3006826399163325,uncalibrated_surge_logistic,33.45,19000.0,False,561,0,561,18980.112673912503,buy_candidate,unverified
logistic,2026-08-31,2026-09-01,7788,14,0.2983809735246079,uncalibrated_surge_logistic,316.0,19000.0,False,59,0,59,18857.273377,buy_candidate,unverified
logistic,2026-08-31,2026-09-01,2464,15,0.2982677112511364,uncalibrated_surge_logistic,180.0,19000.0,False,104,0,104,18934.142760000002,buy_candidate,unverified
mom60_skip5,2025-12-31,2026-01-02,8110,1,1.7906976744152439,momentum_rule,57.2,19000.0,False,328,0,328,18976.2186328,buy_candidate,unverified
mom60_skip5,2025-12-31,2026-01-02,2485,2,1.2281368821292777,momentum_rule,26.4,19000.0,False,711,0,711,18985.1192982,buy_candidate,unverified
mom60_skip5,2025-12-31,2026-01-02,2408,3,1.21455457967667,momentum_rule,193.0,19000.0,False,97,0,97,18935.15419925,buy_candidate,unverified
mom60_skip5,2025-12-31,2026-01-02,2344,4,1.0277777777771204,momentum_rule,82.6,19000.0,False,227,0,227,18964.68822535,buy_candidate,unverified
mom60_skip5,2025-12-31,2026-01-02,5521,5,0.9411764705882353,momentum_rule,23.35,19000.0,False,804,0,804,18988.153615950003,buy_candidate,unverified
mom60_skip5,2025-12-31,2026-01-02,6431,6,0.8878504672897196,momentum_rule,26.9,19000.0,False,698,0,698,18990.98564585,buy_candidate,unverified
mom60_skip5,2025-12-31,2026-01-02,6155,7,0.8731808731805009,momentum_rule,44.05,19000.0,False,426,0,426,18979.960958024996,buy_candidate,unverified
mom60_skip5,2025-12-31,2026-01-02,6443,8,0.8356164383536251,momentum_rule,27.9,19000.0,False,673,0,673,18991.491365475,buy_candidate,unverified
mom60_skip5,2025-12-31,2026-01-02,8131,9,0.8018575851416001,momentum_rule,64.7,19000.0,False,290,0,290,18977.63464775,buy_candidate,unverified
mom60_skip5,2025-12-31,2026-01-02,2413,10,0.7535545023726176,momentum_rule,45.6,19000.0,False,411,0,411,18955.989847800003,buy_candidate,unverified
mom60_skip5,2025-12-31,2026-01-02,4967,11,0.7488532110084904,momentum_rule,189.0,19000.0,False,99,0,99,18925.03980675,buy_candidate,unverified
mom60_skip5,2025-12-31,2026-01-02,3229,12,0.7435897435897436,momentum_rule,27.7,19000.0,False,678,0,678,18995.43597855,buy_candidate,unverified
mom60_skip5,2025-12-31,2026-01-02,2491,13,0.6875,momentum_rule,19.9,19000.0,False,943,0,943,18980.365533725,buy_candidate,unverified
mom60_skip5,2025-12-31,2026-01-02,6209,14,0.6602809706273476,momentum_rule,66.8,19000.0,False,281,0,281,18985.5238739,buy_candidate,unverified
mom60_skip5,2025-12-31,2026-01-02,3002,15,0.6521739130482398,momentum_rule,25.05,19000.0,False,749,0,749,18977.0783561625,buy_candidate,unverified
mom60_skip5,2026-01-30,2026-02-02,8110,1,2.158995815900831,momentum_rule,79.3,19000.0,True,236,0,236,18928.8832759,hold_no_rebalance,not_applicable
mom60_skip5,2026-01-30,2026-02-02,6443,2,1.885608856087455,momentum_rule,39.0,19000.0,True,481,0,481,18973.58889075,hold_no_rebalance,not_applicable
mom60_skip5,2026-01-30,2026-02-02,3135,3,1.771506431772575,momentum_rule,118.5,19000.0,False,158,0,158,18937.17707775,buy_candidate,unverified
mom60_skip5,2026-01-30,2026-02-02,2485,4,1.7041198501872663,momentum_rule,41.0,19000.0,True,458,0,458,18992.806236500004,hold_no_rebalance,not_applicable
mom60_skip5,2026-01-30,2026-02-02,2413,5,1.2886075949341778,momentum_rule,39.7,19000.0,True,473,0,473,18992.907380425,hold_no_rebalance,not_applicable
mom60_skip5,2026-01-30,2026-02-02,8438,6,1.287128712869487,momentum_rule,57.6,19000.0,False,326,0,326,18992.401660800002,buy_candidate,unverified
mom60_skip5,2026-01-30,2026-02-02,6155,7,1.280632411065656,momentum_rule,55.4,19000.0,True,339,0,339,18995.43597855,hold_no_rebalance,not_applicable
mom60_skip5,2026-01-30,2026-02-02,2337,8,1.2105263157865034,momentum_rule,92.8,19000.0,False,202,0,202,18960.0356048,buy_candidate,unverified
mom60_skip5,2026-01-30,2026-02-02,8131,9,1.0972972972987605,momentum_rule,79.0,19000.0,True,237,0,237,18937.177077750002,hold_no_rebalance,not_applicable
mom60_skip5,2026-01-30,2026-02-02,3037,10,1.0884845246892687,momentum_rule,378.5,19000.0,False,49,0,49,18758.658050125,buy_candidate,unverified
mom60_skip5,2026-01-30,2026-02-02,1528,11,1.075268817208601,momentum_rule,27.85,19000.0,False,674,0,674,18985.625017825,buy_candidate,unverified
mom60_skip5,2026-01-30,2026-02-02,2313,12,1.0260663507072445,momentum_rule,169.0,19000.0,False,111,0,111,18973.58889075,buy_candidate,unverified
mom60_skip5,2026-01-30,2026-02-02,8150,13,0.9849397590374294,momentum_rule,60.2,19000.0,False,312,0,312,18997.256569200003,buy_candidate,unverified
mom60_skip5,2026-01-30,2026-02-02,2408,14,0.9673913043448472,momentum_rule,326.5,19000.0,True,57,0,57,18823.390162125,hold_no_rebalance,not_applicable
mom60_skip5,2026-01-30,2026-02-02,6770,15,0.9532554257122234,momentum_rule,69.5,19000.0,False,270,0,270,18979.65752625,buy_candidate,unverified
mom60_skip5,2026-02-26,2026-03-02,6443,1,2.0526315789514875,momentum_rule,45.1,19000.0,True,416,0,416,18976.2186328,hold_no_rebalance,not_applicable
mom60_skip5,2026-02-26,2026-03-02,2337,2,1.5971014492739073,momentum_rule,110.0,19000.0,True,170,0,170,18913.913975,hold_no_rebalance,not_applicable
mom60_skip5,2026-02-26,2026-03-02,3135,3,1.5661716833074362,momentum_rule,125.0,19000.0,True,150,0,150,18964.4859375,hold_no_rebalance,not_applicable
mom60_skip5,2026-02-26,2026-03-02,2313,4,1.395287958116731,momentum_rule,204.5,19000.0,True,91,0,91,18822.378722875,hold_no_rebalance,not_applicable
mom60_skip5,2026-02-26,2026-03-02,3037,5,1.3218750000013415,momentum_rule,481.5,19000.0,True,39,0,39,18993.311956125,hold_no_rebalance,not_applicable
mom60_skip5,2026-02-26,2026-03-02,3576,6,1.3046251993614466,momentum_rule,22.1,19000.0,False,850,0,850,18999.886311250004,buy_candidate,unverified
mom60_skip5,2026-02-26,2026-03-02,2367,7,1.238611713667705,momentum_rule,64.5,19000.0,False,291,0,291,18984.209002875,buy_candidate,unverified
mom60_skip5,2026-02-26,2026-03-02,2485,8,1.1763005780346818,momentum_rule,45.0,19000.0,True,417,0,417,18979.65752625,hold_no_rebalance,not_applicable
mom60_skip5,2026-02-26,2026-03-02,6426,9,1.1692307692335415,momentum_rule,191.5,19000.0,False,98,0,98,18981.680404749997,buy_candidate,unverified
mom60_skip5,2026-02-26,2026-03-02,6515,10,1.119047619045964,momentum_rule,5115.0,19000.0,False,3,0,3,15520.535291249998,buy_candidate,unverified
mom60_skip5,2026-02-26,2026-03-02,3189,11,1.0530922409876715,momentum_rule,314.5,19000.0,False,59,0,59,18767.761003375,buy_candidate,unverified
mom60_skip5,2026-02-26,2026-03-02,8438,12,1.0321428571439395,momentum_rule,69.4,19000.0,True,270,0,270,18952.348666500002,hold_no_rebalance,not_applicable
mom60_skip5,2026-02-26,2026-03-02,8996,13,1.015151515153228,momentum_rule,879.0,19000.0,False,21,0,21,18670.15711575,buy_candidate,unverified
mom60_skip5,2026-02-26,2026-03-02,2344,14,0.9827586206973168,momentum_rule,122.5,19000.0,False,153,0,153,18956.900143125,buy_candidate,unverified
mom60_skip5,2026-02-26,2026-03-02,3138,15,0.9580838323321028,momentum_rule,198.0,19000.0,False,94,0,94,18824.907321,buy_candidate,unverified
mom60_skip5,2026-03-31,2026-04-01,2337,1,2.5454545454508084,momentum_rule,115.5,19000.0,True,162,0,162,18925.03980675,hold_no_rebalance,not_applicable
mom60_skip5,2026-03-31,2026-04-01,6515,2,2.1682785299853435,momentum_rule,7150.0,19000.0,True,2,0,2,14463.581275,hold_no_rebalance,not_applicable
mom60_skip5,2026-03-31,2026-04-01,7610,3,1.7960784313725489,momentum_rule,351.0,19000.0,False,53,0,53,18815.80436775,buy_candidate,unverified
mom60_skip5,2026-03-31,2026-04-01,6715,4,1.7923387096872956,momentum_rule,309.5,19000.0,False,60,0,60,18782.4268725,buy_candidate,unverified
mom60_skip5,2026-03-31,2026-04-01,2485,5,1.5665529010238908,momentum_rule,79.6,19000.0,True,235,0,235,18919.982610500003,hold_no_rebalance,not_applicable
mom60_skip5,2026-03-31,2026-04-01,6861,6,1.4827586206911088,momentum_rule,126.0,19000.0,False,149,0,149,18988.7604795,buy_candidate,unverified
mom60_skip5,2026-03-31,2026-04-01,2367,7,1.4612612612647409,momentum_rule,73.5,19000.0,True,255,0,255,18956.900143125,hold_no_rebalance,not_applicable
mom60_skip5,2026-03-31,2026-04-01,3189,8,1.3498134096641583,momentum_rule,313.0,19000.0,True,60,0,60,18994.829115,hold_no_rebalance,not_applicable
mom60_skip5,2026-03-31,2026-04-01,6830,9,1.3457142857145885,momentum_rule,467.5,19000.0,False,40,0,40,18913.913975,buy_candidate,unverified
mom60_skip5,2026-03-31,2026-04-01,3054,10,1.3135135135135134,momentum_rule,67.6,19000.0,False,277,0,277,18939.402244099998,buy_candidate,unverified
mom60_skip5,2026-03-31,2026-04-01,3576,11,1.2722283205285834,momentum_rule,21.25,19000.0,True,884,0,884,18999.88631125,hold_no_rebalance,not_applicable
mom60_skip5,2026-03-31,2026-04-01,3037,12,1.1345707656595865,momentum_rule,444.5,19000.0,True,42,0,42,18882.559358249997,hold_no_rebalance,not_applicable
mom60_skip5,2026-03-31,2026-04-01,8438,13,1.1018675721553532,momentum_rule,68.7,19000.0,True,273,0,273,18969.644277675,hold_no_rebalance,not_applicable
mom60_skip5,2026-03-31,2026-04-01,3135,14,1.0787401574759272,momentum_rule,102.0,19000.0,True,184,0,184,18982.691844,hold_no_rebalance,not_applicable
mom60_skip5,2026-03-31,2026-04-01,2313,15,1.0640394088663072,momentum_rule,248.0,19000.0,True,75,0,75,18812.77005,hold_no_rebalance,not_applicable
mom60_skip5,2026-04-30,2026-05-04,6830,1,3.5054051877859456,momentum_rule,850.0,19000.0,True,22,0,22,18913.913975,hold_no_rebalance,not_applicable
mom60_skip5,2026-04-30,2026-05-04,6715,2,2.6199095022532504,momentum_rule,400.5,19000.0,True,46,0,46,18633.745302749998,hold_no_rebalance,not_applicable
mom60_skip5,2026-04-30,2026-05-04,6861,3,2.589939024384071,momentum_rule,328.0,19000.0,True,57,0,57,18909.868218000003,hold_no_rebalance,not_applicable
mom60_skip5,2026-04-30,2026-05-04,7610,4,2.366754617414248,momentum_rule,640.0,19000.0,True,29,0,29,18772.312479999997,hold_no_rebalance,not_applicable
mom60_skip5,2026-04-30,2026-05-04,6451,5,1.9375000000016052,momentum_rule,431.0,19000.0,False,43,0,43,18745.00362025,buy_candidate,unverified
mom60_skip5,2026-04-30,2026-05-04,4960,6,1.9241877256314264,momentum_rule,39.0,19000.0,False,481,0,481,18973.58889075,buy_candidate,unverified
mom60_skip5,2026-04-30,2026-05-04,6515,7,1.8613333333413395,momentum_rule,10385.0,19000.0,True,1,0,1,10508.85,hold_no_rebalance,not_applicable
mom60_skip5,2026-04-30,2026-05-04,3167,8,1.859060402687573,momentum_rule,861.0,19000.0,False,21,0,21,18287.833079250002,buy_candidate,unverified
mom60_skip5,2026-04-30,2026-05-04,3583,9,1.6978851963766348,momentum_rule,792.0,19000.0,False,23,0,23,18424.377378,buy_candidate,unverified
mom60_skip5,2026-04-30,2026-05-04,7750,10,1.6410884237019787,momentum_rule,2575.0,19000.0,False,7,0,7,18231.19248125,buy_candidate,unverified
mom60_skip5,2026-04-30,2026-05-04,6426,11,1.6032608695702963,momentum_rule,223.5,19000.0,False,84,0,84,18988.7604795,buy_candidate,unverified
mom60_skip5,2026-04-30,2026-05-04,2426,12,1.5631578947395122,momentum_rule,57.3,19000.0,False,327,0,327,18951.438371174998,buy_candidate,unverified
mom60_skip5,2026-04-30,2026-05-04,4919,13,1.5344827586262737,momentum_rule,147.5,19000.0,False,127,0,127,18946.785750625,buy_candidate,unverified
mom60_skip5,2026-04-30,2026-05-04,6141,14,1.5291666666666668,momentum_rule,32.5,19000.0,False,578,0,578,18999.886311250004,buy_candidate,unverified
mom60_skip5,2026-04-30,2026-05-04,1711,15,1.5055432372460054,momentum_rule,56.5,19000.0,False,332,0,332,18972.577451499998,buy_candidate,unverified
mom60_skip5,2026-05-29,2026-06-01,3026,1,3.198237885472027,momentum_rule,641.0,19000.0,False,29,0,29,18801.64421825,buy_candidate,unverified
mom60_skip5,2026-05-29,2026-06-01,2426,2,3.1914357682554737,momentum_rule,81.2,19000.0,True,231,0,231,18971.7683001,hold_no_rebalance,not_applicable
mom60_skip5,2026-05-29,2026-06-01,7610,3,3.166666666666667,momentum_rule,1475.0,19000.0,True,12,0,12,17902.474725,hold_no_rebalance,not_applicable
mom60_skip5,2026-05-29,2026-06-01,6658,4,2.271186440681225,momentum_rule,220.0,19000.0,False,85,0,85,18913.913975,buy_candidate,unverified
mom60_skip5,2026-05-29,2026-06-01,6861,5,2.265454545446787,momentum_rule,440.0,19000.0,True,42,0,42,18691.39734,hold_no_rebalance,not_applicable
mom60_skip5,2026-05-29,2026-06-01,3167,6,1.865517241380819,momentum_rule,795.0,19000.0,True,23,0,23,18494.166686250002,hold_no_rebalance,not_applicable
mom60_skip5,2026-05-29,2026-06-01,4958,7,1.6735751295347416,momentum_rule,515.0,19000.0,False,36,0,36,18752.083694999998,buy_candidate,unverified
mom60_skip5,2026-05-29,2026-06-01,6831,8,1.643861882013356,momentum_rule,742.0,19000.0,False,25,0,25,18762.1980875,buy_candidate,unverified
mom60_skip5,2026-05-29,2026-06-01,4764,9,1.5715837103956347,momentum_rule,305.5,19000.0,False,61,0,61,18848.676143375,buy_candidate,unverified
mom60_skip5,2026-05-29,2026-06-01,6451,10,1.5253012048260786,momentum_rule,570.0,19000.0,True,32,0,32,18448.65192,hold_no_rebalance,not_applicable
mom60_skip5,2026-05-29,2026-06-01,4960,11,1.477508650514629,momentum_rule,31.95,19000.0,True,587,0,587,18969.189130012503,hold_no_rebalance,not_applicable
mom60_skip5,2026-05-29,2026-06-01,4919,12,1.4721189591104364,momentum_rule,191.5,19000.0,True,98,0,98,18981.680404749997,hold_no_rebalance,not_applicable
mom60_skip5,2026-05-29,2026-06-01,6278,13,1.4499999999995743,momentum_rule,221.0,19000.0,False,85,0,85,18999.886311250004,buy_candidate,unverified
mom60_skip5,2026-05-29,2026-06-01,6715,14,1.4482758620686358,momentum_rule,436.0,19000.0,True,43,0,43,18962.463058999998,hold_no_rebalance,not_applicable
mom60_skip5,2026-05-29,2026-06-01,3583,15,1.400548696842899,momentum_rule,867.0,19000.0,True,21,0,21,18415.27442475,hold_no_rebalance,not_applicable
mom60_skip5,2026-06-30,2026-07-01,7610,1,5.589358799454297,momentum_rule,2230.0,19000.0,True,8,0,8,18044.076220000003,hold_no_rebalance,not_applicable
mom60_skip5,2026-06-30,2026-07-01,3026,2,4.726966126133225,momentum_rule,842.0,19000.0,True,22,0,22,18735.900666999998,hold_no_rebalance,not_applicable
mom60_skip5,2026-06-30,2026-07-01,2492,3,3.889830508460709,momentum_rule,565.0,19000.0,False,33,0,33,18858.28481625,buy_candidate,unverified
mom60_skip5,2026-06-30,2026-07-01,2327,4,3.08477365472398,momentum_rule,1140.0,19000.0,False,16,0,16,18448.65192,buy_candidate,unverified
mom60_skip5,2026-06-30,2026-07-01,2478,5,2.775337837834815,momentum_rule,225.5,19000.0,False,83,0,83,18930.602722625,buy_candidate,unverified
mom60_skip5,2026-06-30,2026-07-01,6834,6,2.50988433797245,momentum_rule,119.0,19000.0,False,157,0,157,18896.719507749996,buy_candidate,unverified
mom60_skip5,2026-06-30,2026-07-01,3090,7,2.270270270255718,momentum_rule,322.5,19000.0,False,58,0,58,18918.971171250003,buy_candidate,unverified
mom60_skip5,2026-06-30,2026-07-01,2454,8,2.095563139934008,momentum_rule,4245.0,19000.0,False,4,0,4,17174.238465,buy_candidate,unverified
mom60_skip5,2026-06-30,2026-07-01,4807,9,2.0243055555567224,momentum_rule,36.3,19000.0,False,517,0,517,18981.781548674997,buy_candidate,unverified
mom60_skip5,2026-06-30,2026-07-01,2303,10,1.961672473870616,momentum_rule,164.5,19000.0,False,114,0,114,18967.52025525,buy_candidate,unverified
mom60_skip5,2026-06-30,2026-07-01,3016,11,1.8882575757585776,momentum_rule,133.5,19000.0,False,140,0,140,18903.7995825,buy_candidate,unverified
mom60_skip5,2026-06-30,2026-07-01,4764,12,1.7734491896616604,momentum_rule,301.0,19000.0,True,62,0,62,18875.4792835,hold_no_rebalance,not_applicable
mom60_skip5,2026-06-30,2026-07-01,3532,13,1.7629629629569603,momentum_rule,364.0,19000.0,False,51,0,51,18776.358237,buy_candidate,unverified
mom60_skip5,2026-06-30,2026-07-01,2491,14,1.7311475409836063,momentum_rule,40.15,19000.0,False,467,0,467,18964.536509462498,buy_candidate,unverified
mom60_skip5,2026-06-30,2026-07-01,6861,15,1.730082279749554,momentum_rule,333.0,19000.0,True,56,0,56,18861.319134,hold_no_rebalance,not_applicable
mom60_skip5,2026-07-31,2026-08-03,7610,1,1.9231238365942027,momentum_rule,1200.0,19000.0,True,15,0,15,18205.9065,hold_no_rebalance,not_applicable
mom60_skip5,2026-07-31,2026-08-03,3026,2,1.359494258619756,momentum_rule,450.0,19000.0,True,41,0,41,18661.0541625,hold_no_rebalance,not_applicable
mom60_skip5,2026-07-31,2026-08-03,6834,3,1.2768295500501343,momentum_rule,79.8,19000.0,True,235,0,235,18967.520255249998,hold_no_rebalance,not_applicable
mom60_skip5,2026-07-31,2026-08-03,2302,4,1.1822086702897736,momentum_rule,36.75,19000.0,False,511,0,511,18994.0705355625,buy_candidate,unverified
mom60_skip5,2026-07-31,2026-08-03,6166,5,1.1157142830372528,momentum_rule,113.0,19000.0,False,166,0,166,18972.577451499998,buy_candidate,unverified
mom60_skip5,2026-07-31,2026-08-03,2434,6,1.0911854103343464,momentum_rule,53.2,19000.0,False,353,0,353,18994.424539300002,buy_candidate,unverified
mom60_skip5,2026-07-31,2026-08-03,6446,7,0.9240610002302672,momentum_rule,1060.0,19000.0,False,17,0,17,18226.135284999997,buy_candidate,unverified
mom60_skip5,2026-07-31,2026-08-03,2305,8,0.9169139465875368,momentum_rule,30.1,19000.0,False,624,0,624,18997.256569200003,buy_candidate,unverified
mom60_skip5,2026-07-31,2026-08-03,2327,9,0.9130404008941766,momentum_rule,502.0,19000.0,True,37,0,37,18786.472629499996,hold_no_rebalance,not_applicable
mom60_skip5,2026-07-31,2026-08-03,2243,10,0.9090909090892354,momentum_rule,41.55,19000.0,False,452,0,452,18995.43597855,buy_candidate,unverified
mom60_skip5,2026-07-31,2026-08-03,1303,11,0.9014602390984752,momentum_rule,159.5,19000.0,False,117,0,117,18874.973563875003,buy_candidate,unverified
mom60_skip5,2026-07-31,2026-08-03,2492,12,0.8738683833785537,momentum_rule,218.0,19000.0,True,86,0,86,18962.463058999998,hold_no_rebalance,not_applicable
mom60_skip5,2026-07-31,2026-08-03,8261,13,0.8046169287449589,momentum_rule,163.5,19000.0,False,114,0,114,18852.216180749998,buy_candidate,unverified
mom60_skip5,2026-07-31,2026-08-03,3481,14,0.8022486500688395,momentum_rule,45.5,19000.0,False,412,0,412,18960.440180499998,buy_candidate,unverified
mom60_skip5,2026-07-31,2026-08-03,8039,15,0.7973611470390962,momentum_rule,173.5,19000.0,False,108,0,108,18952.348666500002,buy_candidate,unverified
mom60_skip5,2026-08-31,2026-09-01,2059,1,1.6934579439263593,momentum_rule,14180.0,19000.0,False,1,0,1,14342.208564999999,buy_candidate,unverified
mom60_skip5,2026-08-31,2026-09-01,2466,2,1.2444444444427591,momentum_rule,99.0,19000.0,False,189,0,189,18925.03980675,buy_candidate,unverified
mom60_skip5,2026-08-31,2026-09-01,8039,3,0.913960420738252,momentum_rule,327.0,19000.0,True,57,0,57,18852.216180749998,hold_no_rebalance,not_applicable
mom60_skip5,2026-08-31,2026-09-01,6213,4,0.8677720608415123,momentum_rule,548.0,19000.0,False,34,0,34,18845.136105999998,buy_candidate,unverified
mom60_skip5,2026-08-31,2026-09-01,6446,5,0.7460370587368437,momentum_rule,1395.0,19000.0,True,13,0,13,18342.450798750004,hold_no_rebalance,not_applicable
mom60_skip5,2026-08-31,2026-09-01,6226,6,0.7132352941176472,momentum_rule,31.6,19000.0,False,594,0,594,18985.1192982,buy_candidate,unverified
mom60_skip5,2026-08-31,2026-09-01,1709,7,0.6739130434804341,momentum_rule,33.45,19000.0,False,561,0,561,18980.112673912503,buy_candidate,unverified
mom60_skip5,2026-08-31,2026-09-01,1303,8,0.6294508147199935,momentum_rule,242.5,19000.0,True,77,0,77,18886.099395625002,hold_no_rebalance,not_applicable
mom60_skip5,2026-08-31,2026-09-01,2615,9,0.5433745654411832,momentum_rule,114.0,19000.0,False,164,0,164,18909.868218,buy_candidate,unverified
mom60_skip5,2026-08-31,2026-09-01,3605,10,0.5356198403893508,momentum_rule,139.0,19000.0,False,135,0,135,18979.65752625,buy_candidate,unverified
mom60_skip5,2026-08-31,2026-09-01,2434,11,0.5049226441631507,momentum_rule,62.0,19000.0,True,302,0,302,18938.188517,hold_no_rebalance,not_applicable
mom60_skip5,2026-08-31,2026-09-01,2634,12,0.493633424069132,momentum_rule,66.9,19000.0,False,280,0,280,18946.280031,buy_candidate,unverified
mom60_skip5,2026-08-31,2026-09-01,9921,13,0.4730878187013965,momentum_rule,102.0,19000.0,False,184,0,184,18982.691844,buy_candidate,unverified
mom60_skip5,2026-08-31,2026-09-01,7795,14,0.458279845957128,momentum_rule,508.0,19000.0,False,36,0,36,18497.201004000002,buy_candidate,unverified
mom60_skip5,2026-08-31,2026-09-01,2546,15,0.4361418212563643,momentum_rule,106.5,19000.0,False,176,0,176,18958.417301999998,buy_candidate,unverified
