method,signal_date,planned_trade_date,symbol,side,venue,quantity_if_filled,sizing_reference_close,per_name_budget_twd,fill_price,fill_quantity,execution_status
logistic,2025-12-31,2026-01-02,6205,buy,intraday_odd_lot,302.0,62.0,19000.0,,,unverified
logistic,2025-12-31,2026-01-02,3701,buy,intraday_odd_lot,345.0,54.4,19000.0,,,unverified
logistic,2025-12-31,2026-01-02,3092,buy,intraday_odd_lot,733.0,25.6,19000.0,,,unverified
logistic,2025-12-31,2026-01-02,2413,buy,intraday_odd_lot,411.0,45.6,19000.0,,,unverified
logistic,2025-12-31,2026-01-02,1721,buy,regular,1000.0,16.5,19000.0,,,unverified
logistic,2025-12-31,2026-01-02,1721,buy,intraday_odd_lot,137.0,16.5,19000.0,,,unverified
logistic,2025-12-31,2026-01-02,6442,buy,intraday_odd_lot,13.0,1360.0,19000.0,,,unverified
logistic,2025-12-31,2026-01-02,6706,buy,intraday_odd_lot,133.0,140.5,19000.0,,,unverified
logistic,2025-12-31,2026-01-02,6443,buy,intraday_odd_lot,673.0,27.9,19000.0,,,unverified
logistic,2025-12-31,2026-01-02,6426,buy,intraday_odd_lot,191.0,97.9,19000.0,,,unverified
logistic,2025-12-31,2026-01-02,4967,buy,intraday_odd_lot,99.0,189.0,19000.0,,,unverified
logistic,2025-12-31,2026-01-02,8438,buy,intraday_odd_lot,448.0,41.9,19000.0,,,unverified
logistic,2025-12-31,2026-01-02,3006,buy,intraday_odd_lot,159.0,118.0,19000.0,,,unverified
logistic,2025-12-31,2026-01-02,2491,buy,intraday_odd_lot,943.0,19.9,19000.0,,,unverified
logistic,2025-12-31,2026-01-02,5521,buy,intraday_odd_lot,804.0,23.35,19000.0,,,unverified
logistic,2025-12-31,2026-01-02,1528,buy,intraday_odd_lot,790.0,23.75,19000.0,,,unverified
logistic,2026-01-30,2026-02-02,2408,buy,intraday_odd_lot,57.0,326.5,19000.0,,,unverified
logistic,2026-01-30,2026-02-02,2337,buy,intraday_odd_lot,202.0,92.8,19000.0,,,unverified
logistic,2026-01-30,2026-02-02,8110,buy,intraday_odd_lot,236.0,79.3,19000.0,,,unverified
logistic,2026-01-30,2026-02-02,6770,buy,intraday_odd_lot,270.0,69.5,19000.0,,,unverified
logistic,2026-01-30,2026-02-02,3481,buy,intraday_odd_lot,861.0,21.8,19000.0,,,unverified
logistic,2026-01-30,2026-02-02,3135,buy,intraday_odd_lot,158.0,118.5,19000.0,,,unverified
logistic,2026-01-30,2026-02-02,2344,buy,intraday_odd_lot,146.0,128.5,19000.0,,,unverified
logistic,2026-01-30,2026-02-02,6155,buy,intraday_odd_lot,339.0,55.4,19000.0,,,unverified
logistic,2026-01-30,2026-02-02,6282,buy,intraday_odd_lot,377.0,49.8,19000.0,,,unverified
logistic,2026-01-30,2026-02-02,4764,buy,intraday_odd_lot,160.0,117.0,19000.0,,,unverified
logistic,2026-01-30,2026-02-02,1809,buy,intraday_odd_lot,760.0,24.7,19000.0,,,unverified
logistic,2026-01-30,2026-02-02,1528,sell,dependent_on_delivered_holdings,,,,,,unverified
logistic,2026-01-30,2026-02-02,1721,sell,dependent_on_delivered_holdings,,,,,,unverified
logistic,2026-01-30,2026-02-02,2413,sell,dependent_on_delivered_holdings,,,,,,unverified
logistic,2026-01-30,2026-02-02,2491,sell,dependent_on_delivered_holdings,,,,,,unverified
logistic,2026-01-30,2026-02-02,3092,sell,dependent_on_delivered_holdings,,,,,,unverified
logistic,2026-01-30,2026-02-02,3701,sell,dependent_on_delivered_holdings,,,,,,unverified
logistic,2026-01-30,2026-02-02,4967,sell,dependent_on_delivered_holdings,,,,,,unverified
logistic,2026-01-30,2026-02-02,5521,sell,dependent_on_delivered_holdings,,,,,,unverified
logistic,2026-01-30,2026-02-02,6205,sell,dependent_on_delivered_holdings,,,,,,unverified
logistic,2026-01-30,2026-02-02,6706,sell,dependent_on_delivered_holdings,,,,,,unverified
logistic,2026-01-30,2026-02-02,8438,sell,dependent_on_delivered_holdings,,,,,,unverified
logistic,2026-02-26,2026-03-02,3576,buy,intraday_odd_lot,850.0,22.1,19000.0,,,unverified
logistic,2026-02-26,2026-03-02,2485,buy,intraday_odd_lot,417.0,45.0,19000.0,,,unverified
logistic,2026-02-26,2026-03-02,2413,buy,intraday_odd_lot,330.0,56.8,19000.0,,,unverified
logistic,2026-02-26,2026-03-02,6706,buy,intraday_odd_lot,140.0,133.5,19000.0,,,unverified
logistic,2026-02-26,2026-03-02,3138,buy,intraday_odd_lot,94.0,198.0,19000.0,,,unverified
logistic,2026-02-26,2026-03-02,2367,buy,intraday_odd_lot,291.0,64.5,19000.0,,,unverified
logistic,2026-02-26,2026-03-02,8438,buy,intraday_odd_lot,270.0,69.4,19000.0,,,unverified
logistic,2026-02-26,2026-03-02,3308,buy,intraday_odd_lot,746.0,25.15,19000.0,,,unverified
logistic,2026-02-26,2026-03-02,1809,sell,dependent_on_delivered_holdings,,,,,,unverified
logistic,2026-02-26,2026-03-02,3006,sell,dependent_on_delivered_holdings,,,,,,unverified
logistic,2026-02-26,2026-03-02,3481,sell,dependent_on_delivered_holdings,,,,,,unverified
logistic,2026-02-26,2026-03-02,6155,sell,dependent_on_delivered_holdings,,,,,,unverified
logistic,2026-02-26,2026-03-02,6282,sell,dependent_on_delivered_holdings,,,,,,unverified
logistic,2026-02-26,2026-03-02,6442,sell,dependent_on_delivered_holdings,,,,,,unverified
logistic,2026-02-26,2026-03-02,6770,sell,dependent_on_delivered_holdings,,,,,,unverified
logistic,2026-02-26,2026-03-02,8110,sell,dependent_on_delivered_holdings,,,,,,unverified
logistic,2026-03-31,2026-04-01,3054,buy,intraday_odd_lot,277.0,67.6,19000.0,,,unverified
logistic,2026-03-31,2026-04-01,3049,buy,regular,1000.0,11.45,19000.0,,,unverified
logistic,2026-03-31,2026-04-01,3049,buy,intraday_odd_lot,639.0,11.45,19000.0,,,unverified
logistic,2026-03-31,2026-04-01,8271,buy,intraday_odd_lot,144.0,130.0,19000.0,,,unverified
logistic,2026-03-31,2026-04-01,3006,buy,intraday_odd_lot,125.0,150.0,19000.0,,,unverified
logistic,2026-03-31,2026-04-01,1309,buy,intraday_odd_lot,814.0,23.05,19000.0,,,unverified
logistic,2026-03-31,2026-04-01,6861,buy,intraday_odd_lot,149.0,126.0,19000.0,,,unverified
logistic,2026-03-31,2026-04-01,3167,buy,intraday_odd_lot,50.0,368.5,19000.0,,,unverified
logistic,2026-03-31,2026-04-01,6451,buy,intraday_odd_lot,63.0,296.0,19000.0,,,unverified
logistic,2026-03-31,2026-04-01,4949,buy,intraday_odd_lot,280.0,67.0,19000.0,,,unverified
logistic,2026-03-31,2026-04-01,1308,buy,regular,1000.0,18.5,19000.0,,,unverified
logistic,2026-03-31,2026-04-01,1308,buy,intraday_odd_lot,14.0,18.5,19000.0,,,unverified
logistic,2026-03-31,2026-04-01,1305,buy,regular,1000.0,17.35,19000.0,,,unverified
logistic,2026-03-31,2026-04-01,1305,buy,intraday_odd_lot,81.0,17.35,19000.0,,,unverified
logistic,2026-03-31,2026-04-01,6141,buy,intraday_odd_lot,948.0,19.8,19000.0,,,unverified
logistic,2026-03-31,2026-04-01,2344,sell,dependent_on_delivered_holdings,,,,,,unverified
logistic,2026-03-31,2026-04-01,2367,sell,dependent_on_delivered_holdings,,,,,,unverified
logistic,2026-03-31,2026-04-01,2408,sell,dependent_on_delivered_holdings,,,,,,unverified
logistic,2026-03-31,2026-04-01,2413,sell,dependent_on_delivered_holdings,,,,,,unverified
logistic,2026-03-31,2026-04-01,2485,sell,dependent_on_delivered_holdings,,,,,,unverified
logistic,2026-03-31,2026-04-01,3135,sell,dependent_on_delivered_holdings,,,,,,unverified
logistic,2026-03-31,2026-04-01,3138,sell,dependent_on_delivered_holdings,,,,,,unverified
logistic,2026-03-31,2026-04-01,3308,sell,dependent_on_delivered_holdings,,,,,,unverified
logistic,2026-03-31,2026-04-01,4764,sell,dependent_on_delivered_holdings,,,,,,unverified
logistic,2026-03-31,2026-04-01,6443,sell,dependent_on_delivered_holdings,,,,,,unverified
logistic,2026-03-31,2026-04-01,6706,sell,dependent_on_delivered_holdings,,,,,,unverified
logistic,2026-03-31,2026-04-01,8438,sell,dependent_on_delivered_holdings,,,,,,unverified
logistic,2026-04-30,2026-05-04,6830,buy,intraday_odd_lot,22.0,850.0,19000.0,,,unverified
logistic,2026-04-30,2026-05-04,4764,buy,intraday_odd_lot,72.0,258.0,19000.0,,,unverified
logistic,2026-04-30,2026-05-04,6205,buy,intraday_odd_lot,217.0,86.5,19000.0,,,unverified
logistic,2026-04-30,2026-05-04,2426,buy,intraday_odd_lot,327.0,57.3,19000.0,,,unverified
logistic,2026-04-30,2026-05-04,6715,buy,intraday_odd_lot,46.0,400.5,19000.0,,,unverified
logistic,2026-04-30,2026-05-04,1711,buy,intraday_odd_lot,332.0,56.5,19000.0,,,unverified
logistic,2026-04-30,2026-05-04,3437,buy,intraday_odd_lot,707.0,26.55,19000.0,,,unverified
logistic,2026-04-30,2026-05-04,1735,buy,intraday_odd_lot,690.0,27.2,19000.0,,,unverified
logistic,2026-04-30,2026-05-04,4960,buy,intraday_odd_lot,481.0,39.0,19000.0,,,unverified
logistic,2026-04-30,2026-05-04,6278,buy,intraday_odd_lot,111.0,168.0,19000.0,,,unverified
logistic,2026-04-30,2026-05-04,2467,buy,intraday_odd_lot,30.0,609.0,19000.0,,,unverified
logistic,2026-04-30,2026-05-04,1305,sell,dependent_on_delivered_holdings,,,,,,unverified
logistic,2026-04-30,2026-05-04,1308,sell,dependent_on_delivered_holdings,,,,,,unverified
logistic,2026-04-30,2026-05-04,1309,sell,dependent_on_delivered_holdings,,,,,,unverified
logistic,2026-04-30,2026-05-04,3006,sell,dependent_on_delivered_holdings,,,,,,unverified
logistic,2026-04-30,2026-05-04,3049,sell,dependent_on_delivered_holdings,,,,,,unverified
logistic,2026-04-30,2026-05-04,3054,sell,dependent_on_delivered_holdings,,,,,,unverified
logistic,2026-04-30,2026-05-04,3576,sell,dependent_on_delivered_holdings,,,,,,unverified
logistic,2026-04-30,2026-05-04,4949,sell,dependent_on_delivered_holdings,,,,,,unverified
logistic,2026-04-30,2026-05-04,6141,sell,dependent_on_delivered_holdings,,,,,,unverified
logistic,2026-04-30,2026-05-04,6451,sell,dependent_on_delivered_holdings,,,,,,unverified
logistic,2026-04-30,2026-05-04,8271,sell,dependent_on_delivered_holdings,,,,,,unverified
logistic,2026-05-29,2026-06-01,7610,buy,intraday_odd_lot,12.0,1475.0,19000.0,,,unverified
logistic,2026-05-29,2026-06-01,6141,buy,intraday_odd_lot,408.0,46.0,19000.0,,,unverified
logistic,2026-05-29,2026-06-01,3026,buy,intraday_odd_lot,29.0,641.0,19000.0,,,unverified
logistic,2026-05-29,2026-06-01,6531,buy,intraday_odd_lot,15.0,1190.0,19000.0,,,unverified
logistic,2026-05-29,2026-06-01,6658,buy,intraday_odd_lot,85.0,220.0,19000.0,,,unverified
logistic,2026-05-29,2026-06-01,3229,buy,intraday_odd_lot,379.0,49.5,19000.0,,,unverified
logistic,2026-05-29,2026-06-01,6834,buy,intraday_odd_lot,249.0,75.2,19000.0,,,unverified
logistic,2026-05-29,2026-06-01,3481,buy,intraday_odd_lot,368.0,51.0,19000.0,,,unverified
logistic,2026-05-29,2026-06-01,2472,buy,intraday_odd_lot,50.0,371.0,19000.0,,,unverified
logistic,2026-05-29,2026-06-01,1568,buy,intraday_odd_lot,414.0,45.35,19000.0,,,unverified
logistic,2026-05-29,2026-06-01,3016,buy,intraday_odd_lot,136.0,138.0,19000.0,,,unverified
logistic,2026-05-29,2026-06-01,2302,buy,intraday_odd_lot,500.0,37.5,19000.0,,,unverified
logistic,2026-05-29,2026-06-01,3443,buy,intraday_odd_lot,4.0,4670.0,19000.0,,,unverified
logistic,2026-05-29,2026-06-01,1711,sell,dependent_on_delivered_holdings,,,,,,unverified
logistic,2026-05-29,2026-06-01,1735,sell,dependent_on_delivered_holdings,,,,,,unverified
logistic,2026-05-29,2026-06-01,2337,sell,dependent_on_delivered_holdings,,,,,,unverified
logistic,2026-05-29,2026-06-01,2426,sell,dependent_on_delivered_holdings,,,,,,unverified
logistic,2026-05-29,2026-06-01,2467,sell,dependent_on_delivered_holdings,,,,,,unverified
logistic,2026-05-29,2026-06-01,3167,sell,dependent_on_delivered_holdings,,,,,,unverified
logistic,2026-05-29,2026-06-01,3437,sell,dependent_on_delivered_holdings,,,,,,unverified
logistic,2026-05-29,2026-06-01,4960,sell,dependent_on_delivered_holdings,,,,,,unverified
logistic,2026-05-29,2026-06-01,6205,sell,dependent_on_delivered_holdings,,,,,,unverified
logistic,2026-05-29,2026-06-01,6278,sell,dependent_on_delivered_holdings,,,,,,unverified
logistic,2026-05-29,2026-06-01,6426,sell,dependent_on_delivered_holdings,,,,,,unverified
logistic,2026-05-29,2026-06-01,6715,sell,dependent_on_delivered_holdings,,,,,,unverified
logistic,2026-05-29,2026-06-01,6830,sell,dependent_on_delivered_holdings,,,,,,unverified
logistic,2026-06-30,2026-07-01,6449,buy,intraday_odd_lot,54.0,345.0,19000.0,,,unverified
logistic,2026-06-30,2026-07-01,2492,buy,intraday_odd_lot,33.0,565.0,19000.0,,,unverified
logistic,2026-06-30,2026-07-01,2243,buy,intraday_odd_lot,329.0,57.0,19000.0,,,unverified
logistic,2026-06-30,2026-07-01,6405,buy,intraday_odd_lot,306.0,61.3,19000.0,,,unverified
logistic,2026-06-30,2026-07-01,3189,buy,intraday_odd_lot,21.0,891.0,19000.0,,,unverified
logistic,2026-06-30,2026-07-01,2426,buy,intraday_odd_lot,246.0,76.1,19000.0,,,unverified
logistic,2026-06-30,2026-07-01,2327,buy,intraday_odd_lot,16.0,1140.0,19000.0,,,unverified
logistic,2026-06-30,2026-07-01,2483,buy,intraday_odd_lot,328.0,57.1,19000.0,,,unverified
logistic,2026-06-30,2026-07-01,4919,buy,intraday_odd_lot,108.0,173.5,19000.0,,,unverified
logistic,2026-06-30,2026-07-01,3090,buy,intraday_odd_lot,58.0,322.5,19000.0,,,unverified
logistic,2026-06-30,2026-07-01,1568,sell,dependent_on_delivered_holdings,,,,,,unverified
logistic,2026-06-30,2026-07-01,2302,sell,dependent_on_delivered_holdings,,,,,,unverified
logistic,2026-06-30,2026-07-01,3016,sell,dependent_on_delivered_holdings,,,,,,unverified
logistic,2026-06-30,2026-07-01,3229,sell,dependent_on_delivered_holdings,,,,,,unverified
logistic,2026-06-30,2026-07-01,3443,sell,dependent_on_delivered_holdings,,,,,,unverified
logistic,2026-06-30,2026-07-01,3481,sell,dependent_on_delivered_holdings,,,,,,unverified
logistic,2026-06-30,2026-07-01,4764,sell,dependent_on_delivered_holdings,,,,,,unverified
logistic,2026-06-30,2026-07-01,6141,sell,dependent_on_delivered_holdings,,,,,,unverified
logistic,2026-06-30,2026-07-01,6531,sell,dependent_on_delivered_holdings,,,,,,unverified
logistic,2026-06-30,2026-07-01,6658,sell,dependent_on_delivered_holdings,,,,,,unverified
logistic,2026-07-31,2026-08-03,3532,buy,intraday_odd_lot,69.0,271.5,19000.0,,,unverified
logistic,2026-07-31,2026-08-03,2923,buy,intraday_odd_lot,535.0,35.1,19000.0,,,unverified
logistic,2026-07-31,2026-08-03,3055,buy,intraday_odd_lot,207.0,90.4,19000.0,,,unverified
logistic,2026-07-31,2026-08-03,8261,buy,intraday_odd_lot,114.0,163.5,19000.0,,,unverified
logistic,2026-07-31,2026-08-03,4764,buy,intraday_odd_lot,72.0,260.0,19000.0,,,unverified
logistic,2026-07-31,2026-08-03,6226,buy,intraday_odd_lot,958.0,19.6,19000.0,,,unverified
logistic,2026-07-31,2026-08-03,6141,buy,intraday_odd_lot,624.0,30.1,19000.0,,,unverified
logistic,2026-07-31,2026-08-03,3167,buy,intraday_odd_lot,38.0,486.0,19000.0,,,unverified
logistic,2026-07-31,2026-08-03,6715,buy,intraday_odd_lot,60.0,311.0,19000.0,,,unverified
logistic,2026-07-31,2026-08-03,6451,buy,intraday_odd_lot,55.0,341.0,19000.0,,,unverified
logistic,2026-07-31,2026-08-03,2478,buy,intraday_odd_lot,173.0,108.5,19000.0,,,unverified
logistic,2026-07-31,2026-08-03,8046,buy,intraday_odd_lot,20.0,920.0,19000.0,,,unverified
logistic,2026-07-31,2026-08-03,2243,sell,dependent_on_delivered_holdings,,,,,,unverified
logistic,2026-07-31,2026-08-03,2327,sell,dependent_on_delivered_holdings,,,,,,unverified
logistic,2026-07-31,2026-08-03,2426,sell,dependent_on_delivered_holdings,,,,,,unverified
logistic,2026-07-31,2026-08-03,2472,sell,dependent_on_delivered_holdings,,,,,,unverified
logistic,2026-07-31,2026-08-03,2483,sell,dependent_on_delivered_holdings,,,,,,unverified
logistic,2026-07-31,2026-08-03,2492,sell,dependent_on_delivered_holdings,,,,,,unverified
logistic,2026-07-31,2026-08-03,3090,sell,dependent_on_delivered_holdings,,,,,,unverified
logistic,2026-07-31,2026-08-03,3189,sell,dependent_on_delivered_holdings,,,,,,unverified
logistic,2026-07-31,2026-08-03,4919,sell,dependent_on_delivered_holdings,,,,,,unverified
logistic,2026-07-31,2026-08-03,6405,sell,dependent_on_delivered_holdings,,,,,,unverified
logistic,2026-07-31,2026-08-03,6449,sell,dependent_on_delivered_holdings,,,,,,unverified
logistic,2026-07-31,2026-08-03,6861,sell,dependent_on_delivered_holdings,,,,,,unverified
logistic,2026-08-31,2026-09-01,8039,buy,intraday_odd_lot,57.0,327.0,19000.0,,,unverified
logistic,2026-08-31,2026-09-01,2426,buy,intraday_odd_lot,192.0,97.8,19000.0,,,unverified
logistic,2026-08-31,2026-09-01,3229,buy,intraday_odd_lot,351.0,53.4,19000.0,,,unverified
logistic,2026-08-31,2026-09-01,3406,buy,intraday_odd_lot,18.0,1005.0,19000.0,,,unverified
logistic,2026-08-31,2026-09-01,3605,buy,intraday_odd_lot,135.0,139.0,19000.0,,,unverified
logistic,2026-08-31,2026-09-01,1709,buy,intraday_odd_lot,561.0,33.45,19000.0,,,unverified
logistic,2026-08-31,2026-09-01,7788,buy,intraday_odd_lot,59.0,316.0,19000.0,,,unverified
logistic,2026-08-31,2026-09-01,2464,buy,intraday_odd_lot,104.0,180.0,19000.0,,,unverified
logistic,2026-08-31,2026-09-01,2478,sell,dependent_on_delivered_holdings,,,,,,unverified
logistic,2026-08-31,2026-09-01,2923,sell,dependent_on_delivered_holdings,,,,,,unverified
logistic,2026-08-31,2026-09-01,3055,sell,dependent_on_delivered_holdings,,,,,,unverified
logistic,2026-08-31,2026-09-01,3167,sell,dependent_on_delivered_holdings,,,,,,unverified
logistic,2026-08-31,2026-09-01,4764,sell,dependent_on_delivered_holdings,,,,,,unverified
logistic,2026-08-31,2026-09-01,6451,sell,dependent_on_delivered_holdings,,,,,,unverified
logistic,2026-08-31,2026-09-01,6834,sell,dependent_on_delivered_holdings,,,,,,unverified
logistic,2026-08-31,2026-09-01,8261,sell,dependent_on_delivered_holdings,,,,,,unverified
mom60_skip5,2025-12-31,2026-01-02,8110,buy,intraday_odd_lot,328.0,57.2,19000.0,,,unverified
mom60_skip5,2025-12-31,2026-01-02,2485,buy,intraday_odd_lot,711.0,26.4,19000.0,,,unverified
mom60_skip5,2025-12-31,2026-01-02,2408,buy,intraday_odd_lot,97.0,193.0,19000.0,,,unverified
mom60_skip5,2025-12-31,2026-01-02,2344,buy,intraday_odd_lot,227.0,82.6,19000.0,,,unverified
mom60_skip5,2025-12-31,2026-01-02,5521,buy,intraday_odd_lot,804.0,23.35,19000.0,,,unverified
mom60_skip5,2025-12-31,2026-01-02,6431,buy,intraday_odd_lot,698.0,26.9,19000.0,,,unverified
mom60_skip5,2025-12-31,2026-01-02,6155,buy,intraday_odd_lot,426.0,44.05,19000.0,,,unverified
mom60_skip5,2025-12-31,2026-01-02,6443,buy,intraday_odd_lot,673.0,27.9,19000.0,,,unverified
mom60_skip5,2025-12-31,2026-01-02,8131,buy,intraday_odd_lot,290.0,64.7,19000.0,,,unverified
mom60_skip5,2025-12-31,2026-01-02,2413,buy,intraday_odd_lot,411.0,45.6,19000.0,,,unverified
mom60_skip5,2025-12-31,2026-01-02,4967,buy,intraday_odd_lot,99.0,189.0,19000.0,,,unverified
mom60_skip5,2025-12-31,2026-01-02,3229,buy,intraday_odd_lot,678.0,27.7,19000.0,,,unverified
mom60_skip5,2025-12-31,2026-01-02,2491,buy,intraday_odd_lot,943.0,19.9,19000.0,,,unverified
mom60_skip5,2025-12-31,2026-01-02,6209,buy,intraday_odd_lot,281.0,66.8,19000.0,,,unverified
mom60_skip5,2025-12-31,2026-01-02,3002,buy,intraday_odd_lot,749.0,25.05,19000.0,,,unverified
mom60_skip5,2026-01-30,2026-02-02,3135,buy,intraday_odd_lot,158.0,118.5,19000.0,,,unverified
mom60_skip5,2026-01-30,2026-02-02,8438,buy,intraday_odd_lot,326.0,57.6,19000.0,,,unverified
mom60_skip5,2026-01-30,2026-02-02,2337,buy,intraday_odd_lot,202.0,92.8,19000.0,,,unverified
mom60_skip5,2026-01-30,2026-02-02,3037,buy,intraday_odd_lot,49.0,378.5,19000.0,,,unverified
mom60_skip5,2026-01-30,2026-02-02,1528,buy,intraday_odd_lot,674.0,27.85,19000.0,,,unverified
mom60_skip5,2026-01-30,2026-02-02,2313,buy,intraday_odd_lot,111.0,169.0,19000.0,,,unverified
mom60_skip5,2026-01-30,2026-02-02,8150,buy,intraday_odd_lot,312.0,60.2,19000.0,,,unverified
mom60_skip5,2026-01-30,2026-02-02,6770,buy,intraday_odd_lot,270.0,69.5,19000.0,,,unverified
mom60_skip5,2026-01-30,2026-02-02,2344,sell,dependent_on_delivered_holdings,,,,,,unverified
mom60_skip5,2026-01-30,2026-02-02,2491,sell,dependent_on_delivered_holdings,,,,,,unverified
mom60_skip5,2026-01-30,2026-02-02,3002,sell,dependent_on_delivered_holdings,,,,,,unverified
mom60_skip5,2026-01-30,2026-02-02,3229,sell,dependent_on_delivered_holdings,,,,,,unverified
mom60_skip5,2026-01-30,2026-02-02,4967,sell,dependent_on_delivered_holdings,,,,,,unverified
mom60_skip5,2026-01-30,2026-02-02,5521,sell,dependent_on_delivered_holdings,,,,,,unverified
mom60_skip5,2026-01-30,2026-02-02,6209,sell,dependent_on_delivered_holdings,,,,,,unverified
mom60_skip5,2026-01-30,2026-02-02,6431,sell,dependent_on_delivered_holdings,,,,,,unverified
mom60_skip5,2026-02-26,2026-03-02,3576,buy,intraday_odd_lot,850.0,22.1,19000.0,,,unverified
mom60_skip5,2026-02-26,2026-03-02,2367,buy,intraday_odd_lot,291.0,64.5,19000.0,,,unverified
mom60_skip5,2026-02-26,2026-03-02,6426,buy,intraday_odd_lot,98.0,191.5,19000.0,,,unverified
mom60_skip5,2026-02-26,2026-03-02,6515,buy,intraday_odd_lot,3.0,5115.0,19000.0,,,unverified
mom60_skip5,2026-02-26,2026-03-02,3189,buy,intraday_odd_lot,59.0,314.5,19000.0,,,unverified
mom60_skip5,2026-02-26,2026-03-02,8996,buy,intraday_odd_lot,21.0,879.0,19000.0,,,unverified
mom60_skip5,2026-02-26,2026-03-02,2344,buy,intraday_odd_lot,153.0,122.5,19000.0,,,unverified
mom60_skip5,2026-02-26,2026-03-02,3138,buy,intraday_odd_lot,94.0,198.0,19000.0,,,unverified
mom60_skip5,2026-02-26,2026-03-02,1528,sell,dependent_on_delivered_holdings,,,,,,unverified
mom60_skip5,2026-02-26,2026-03-02,2408,sell,dependent_on_delivered_holdings,,,,,,unverified
mom60_skip5,2026-02-26,2026-03-02,2413,sell,dependent_on_delivered_holdings,,,,,,unverified
mom60_skip5,2026-02-26,2026-03-02,6155,sell,dependent_on_delivered_holdings,,,,,,unverified
mom60_skip5,2026-02-26,2026-03-02,6770,sell,dependent_on_delivered_holdings,,,,,,unverified
mom60_skip5,2026-02-26,2026-03-02,8110,sell,dependent_on_delivered_holdings,,,,,,unverified
mom60_skip5,2026-02-26,2026-03-02,8131,sell,dependent_on_delivered_holdings,,,,,,unverified
mom60_skip5,2026-02-26,2026-03-02,8150,sell,dependent_on_delivered_holdings,,,,,,unverified
mom60_skip5,2026-03-31,2026-04-01,7610,buy,intraday_odd_lot,53.0,351.0,19000.0,,,unverified
mom60_skip5,2026-03-31,2026-04-01,6715,buy,intraday_odd_lot,60.0,309.5,19000.0,,,unverified
mom60_skip5,2026-03-31,2026-04-01,6861,buy,intraday_odd_lot,149.0,126.0,19000.0,,,unverified
mom60_skip5,2026-03-31,2026-04-01,6830,buy,intraday_odd_lot,40.0,467.5,19000.0,,,unverified
mom60_skip5,2026-03-31,2026-04-01,3054,buy,intraday_odd_lot,277.0,67.6,19000.0,,,unverified
mom60_skip5,2026-03-31,2026-04-01,2344,sell,dependent_on_delivered_holdings,,,,,,unverified
mom60_skip5,2026-03-31,2026-04-01,3138,sell,dependent_on_delivered_holdings,,,,,,unverified
mom60_skip5,2026-03-31,2026-04-01,6426,sell,dependent_on_delivered_holdings,,,,,,unverified
mom60_skip5,2026-03-31,2026-04-01,6443,sell,dependent_on_delivered_holdings,,,,,,unverified
mom60_skip5,2026-03-31,2026-04-01,8996,sell,dependent_on_delivered_holdings,,,,,,unverified
mom60_skip5,2026-04-30,2026-05-04,6451,buy,intraday_odd_lot,43.0,431.0,19000.0,,,unverified
mom60_skip5,2026-04-30,2026-05-04,4960,buy,intraday_odd_lot,481.0,39.0,19000.0,,,unverified
mom60_skip5,2026-04-30,2026-05-04,3167,buy,intraday_odd_lot,21.0,861.0,19000.0,,,unverified
mom60_skip5,2026-04-30,2026-05-04,3583,buy,intraday_odd_lot,23.0,792.0,19000.0,,,unverified
mom60_skip5,2026-04-30,2026-05-04,7750,buy,intraday_odd_lot,7.0,2575.0,19000.0,,,unverified
mom60_skip5,2026-04-30,2026-05-04,6426,buy,intraday_odd_lot,84.0,223.5,19000.0,,,unverified
mom60_skip5,2026-04-30,2026-05-04,2426,buy,intraday_odd_lot,327.0,57.3,19000.0,,,unverified
mom60_skip5,2026-04-30,2026-05-04,4919,buy,intraday_odd_lot,127.0,147.5,19000.0,,,unverified
mom60_skip5,2026-04-30,2026-05-04,6141,buy,intraday_odd_lot,578.0,32.5,19000.0,,,unverified
mom60_skip5,2026-04-30,2026-05-04,1711,buy,intraday_odd_lot,332.0,56.5,19000.0,,,unverified
mom60_skip5,2026-04-30,2026-05-04,2313,sell,dependent_on_delivered_holdings,,,,,,unverified
mom60_skip5,2026-04-30,2026-05-04,2337,sell,dependent_on_delivered_holdings,,,,,,unverified
mom60_skip5,2026-04-30,2026-05-04,2367,sell,dependent_on_delivered_holdings,,,,,,unverified
mom60_skip5,2026-04-30,2026-05-04,2485,sell,dependent_on_delivered_holdings,,,,,,unverified
mom60_skip5,2026-04-30,2026-05-04,3037,sell,dependent_on_delivered_holdings,,,,,,unverified
mom60_skip5,2026-04-30,2026-05-04,3054,sell,dependent_on_delivered_holdings,,,,,,unverified
mom60_skip5,2026-04-30,2026-05-04,3135,sell,dependent_on_delivered_holdings,,,,,,unverified
mom60_skip5,2026-04-30,2026-05-04,3189,sell,dependent_on_delivered_holdings,,,,,,unverified
mom60_skip5,2026-04-30,2026-05-04,3576,sell,dependent_on_delivered_holdings,,,,,,unverified
mom60_skip5,2026-04-30,2026-05-04,8438,sell,dependent_on_delivered_holdings,,,,,,unverified
mom60_skip5,2026-05-29,2026-06-01,3026,buy,intraday_odd_lot,29.0,641.0,19000.0,,,unverified
mom60_skip5,2026-05-29,2026-06-01,6658,buy,intraday_odd_lot,85.0,220.0,19000.0,,,unverified
mom60_skip5,2026-05-29,2026-06-01,4958,buy,intraday_odd_lot,36.0,515.0,19000.0,,,unverified
mom60_skip5,2026-05-29,2026-06-01,6831,buy,intraday_odd_lot,25.0,742.0,19000.0,,,unverified
mom60_skip5,2026-05-29,2026-06-01,4764,buy,intraday_odd_lot,61.0,305.5,19000.0,,,unverified
mom60_skip5,2026-05-29,2026-06-01,6278,buy,intraday_odd_lot,85.0,221.0,19000.0,,,unverified
mom60_skip5,2026-05-29,2026-06-01,1711,sell,dependent_on_delivered_holdings,,,,,,unverified
mom60_skip5,2026-05-29,2026-06-01,6141,sell,dependent_on_delivered_holdings,,,,,,unverified
mom60_skip5,2026-05-29,2026-06-01,6426,sell,dependent_on_delivered_holdings,,,,,,unverified
mom60_skip5,2026-05-29,2026-06-01,6515,sell,dependent_on_delivered_holdings,,,,,,unverified
mom60_skip5,2026-05-29,2026-06-01,6830,sell,dependent_on_delivered_holdings,,,,,,unverified
mom60_skip5,2026-05-29,2026-06-01,7750,sell,dependent_on_delivered_holdings,,,,,,unverified
mom60_skip5,2026-06-30,2026-07-01,2492,buy,intraday_odd_lot,33.0,565.0,19000.0,,,unverified
mom60_skip5,2026-06-30,2026-07-01,2327,buy,intraday_odd_lot,16.0,1140.0,19000.0,,,unverified
mom60_skip5,2026-06-30,2026-07-01,2478,buy,intraday_odd_lot,83.0,225.5,19000.0,,,unverified
mom60_skip5,2026-06-30,2026-07-01,6834,buy,intraday_odd_lot,157.0,119.0,19000.0,,,unverified
mom60_skip5,2026-06-30,2026-07-01,3090,buy,intraday_odd_lot,58.0,322.5,19000.0,,,unverified
mom60_skip5,2026-06-30,2026-07-01,2454,buy,intraday_odd_lot,4.0,4245.0,19000.0,,,unverified
mom60_skip5,2026-06-30,2026-07-01,4807,buy,intraday_odd_lot,517.0,36.3,19000.0,,,unverified
mom60_skip5,2026-06-30,2026-07-01,2303,buy,intraday_odd_lot,114.0,164.5,19000.0,,,unverified
mom60_skip5,2026-06-30,2026-07-01,3016,buy,intraday_odd_lot,140.0,133.5,19000.0,,,unverified
mom60_skip5,2026-06-30,2026-07-01,3532,buy,intraday_odd_lot,51.0,364.0,19000.0,,,unverified
mom60_skip5,2026-06-30,2026-07-01,2491,buy,intraday_odd_lot,467.0,40.15,19000.0,,,unverified
mom60_skip5,2026-06-30,2026-07-01,2426,sell,dependent_on_delivered_holdings,,,,,,unverified
mom60_skip5,2026-06-30,2026-07-01,3167,sell,dependent_on_delivered_holdings,,,,,,unverified
mom60_skip5,2026-06-30,2026-07-01,3583,sell,dependent_on_delivered_holdings,,,,,,unverified
mom60_skip5,2026-06-30,2026-07-01,4919,sell,dependent_on_delivered_holdings,,,,,,unverified
mom60_skip5,2026-06-30,2026-07-01,4958,sell,dependent_on_delivered_holdings,,,,,,unverified
mom60_skip5,2026-06-30,2026-07-01,4960,sell,dependent_on_delivered_holdings,,,,,,unverified
mom60_skip5,2026-06-30,2026-07-01,6278,sell,dependent_on_delivered_holdings,,,,,,unverified
mom60_skip5,2026-06-30,2026-07-01,6451,sell,dependent_on_delivered_holdings,,,,,,unverified
mom60_skip5,2026-06-30,2026-07-01,6658,sell,dependent_on_delivered_holdings,,,,,,unverified
mom60_skip5,2026-06-30,2026-07-01,6715,sell,dependent_on_delivered_holdings,,,,,,unverified
mom60_skip5,2026-06-30,2026-07-01,6831,sell,dependent_on_delivered_holdings,,,,,,unverified
mom60_skip5,2026-07-31,2026-08-03,2302,buy,intraday_odd_lot,511.0,36.75,19000.0,,,unverified
mom60_skip5,2026-07-31,2026-08-03,6166,buy,intraday_odd_lot,166.0,113.0,19000.0,,,unverified
mom60_skip5,2026-07-31,2026-08-03,2434,buy,intraday_odd_lot,353.0,53.2,19000.0,,,unverified
mom60_skip5,2026-07-31,2026-08-03,6446,buy,intraday_odd_lot,17.0,1060.0,19000.0,,,unverified
mom60_skip5,2026-07-31,2026-08-03,2305,buy,intraday_odd_lot,624.0,30.1,19000.0,,,unverified
mom60_skip5,2026-07-31,2026-08-03,2243,buy,intraday_odd_lot,452.0,41.55,19000.0,,,unverified
mom60_skip5,2026-07-31,2026-08-03,1303,buy,intraday_odd_lot,117.0,159.5,19000.0,,,unverified
mom60_skip5,2026-07-31,2026-08-03,8261,buy,intraday_odd_lot,114.0,163.5,19000.0,,,unverified
mom60_skip5,2026-07-31,2026-08-03,3481,buy,intraday_odd_lot,412.0,45.5,19000.0,,,unverified
mom60_skip5,2026-07-31,2026-08-03,8039,buy,intraday_odd_lot,108.0,173.5,19000.0,,,unverified
mom60_skip5,2026-07-31,2026-08-03,2303,sell,dependent_on_delivered_holdings,,,,,,unverified
mom60_skip5,2026-07-31,2026-08-03,2454,sell,dependent_on_delivered_holdings,,,,,,unverified
mom60_skip5,2026-07-31,2026-08-03,2478,sell,dependent_on_delivered_holdings,,,,,,unverified
mom60_skip5,2026-07-31,2026-08-03,2491,sell,dependent_on_delivered_holdings,,,,,,unverified
mom60_skip5,2026-07-31,2026-08-03,3016,sell,dependent_on_delivered_holdings,,,,,,unverified
mom60_skip5,2026-07-31,2026-08-03,3090,sell,dependent_on_delivered_holdings,,,,,,unverified
mom60_skip5,2026-07-31,2026-08-03,3532,sell,dependent_on_delivered_holdings,,,,,,unverified
mom60_skip5,2026-07-31,2026-08-03,4764,sell,dependent_on_delivered_holdings,,,,,,unverified
mom60_skip5,2026-07-31,2026-08-03,4807,sell,dependent_on_delivered_holdings,,,,,,unverified
mom60_skip5,2026-07-31,2026-08-03,6861,sell,dependent_on_delivered_holdings,,,,,,unverified
mom60_skip5,2026-08-31,2026-09-01,2059,buy,intraday_odd_lot,1.0,14180.0,19000.0,,,unverified
mom60_skip5,2026-08-31,2026-09-01,2466,buy,intraday_odd_lot,189.0,99.0,19000.0,,,unverified
mom60_skip5,2026-08-31,2026-09-01,6213,buy,intraday_odd_lot,34.0,548.0,19000.0,,,unverified
mom60_skip5,2026-08-31,2026-09-01,6226,buy,intraday_odd_lot,594.0,31.6,19000.0,,,unverified
mom60_skip5,2026-08-31,2026-09-01,1709,buy,intraday_odd_lot,561.0,33.45,19000.0,,,unverified
mom60_skip5,2026-08-31,2026-09-01,2615,buy,intraday_odd_lot,164.0,114.0,19000.0,,,unverified
mom60_skip5,2026-08-31,2026-09-01,3605,buy,intraday_odd_lot,135.0,139.0,19000.0,,,unverified
mom60_skip5,2026-08-31,2026-09-01,2634,buy,intraday_odd_lot,280.0,66.9,19000.0,,,unverified
mom60_skip5,2026-08-31,2026-09-01,9921,buy,intraday_odd_lot,184.0,102.0,19000.0,,,unverified
mom60_skip5,2026-08-31,2026-09-01,7795,buy,intraday_odd_lot,36.0,508.0,19000.0,,,unverified
mom60_skip5,2026-08-31,2026-09-01,2546,buy,intraday_odd_lot,176.0,106.5,19000.0,,,unverified
mom60_skip5,2026-08-31,2026-09-01,2243,sell,dependent_on_delivered_holdings,,,,,,unverified
mom60_skip5,2026-08-31,2026-09-01,2302,sell,dependent_on_delivered_holdings,,,,,,unverified
mom60_skip5,2026-08-31,2026-09-01,2305,sell,dependent_on_delivered_holdings,,,,,,unverified
mom60_skip5,2026-08-31,2026-09-01,2327,sell,dependent_on_delivered_holdings,,,,,,unverified
mom60_skip5,2026-08-31,2026-09-01,2492,sell,dependent_on_delivered_holdings,,,,,,unverified
mom60_skip5,2026-08-31,2026-09-01,3026,sell,dependent_on_delivered_holdings,,,,,,unverified
mom60_skip5,2026-08-31,2026-09-01,3481,sell,dependent_on_delivered_holdings,,,,,,unverified
mom60_skip5,2026-08-31,2026-09-01,6166,sell,dependent_on_delivered_holdings,,,,,,unverified
mom60_skip5,2026-08-31,2026-09-01,6834,sell,dependent_on_delivered_holdings,,,,,,unverified
mom60_skip5,2026-08-31,2026-09-01,7610,sell,dependent_on_delivered_holdings,,,,,,unverified
mom60_skip5,2026-08-31,2026-09-01,8261,sell,dependent_on_delivered_holdings,,,,,,unverified
