date,event_id,symbol,event_type,status,held_rows,distinct_methods,methods,first_gate_for,classification
2025-08-07,exrights:1713:20250807,1713,exrights,unresolved,1,1,equal,,conditional_candidate
2025-08-07,exrights:2886:20250807,2886,exrights,unresolved,1,1,equal,equal,confirmed_first_gate
2025-08-07,exrights:2892:20250807,2892,exrights,unresolved,1,1,equal,,conditional_candidate
2025-08-07,exrights:3056:20250807,3056,exrights,unresolved,1,1,equal,,conditional_candidate
2025-08-07,exrights:5288:20250807,5288,exrights,unresolved,1,1,equal,,conditional_candidate
2025-08-07,exrights:6869:20250807,6869,exrights,unresolved,1,1,equal,,conditional_candidate
2025-08-08,exrights:1210:20250808,1210,exrights,unresolved,1,1,equal,,conditional_candidate
2025-08-08,exrights:9958:20250808,9958,exrights,unresolved,1,1,equal,,conditional_candidate
2025-08-11,exrights:1795:20250811,1795,exrights,unresolved,1,1,equal,,conditional_candidate
2025-08-11,exrights:3033:20250811,3033,exrights,unresolved,1,1,equal,,conditional_candidate
2025-08-11,exrights:6446:20250811,6446,exrights,unresolved,1,1,equal,,conditional_candidate
2025-08-12,bonus_certificate:2855:2025-08-12,2855,bonus_certificate,unresolved_certificate_quote,1,1,equal,,conditional_candidate
2025-08-12,exrights:1563:20250812,1563,exrights,unresolved,1,1,equal,,conditional_candidate
2025-08-12,exrights:2885:20250812,2885,exrights,unresolved,1,1,equal,,conditional_candidate
2025-08-12,exrights:2887:20250812,2887,exrights,unresolved,1,1,equal,,conditional_candidate
2025-08-12,exrights:3209:20250812,3209,exrights,unresolved,1,1,equal,,conditional_candidate
2025-08-13,exrights:2812:20250813,2812,exrights,unresolved,1,1,equal,,conditional_candidate
2025-08-13,exrights:2880:20250813,2880,exrights,unresolved,1,1,equal,,conditional_candidate
2025-08-13,exrights:5880:20250813,5880,exrights,unresolved,1,1,equal,,conditional_candidate
2025-08-14,exrights:2476:20250814,2476,exrights,unresolved,1,1,equal,,conditional_candidate
2025-08-14,exrights:3008:20250814,3008,exrights,unresolved,1,1,equal,,conditional_candidate
2025-08-14,exrights:5203:20250814,5203,exrights,unresolved,1,1,equal,,conditional_candidate
2025-08-15,exrights:1477:20250815,1477,exrights,unresolved,1,1,equal,,conditional_candidate
2025-08-15,exrights:3535:20250815,3535,exrights,unresolved,2,2,equal|momentum_60_skip5,momentum_60_skip5,confirmed_first_gate
2025-08-15,exrights:5222:20250815,5222,exrights,unresolved,1,1,equal,,conditional_candidate
2025-08-15,exrights:6117:20250815,6117,exrights,unresolved,1,1,equal,,conditional_candidate
2025-08-18,exrights:1618:20250818,1618,exrights,unresolved,1,1,equal,,conditional_candidate
2025-08-18,exrights:6282:20250818,6282,exrights,unresolved,1,1,equal,,conditional_candidate
2025-08-18,exrights:6799:20250818,6799,exrights,unresolved,1,1,equal,,conditional_candidate
2025-08-19,exrights:1537:20250819,1537,exrights,unresolved,1,1,equal,,conditional_candidate
2025-08-19,exrights:2301:20250819,2301,exrights,unresolved,1,1,equal,,conditional_candidate
2025-08-19,exrights:3017:20250819,3017,exrights,unresolved,2,2,equal|momentum_60_skip5,,conditional_candidate
2025-08-21,exrights:1231:20250821,1231,exrights,unresolved,1,1,equal,,conditional_candidate
2025-08-21,exrights:1442:20250821,1442,exrights,unresolved,1,1,equal,,conditional_candidate
2025-08-21,exrights:2201:20250821,2201,exrights,unresolved,1,1,equal,,conditional_candidate
2025-08-21,exrights:2472:20250821,2472,exrights,unresolved,1,1,equal,,conditional_candidate
2025-08-21,exrights:2890:20250821,2890,exrights,unresolved,1,1,equal,,conditional_candidate
2025-08-21,exrights:3023:20250821,3023,exrights,unresolved,1,1,equal,,conditional_candidate
2025-08-21,exrights:4746:20250821,4746,exrights,unresolved,1,1,equal,,conditional_candidate
2025-08-21,exrights:6806:20250821,6806,exrights,unresolved,1,1,equal,,conditional_candidate
2025-08-21,exrights:8454:20250821,8454,exrights,unresolved,1,1,equal,,conditional_candidate
2025-08-22,exrights:2428:20250822,2428,exrights,unresolved,1,1,equal,,conditional_candidate
2025-08-25,exrights:2377:20250825,2377,exrights,unresolved,1,1,equal,,conditional_candidate
2025-08-25,par_change:2327:20250825,2327,par_change,unresolved,1,1,equal,,conditional_candidate
2025-08-26,exrights:1409:20250826,1409,exrights,unresolved,1,1,equal,,conditional_candidate
2025-08-26,exrights:1529:20250826,1529,exrights,unresolved,1,1,equal,,conditional_candidate
2025-08-26,exrights:2420:20250826,2420,exrights,unresolved,1,1,equal,,conditional_candidate
2025-08-26,exrights:3622:20250826,3622,exrights,unresolved,1,1,equal,,conditional_candidate
2025-08-26,exrights:9921:20250826,9921,exrights,unresolved,1,1,equal,,conditional_candidate
2025-08-28,exrights:1513:20250828,1513,exrights,unresolved,1,1,equal,,conditional_candidate
2025-08-28,exrights:1603:20250828,1603,exrights,unresolved,1,1,equal,,conditional_candidate
2025-08-28,exrights:2059:20250828,2059,exrights,unresolved,2,2,equal|momentum_60_skip5,,conditional_candidate
2025-08-28,exrights:2383:20250828,2383,exrights,unresolved,2,2,equal|momentum_60_skip5,,conditional_candidate
2025-08-28,exrights:2439:20250828,2439,exrights,unresolved,1,1,equal,,conditional_candidate
2025-08-28,exrights:2441:20250828,2441,exrights,unresolved,1,1,equal,,conditional_candidate
2025-08-28,exrights:2468:20250828,2468,exrights,unresolved,1,1,equal,,conditional_candidate
2025-08-28,exrights:2539:20250828,2539,exrights,unresolved,1,1,equal,,conditional_candidate
2025-08-28,exrights:3025:20250828,3025,exrights,unresolved,1,1,equal,,conditional_candidate
2025-08-28,exrights:3167:20250828,3167,exrights,unresolved,2,2,equal|momentum_60_skip5,,conditional_candidate
2025-08-28,exrights:3706:20250828,3706,exrights,unresolved,2,2,equal|momentum_60_skip5,,conditional_candidate
2025-08-28,exrights:4968:20250828,4968,exrights,unresolved,1,1,equal,,conditional_candidate
2025-08-28,exrights:5534:20250828,5534,exrights,unresolved,1,1,equal,,conditional_candidate
2025-08-29,exrights:2367:20250829,2367,exrights,unresolved,1,1,equal,,conditional_candidate
2025-08-29,exrights:2883:20250829,2883,exrights,unresolved,1,1,equal,,conditional_candidate
2025-08-29,exrights:3052:20250829,3052,exrights,unresolved,1,1,equal,,conditional_candidate
2025-09-01,exrights:3528:20250901,3528,exrights,unresolved,1,1,equal,,conditional_candidate
2025-09-01,exrights:4306:20250901,4306,exrights,unresolved,1,1,equal,,conditional_candidate
2025-09-01,exrights:6591:20250901,6591,exrights,unresolved,2,2,equal|momentum_60_skip5,,conditional_candidate
2025-09-02,exrights:1722:20250902,1722,exrights,unresolved,1,1,equal,,conditional_candidate
2025-09-02,exrights:2543:20250902,2543,exrights,unresolved,1,1,equal,,conditional_candidate
2025-09-02,exrights:2845:20250902,2845,exrights,unresolved,1,1,equal,,conditional_candidate
2025-09-02,exrights:3661:20250902,3661,exrights,unresolved,1,1,equal,,conditional_candidate
2025-09-02,exrights:5243:20250902,5243,exrights,unresolved,1,1,equal,,conditional_candidate
2025-09-02,exrights:9941:20250902,9941,exrights,unresolved,1,1,equal,,conditional_candidate
2025-09-03,exrights:6426:20250903,6426,exrights,unresolved,1,1,equal,,conditional_candidate
2025-09-04,exrights:2493:20250904,2493,exrights,unresolved,4,4,equal|hist_gradient_boosting|logistic|momentum_60_skip5,hist_gradient_boosting|logistic,confirmed_first_gate
2025-09-04,exrights:3059:20250904,3059,exrights,unresolved,1,1,equal,,conditional_candidate
2025-09-04,exrights:3605:20250904,3605,exrights,unresolved,2,2,equal|momentum_60_skip5,,conditional_candidate
2025-09-04,exrights:4736:20250904,4736,exrights,unresolved,1,1,equal,,conditional_candidate
2025-09-04,exrights:6139:20250904,6139,exrights,unresolved,1,1,equal,,conditional_candidate
2025-09-04,exrights:7722:20250904,7722,exrights,unresolved,1,1,equal,,conditional_candidate
2025-09-08,exrights:2530:20250908,2530,exrights,unresolved,2,2,equal|hist_gradient_boosting,,conditional_candidate
2025-09-08,exrights:3545:20250908,3545,exrights,unresolved,1,1,equal,,conditional_candidate
2025-09-09,exrights:1514:20250909,1514,exrights,unresolved,1,1,equal,,conditional_candidate
2025-09-09,exrights:2442:20250909,2442,exrights,unresolved,1,1,equal,,conditional_candidate
2025-09-09,exrights:6133:20250909,6133,exrights,unresolved,2,2,equal|logistic,,conditional_candidate
2025-09-10,exrights:2379:20250910,2379,exrights,unresolved,1,1,equal,,conditional_candidate
2025-09-11,exrights:6446:20250911,6446,exrights,unresolved,1,1,equal,,conditional_candidate
2025-09-15,exrights:9802:20250915,9802,exrights,unresolved,1,1,equal,,conditional_candidate
2025-09-15,reduction:2101:20250915,2101,reduction,unresolved,1,1,equal,,conditional_candidate
2025-09-16,exrights:2330:20250916,2330,exrights,unresolved,1,1,equal,,conditional_candidate
2025-09-16,exrights:5306:20250916,5306,exrights,unresolved,1,1,equal,,conditional_candidate
2025-09-16,exrights:8104:20250916,8104,exrights,unresolved,1,1,equal,,conditional_candidate
2025-09-17,exrights:2374:20250917,2374,exrights,unresolved,2,2,equal|momentum_60_skip5,,conditional_candidate
2025-09-17,exrights:2488:20250917,2488,exrights,unresolved,1,1,equal,,conditional_candidate
2025-09-18,exrights:6757:20250918,6757,exrights,unresolved,1,1,equal,,conditional_candidate
2025-09-19,exrights:1528:20250919,1528,exrights,unresolved,3,3,equal|logistic|momentum_60_skip5,,conditional_candidate
2025-09-23,exrights:1590:20250923,1590,exrights,unresolved,1,1,equal,,conditional_candidate
2025-09-23,exrights:4912:20250923,4912,exrights,unresolved,1,1,equal,,conditional_candidate
2025-09-25,exrights:1808:20250925,1808,exrights,unresolved,1,1,equal,,conditional_candidate
2025-09-25,exrights:2458:20250925,2458,exrights,unresolved,1,1,equal,,conditional_candidate
2025-09-25,exrights:2542:20250925,2542,exrights,unresolved,1,1,equal,,conditional_candidate
2025-09-25,exrights:2881:20250925,2881,exrights,unresolved,1,1,equal,,conditional_candidate
2025-09-30,exrights:2540:20250930,2540,exrights,unresolved,1,1,equal,,conditional_candidate
2025-09-30,exrights:3312:20250930,3312,exrights,unresolved,1,1,equal,,conditional_candidate
2025-09-30,reduction:6120:20250930,6120,reduction,unresolved,1,1,equal,,conditional_candidate
2025-10-01,delisting:2809:2025-10-01,2809,delisting,unresolved,1,1,equal,,conditional_candidate
2025-10-02,exrights:4967:20251002,4967,exrights,unresolved,1,1,equal,,conditional_candidate
2025-10-03,exrights:3356:20251003,3356,exrights,unresolved,1,1,equal,,conditional_candidate
2025-10-07,exrights:1256:20251007,1256,exrights,unresolved,3,3,equal|logistic|momentum_60_skip5,,conditional_candidate
2025-10-07,exrights:3004:20251007,3004,exrights,unresolved,1,1,equal,,conditional_candidate
2025-10-07,exrights:3701:20251007,3701,exrights,unresolved,1,1,equal,,conditional_candidate
2025-10-07,exrights:6533:20251007,6533,exrights,unresolved,1,1,equal,,conditional_candidate
2025-10-07,reduction:2352:20251007,2352,reduction,unresolved,1,1,equal,,conditional_candidate
2025-10-07,reduction:2489:20251007,2489,reduction,unresolved,2,2,equal|hist_gradient_boosting,,conditional_candidate
2025-10-07,reduction:2607:20251007,2607,reduction,unresolved,1,1,equal,,conditional_candidate
2025-10-07,reduction:9924:20251007,9924,reduction,unresolved,1,1,equal,,conditional_candidate
2025-10-17,exrights:2236:20251017,2236,exrights,unresolved,1,1,equal,,conditional_candidate
2025-10-20,exrights:2465:20251020,2465,exrights,unresolved,1,1,equal,,conditional_candidate
2025-10-20,reduction:2314:20251020,2314,reduction,unresolved,1,1,equal,,conditional_candidate
2025-10-22,exrights:1589:20251022,1589,exrights,unresolved,2,2,equal|logistic,,conditional_candidate
2025-10-23,exrights:2543:20251023,2543,exrights,unresolved,1,1,equal,,conditional_candidate
2025-10-27,exrights:2489:20251027,2489,exrights,unresolved,2,2,equal|hist_gradient_boosting,,conditional_candidate
2025-10-28,exrights:2812:20251028,2812,exrights,unresolved,1,1,equal,,conditional_candidate
2025-11-03,reduction:2832:20251103,2832,reduction,unresolved,1,1,equal,,conditional_candidate
2025-11-04,exrights:3563:20251104,3563,exrights,unresolved,1,1,equal,,conditional_candidate
2025-11-10,exrights:2515:20251110,2515,exrights,unresolved,2,2,equal|hist_gradient_boosting,,conditional_candidate
2025-11-14,exrights:3037:20251114,3037,exrights,unresolved,1,1,equal,,conditional_candidate
2025-11-17,par_change:8422:20251117,8422,par_change,unresolved,1,1,equal,,conditional_candidate
2025-11-24,reduction:1808:20251124,1808,reduction,unresolved,2,2,equal|hist_gradient_boosting,,conditional_candidate
2025-11-24,reduction:9927:20251124,9927,reduction,unresolved,1,1,equal,,conditional_candidate
2025-11-27,exrights:2762:20251127,2762,exrights,unresolved,1,1,equal,,conditional_candidate
2025-12-04,exrights:3004:20251204,3004,exrights,unresolved,1,1,equal,,conditional_candidate
2025-12-08,reduction:8103:20251208,8103,reduction,unresolved,3,3,equal|logistic|momentum_60_skip5,,conditional_candidate
2025-12-09,exrights:2530:20251209,2530,exrights,unresolved,1,1,equal,,conditional_candidate
2025-12-09,exrights:3715:20251209,3715,exrights,unresolved,2,2,equal|logistic,,conditional_candidate
2025-12-10,exrights:2236:20251210,2236,exrights,unresolved,2,2,equal|hist_gradient_boosting,,conditional_candidate
2025-12-10,exrights:6949:20251210,6949,exrights,unresolved,2,2,equal|hist_gradient_boosting,,conditional_candidate
2025-12-11,exrights:2330:20251211,2330,exrights,unresolved,1,1,equal,,conditional_candidate
2025-12-11,exrights:6438:20251211,6438,exrights,unresolved,1,1,equal,,conditional_candidate
2025-12-17,exrights:3543:20251217,3543,exrights,unresolved,4,4,equal|hist_gradient_boosting|logistic|momentum_60_skip5,,conditional_candidate
2025-12-18,exrights:4739:20251218,4739,exrights,unresolved,1,1,equal,,conditional_candidate
2025-12-18,exrights:8070:20251218,8070,exrights,unresolved,1,1,equal,,conditional_candidate
2025-12-19,exrights:8467:20251219,8467,exrights,unresolved,1,1,equal,,conditional_candidate
2025-12-22,exrights:5306:20251222,5306,exrights,unresolved,1,1,equal,,conditional_candidate
2025-12-22,exrights:6931:20251222,6931,exrights,unresolved,3,3,equal|hist_gradient_boosting|logistic,,conditional_candidate
2025-12-23,exrights:2474:20251223,2474,exrights,unresolved,1,1,equal,,conditional_candidate
2025-12-23,exrights:4912:20251223,4912,exrights,unresolved,1,1,equal,,conditional_candidate
2025-12-24,exrights:2753:20251224,2753,exrights,unresolved,1,1,equal,,conditional_candidate
