year,dataset,metric,comparison,days,block_days,observed_gap,q025,q975,fraction_nonpositive
2024,surge,top10_hit,logistic-volatility20,242,20,0.015284846957308869,0.00631922514336597,0.024726179904415425,0.0004
2024,surge,top10_hit,logistic-volatility20,242,40,0.015284846957308869,0.0073045668913359766,0.023650401362858984,0.0
2024,surge,top10_hit,logistic-atr14,242,20,0.009342178665169199,-0.0025918786286936394,0.02163138217701859,0.068
2024,surge,top10_hit,logistic-atr14,242,40,0.009342178665169199,-0.003190341286311522,0.02229440725234665,0.0714
2024,entry,target_rate,logistic-volatility20,242,20,0.012607504403284913,-0.00046032542412156695,0.024854990087619787,0.0292
2024,entry,target_rate,logistic-volatility20,242,40,0.012607504403284913,0.0012446974672112514,0.023905559322922817,0.0136
2024,entry,barrier_net50bp,logistic-volatility20,242,20,0.0025318089443714495,-0.0008795837787835017,0.005894354004746229,0.0782
2024,entry,barrier_net50bp,logistic-volatility20,242,40,0.0025318089443714495,-0.0005360856586086386,0.005472231742453815,0.0502
2024,entry,fixed20_relative50bp,logistic-volatility20,242,20,0.0019333666093487622,-0.002753974482743454,0.0069014029792738895,0.206
2024,entry,fixed20_relative50bp,logistic-volatility20,242,40,0.0019333666093487622,-0.002050125143352612,0.006308460577488816,0.1944
2024,entry,target_rate,logistic-atr14,242,20,0.004015919266910697,-0.011230587289564997,0.018291148732248602,0.2968
2024,entry,target_rate,logistic-atr14,242,40,0.004015919266910697,-0.010775002340600009,0.017924060797198216,0.29
2024,entry,barrier_net50bp,logistic-atr14,242,20,0.0012267625137801395,-0.0031514142626456244,0.005267263960756318,0.2842
2024,entry,barrier_net50bp,logistic-atr14,242,40,0.0012267625137801395,-0.003074069944148831,0.004983285557264986,0.2678
2024,entry,fixed20_relative50bp,logistic-atr14,242,20,0.0012756512703162145,-0.0046729717190549525,0.007734404346416057,0.3406
2024,entry,fixed20_relative50bp,logistic-atr14,242,40,0.0012756512703162145,-0.0050013147001883975,0.007309600697759023,0.338
2025,surge,top10_hit,logistic-volatility20,223,20,0.012852597338876014,-0.002328606619415194,0.027600371927484046,0.0498
2025,surge,top10_hit,logistic-volatility20,223,40,0.012852597338876014,-0.001709968360901739,0.026555704962369697,0.0418
2025,surge,top10_hit,logistic-atr14,223,20,0.0064928149303629945,-0.008657751104432945,0.019076117459923984,0.1698
2025,surge,top10_hit,logistic-atr14,223,40,0.0064928149303629945,-0.00794389469051059,0.01770853695749852,0.171
2025,entry,target_rate,logistic-volatility20,213,20,0.012421866351963835,-0.006316248532464087,0.029717901225100207,0.0948
2025,entry,target_rate,logistic-volatility20,213,40,0.012421866351963835,-0.0069174450003254865,0.028288359375074953,0.0956
2025,entry,barrier_net50bp,logistic-volatility20,213,20,-0.00032448315662047205,-0.005280814514814183,0.004420602667660132,0.5466
2025,entry,barrier_net50bp,logistic-volatility20,213,40,-0.00032448315662047205,-0.0052360962155007604,0.004061921748623509,0.5418
2025,entry,fixed20_relative50bp,logistic-volatility20,213,20,0.0013599262804725727,-0.006955991669611101,0.009881817275685944,0.3762
2025,entry,fixed20_relative50bp,logistic-volatility20,213,40,0.0013599262804725727,-0.0061528249398903915,0.008563930217083364,0.3548
2025,entry,target_rate,logistic-atr14,213,20,0.0027774896698731033,-0.014116577464490849,0.017287740571668347,0.3574
2025,entry,target_rate,logistic-atr14,213,40,0.0027774896698731033,-0.013037463888499362,0.015458901131829806,0.336
2025,entry,barrier_net50bp,logistic-atr14,213,20,-0.0020889766979038586,-0.006121936519356364,0.0018726658621849082,0.8388
2025,entry,barrier_net50bp,logistic-atr14,213,40,-0.0020889766979038586,-0.005328019170759101,0.001331260758024557,0.8852
2025,entry,fixed20_relative50bp,logistic-atr14,213,20,-0.0014020814323722896,-0.008900246995098508,0.005995986111592227,0.6382
2025,entry,fixed20_relative50bp,logistic-atr14,213,40,-0.0014020814323722896,-0.0077057823924419145,0.004626860882582822,0.6568
2026,surge,top10_hit,logistic-volatility20,161,20,0.02145550555067165,0.001187786357940652,0.04173799705692725,0.0194
2026,surge,top10_hit,logistic-volatility20,161,40,0.02145550555067165,0.0012801042920897766,0.0368020540754906,0.0166
2026,surge,top10_hit,logistic-atr14,161,20,0.032241545355410746,0.022810783203074635,0.04112438959303084,0.0
2026,surge,top10_hit,logistic-atr14,161,40,0.032241545355410746,0.02503082654819792,0.04098713950196351,0.0
2026,entry,target_rate,logistic-volatility20,161,20,0.0038001242403933127,-0.015030379628861626,0.0180975585398285,0.3148
2026,entry,target_rate,logistic-volatility20,161,40,0.0038001242403933127,-0.016670236439756406,0.017620882201820336,0.3118
2026,entry,barrier_net50bp,logistic-volatility20,161,20,-0.0009502661186975782,-0.0063917484486017626,0.003005981417715501,0.6338
2026,entry,barrier_net50bp,logistic-volatility20,161,40,-0.0009502661186975782,-0.006477067069096723,0.0031311755722058807,0.6262
2026,entry,fixed20_relative50bp,logistic-volatility20,161,20,0.006515557364773873,-0.004440532793900041,0.017523281826229847,0.1234
2026,entry,fixed20_relative50bp,logistic-volatility20,161,40,0.006515557364773873,-0.0031311399739478787,0.014263596406318975,0.0822
2026,entry,target_rate,logistic-atr14,161,20,0.008772313910760152,-0.002907924304127649,0.02052884432857145,0.0684
2026,entry,target_rate,logistic-atr14,161,40,0.008772313910760152,-0.004844358532915543,0.021116378564325723,0.1052
2026,entry,barrier_net50bp,logistic-atr14,161,20,-0.00024903270301934456,-0.004080480159819244,0.0034561959335733254,0.563
2026,entry,barrier_net50bp,logistic-atr14,161,40,-0.00024903270301934456,-0.004793028752316345,0.004091474978111544,0.535
2026,entry,fixed20_relative50bp,logistic-atr14,161,20,0.005013429630459885,-0.004208758260509554,0.014238620007879848,0.141
2026,entry,fixed20_relative50bp,logistic-atr14,161,40,0.005013429630459885,-0.0025360420145766186,0.012833000819488485,0.0936
