year,method,dates,stock_days,base_rate,top10_hit,top10_lift,top15_hit,top15_relative20,universe_relative20,mean_relative_rank_ic
2024,logistic,242,169005,0.05478490180375648,0.15929999758918886,2.907735385924631,0.18732782369146003,-0.03212726150773428,-0.02649327186123585,-0.0841910466662186
2024,hist_gradient_boosting,242,169005,0.05478490180375648,0.11763845959820199,2.147278825461649,0.14049586776859505,-0.023430010524431093,-0.02649327186123585,-0.05883861158671507
2024,mom60_skip5,242,169005,0.05478490180375648,0.1277169311225133,2.3312432242738095,0.16556473829201104,-0.03184902887746364,-0.02649327186123585,0.010282268969791859
2024,volatility20,242,169005,0.05478490180375648,0.14401515063187997,2.628737953163679,0.18705234159779613,-0.02723705330856378,-0.02649327186123585,-0.07830001198751768
2024,atr14,242,169005,0.05478490180375648,0.14995781892401966,2.7372106910254126,0.17355371900826447,-0.035418749282599304,-0.02649327186123585,-0.09204506784682315
2025,logistic,223,139487,0.053416723136857885,0.1531688911551134,2.8674333085292885,0.21494768310911805,-0.005058956611554338,-0.018932336354612077,-0.06429916736117762
2025,hist_gradient_boosting,223,139487,0.053416723136857885,0.1448976716736162,2.7125900497935236,0.20298953662182362,0.00040167607957878134,-0.018932336354612077,-0.045097592711397336
2025,mom60_skip5,223,139487,0.053416723136857885,0.11937381337752358,2.2347648146008208,0.18594917787742898,-0.00406389018030716,-0.018932336354612077,-0.013245704214952256
2025,volatility20,223,139487,0.053416723136857885,0.1403162938162374,2.626823316299952,0.17847533632286994,-0.015523762934632517,-0.018932336354612077,-0.04261054288853734
2025,atr14,223,139487,0.053416723136857885,0.1466760762247504,2.7458830795171516,0.1787742899850523,-0.013357171975928771,-0.018932336354612077,-0.054077779861372174
2026,logistic,161,110932,0.12979465264263657,0.3322823518540809,2.5600619523899297,0.34782608695652173,-0.01254969043889692,-0.027849089205950927,-0.03395989792580673
2026,hist_gradient_boosting,161,110932,0.12979465264263657,0.32796737556835814,2.5268173140487558,0.33830227743271224,0.0026991232679008494,-0.027849089205950927,-0.021056326553142497
2026,mom60_skip5,161,110932,0.12979465264263657,0.2869374117166727,2.2107028746915875,0.3656314699792961,0.004301790941035762,-0.027849089205950927,0.006854637562416517
2026,volatility20,161,110932,0.12979465264263657,0.3108268463034092,2.394758489467269,0.3507246376811594,0.004396927548420594,-0.027849089205950927,-0.028189243026503937
2026,atr14,161,110932,0.12979465264263657,0.30004080649867015,2.311657686890785,0.32463768115942027,-0.007924820820750075,-0.027849089205950927,-0.031122115851326647
