date,pool,top_count,known_endpoint_pool,price_ridge_unknown,price_ridge_top_net_relative,price_ridge_rank_ic_observed,all_ridge_unknown,all_ridge_top_net_relative,all_ridge_rank_ic_observed,price_tree_unknown,price_tree_top_net_relative,price_tree_rank_ic_observed,all_tree_unknown,all_tree_top_net_relative,all_tree_rank_ic_observed,vol20_unknown,vol20_top_net_relative,vol20_rank_ic_observed,mom60_unknown,mom60_top_net_relative,mom60_rank_ic_observed,rev_yoy_unknown,rev_yoy_top_net_relative,rev_yoy_rank_ic_observed
2025-12-31,574,58,573,0,0.004576345774761229,0.14511297316608673,0,-0.05055940378872979,0.12357200477800892,0,-0.024161744211470427,0.09400987813169345,0,-0.027906858914814366,0.08606915279007517,0,-0.05296462539798149,0.11678955170672486,0,0.05742806633808936,0.18427459171653712,0,-0.0946805532179077,0.07743050405135471
2026-01-02,578,58,577,0,-0.010116909107289185,0.13235130645315052,0,-0.07177897113949962,0.11459846839938122,0,0.006429271124437411,0.0926168826761628,0,-0.0038200255194810492,0.09602524267823803,0,-0.011991007946490348,0.11071722827532167,0,0.06261771551179257,0.190353782130747,0,-0.05100055647811012,0.07420767736302514
2026-01-05,586,59,585,0,0.0035029981545869403,0.059505664905636864,0,-0.0578527280932791,0.06419618998982224,0,0.10150933155351864,0.042680937122004964,0,0.01944044292199874,0.10237990771676311,0,0.15082148301240805,0.17168038687511314,0,0.16342315195379406,0.22382744208486322,0,-0.0065653184593983316,0.05115186981324478
2026-01-06,594,60,593,0,-0.031141430189601093,0.033059677031009246,0,-0.09764282784689596,0.0541872740439351,0,0.06751072301119865,0.06169121367266394,0,-0.0029518872977971123,0.09706207050220542,0,0.08768537012668955,0.17740270164384842,0,0.12899152778870365,0.22663942781671906,0,-0.015477575805142219,0.058104726982568265
2026-01-07,601,61,600,0,-0.04763524991329714,0.02752996536101489,0,-0.11129484940133352,0.03336342600951669,0,0.013019521233517333,0.03769710471417976,0,0.007800889668558856,0.09974588818302271,0,0.023562807654728873,0.19986883296898045,0,0.053415523001520075,0.2286502542091189,0,-0.03924632977812402,0.07167512571911737
2026-01-08,605,61,604,0,-0.011608506609502004,0.003152455161013595,0,-0.09015749388469192,0.011278047005382031,0,0.05320432984353776,0.023092626819725102,0,0.029983525625678145,0.1064108621471873,0,0.026485614188546232,0.2404104789447007,0,0.05021837945017229,0.21064384041067055,0,-0.03207039977215334,0.06381442769675702
2026-01-09,610,61,609,0,-0.01616921765907261,0.0358872732991325,0,-0.07311828409139895,0.022771403494604228,0,0.036538080430938695,0.04520357978578946,0,0.02896281783022964,0.09809299251520545,0,0.01245322851584233,0.22787400595893345,0,0.10011680160634394,0.207455037273703,0,-0.016132199266897535,0.043984091621803036
2026-01-12,617,62,616,0,-0.004439399377582528,0.040542459997854836,0,-0.07743523224579416,0.03480277722478741,0,-0.032447887544832014,-0.018202790285249938,0,0.042025346090511,0.09062175242048814,0,0.029396276158956246,0.2282980814969857,0,0.08219623173411084,0.22460135669135978,0,-0.008594203156155408,0.05145783117391583
2026-01-13,621,63,620,0,-0.031171580613744577,0.03577910802096389,0,-0.05690779810569692,0.04381596992539917,1,,-0.011545439497397263,0,0.07028679492375434,0.10978762613690879,0,0.05896693131460112,0.24701602229035174,0,0.0931750250730916,0.19627691221894206,0,-0.026212477311481085,0.035983184806508965
2026-01-14,630,63,629,0,0.0023164134363615452,0.07155748941150297,0,-0.009604572969916075,0.0728145699831008,0,0.03961140874942915,0.03350075481131561,0,0.07032909440857074,0.1297788678364306,0,0.02831228803370257,0.23021441940780604,0,0.09722269261414644,0.21097108957654145,0,-0.029229106815075057,0.038731848363984
2026-01-15,633,64,632,0,0.03956185448122727,0.10663312207606306,0,-0.06498143511365985,0.11541951480200062,0,0.029729031493428093,0.04530535297166162,0,0.0006323129007363391,0.16897765850023466,0,-0.002340624153644723,0.14655929152486005,0,-0.003743323663736092,0.149970091548159,0,-0.11048967043283088,0.05542344443989758
2026-01-16,639,64,638,0,0.01556306260569746,0.13210335537401383,0,-0.11449111796766795,0.1390261026006534,0,-0.007333270205618206,0.08699006999152703,0,-0.03193310978504031,0.19440276645577423,0,-0.11330190999419028,0.10300033230720806,0,-0.04370334302954189,0.10726813086524176,0,-0.1534075212195004,0.06559912827025832
2026-01-19,647,65,646,0,-0.00715067553781796,0.21422973707779752,0,-0.12882458265255126,0.22460573331976139,0,-0.06980946880599109,0.10456956206143503,0,-0.050566573238010705,0.1986743002971818,0,-0.22008369985404755,0.09330796060249341,0,-0.11536236565282623,0.1561577232601275,0,-0.1922610003588186,0.11960589168741464
2026-01-20,652,66,651,0,-0.014037365846093495,0.177909978404734,0,-0.11698746681847248,0.18109002811951558,0,0.004271898328575441,0.05680268277141422,0,-0.06105460411310304,0.16926025883872708,0,-0.22479399403177366,0.09501447296024775,0,-0.07314687688521669,0.15752295530268862,0,-0.16723317761521198,0.10249154117132704
2026-01-21,658,66,657,0,0.05716706943122122,0.14298019255331,0,-0.10104716239860197,0.14865951996739438,0,-0.029638731077028344,0.08745147830584772,0,-0.041312109802350686,0.17964278182357957,0,-0.18757041842449432,0.07993144083916169,0,-0.1010758035600907,0.12563067620752966,0,-0.13186417085196508,0.08823345624943871
2026-01-22,664,67,663,0,-0.01341267128330487,0.13926672225943595,0,-0.14721560450044766,0.16774153249269994,0,-0.05125627661684502,0.07549077802920612,0,-0.051273982415441274,0.158825415261681,0,-0.14783635877681317,0.09804385482216763,0,-0.04729245404762876,0.14923232885780585,0,-0.12731161001284108,0.08126560202006461
2026-01-23,666,67,665,0,-0.08508054721106412,0.13078748646281937,0,-0.16942407471564722,0.14688022563735945,0,-0.07457677249978384,0.027864924440701235,0,-0.0637292821072327,0.1454239228811201,0,-0.1726935333650786,0.13033683198553206,0,0.010868619175476187,0.16250665765140077,0,-0.15907654038037572,0.10252629690088368
2026-01-26,667,67,666,0,-0.07742460960165912,0.12678628572981565,0,-0.17509771964121124,0.15638132691624815,0,-0.0658540546299922,0.02574654868215757,0,-0.09066372770336437,0.12523855302204784,0,-0.1606470996614286,0.13769985069138305,0,-0.041332156140978196,0.1700636984978804,0,-0.14861047301897073,0.11341721538087486
2026-01-27,671,68,670,0,-0.07769153984354478,0.1217069105695517,0,-0.18617399909448912,0.14897059083163772,0,-0.1291059139702271,0.04408028758122734,0,-0.08363004874618629,0.1364298979862272,0,-0.1474563738448556,0.1348481573473646,0,-0.0554003896734654,0.18651533034268036,0,-0.14942136743204953,0.11816219939190224
2026-01-28,675,68,674,0,-0.10746392026489526,0.09672297153304733,0,-0.19157852877328924,0.12609846419450432,0,-0.08926184581347914,0.04432175245161078,0,-0.060151252403663015,0.12067708892132065,0,-0.18539492187316592,0.14122240299743924,0,-0.05062409402778313,0.19377457122465955,0,-0.15621639801729872,0.11468375863453707
2026-01-29,680,68,678,0,-0.14851972342535183,0.08394084045433503,0,-0.19238968398812215,0.12479415763597071,0,-0.07086067843221533,0.09292386826369774,0,-0.05138511543579768,0.1478140615892116,0,-0.2006692302232986,0.1527618922686399,0,-0.062002118083231486,0.1807429712841161,0,-0.17091205326485429,0.1293536025774633
2026-01-30,683,69,682,0,-0.10694798471747011,0.10571474793508881,0,-0.20321857511558636,0.13101862129705127,0,-0.02295808279241107,0.06187123220702891,0,0.010659192041475508,0.16154718397163734,0,-0.13207037005963237,0.18780420602394435,0,0.002097080510523547,0.22470386035091836,0,-0.13036508273969485,0.14463885827285197
2026-02-02,681,69,680,0,-0.08180788071907365,0.0961735872876786,0,-0.18732986284837236,0.14136343669581009,0,-0.044759515208466875,0.08280510987264246,0,0.03169641042565758,0.17142502216382263,0,-0.0928690499578963,0.19891007040901654,0,0.07169988322291292,0.2227777569996476,0,-0.1139163995596556,0.1380115542750236
2026-02-03,679,68,678,0,-0.07327185250697976,0.11685423035422536,0,-0.10389417027417946,0.16683020600662693,0,0.04683263010751659,0.08430249792091717,0,0.07751208960011742,0.17459382864241466,0,-0.08271069196292191,0.20291892767155803,0,0.10677993456910076,0.27873785326419054,0,-0.10439533179147249,0.14764752000325954
2026-02-04,681,69,680,0,-0.050564291968733875,0.12665658599111268,0,-0.12420234720703541,0.19004115200894703,0,0.058262292244882524,0.07604527163731362,0,0.010894525232714633,0.18546580609587404,0,-0.10711831087888705,0.2019354637547736,0,0.0769462195463459,0.2671828828511916,0,-0.13263099419630076,0.16466109558997996
2026-02-05,681,69,680,0,-0.0644946012743158,0.10393815730570351,0,-0.14107425944370194,0.15495899072649635,0,-0.07458784810835865,0.022142603351345533,0,0.07027116400911834,0.1606063289115092,0,-0.08280555587374366,0.234773406160684,0,0.09331177560506917,0.24290558410676244,0,-0.132846695547789,0.1699780433969457
2026-02-06,675,68,674,0,-0.06259814718490898,0.0571476419822531,0,-0.09045021486932137,0.10611134975508485,0,-0.09274405279332938,-0.03244048108078539,0,0.012785211418436776,0.1469240253881305,0,-0.00926321772619168,0.24877582108226864,0,0.08034352032854522,0.23095587430695977,0,-0.10361306254910443,0.14841539949784632
2026-02-09,675,68,674,0,-0.06339579915502386,0.0313365660384269,0,-0.06113517604332808,0.07088254138486104,0,-0.030062532135676615,-0.04943109841562814,0,-0.006522491426561842,0.11536619832036993,0,0.08808821538209298,0.24914238815469056,0,0.1566857503694328,0.2593815267102627,0,-0.07258334234460549,0.13605322039944664
2026-02-10,675,68,674,0,-0.038746012330214775,0.06326313536010408,0,-0.054408338715402516,0.08344511594300355,0,-0.013024244139641995,-0.05061592518190789,0,0.022964222374606616,0.11395666111561004,0,0.13258239160276103,0.2799648275111939,0,0.18592681530787253,0.3001054845809434,0,-0.05030146269097665,0.12765086373254106
2026-02-11,674,68,673,0,-0.0034664726247032006,0.045948950212489625,0,-0.07715965875209264,0.04412529360225799,0,0.05195722085261224,-0.035659368155973106,0,0.04488077769951144,0.1444907729053853,0,0.16442820364409835,0.29910535163929114,0,0.23133719866964061,0.2851569215915051,0,-0.022122919979083167,0.12155129794299062
2026-02-23,678,68,677,0,-0.0036647499600529388,0.051947595145865284,0,-0.10140168425804938,-0.0009933350639832893,0,-0.006737931601285161,-0.03514078001206408,0,0.09661462762075373,0.08931352657635383,0,0.15536529956530842,0.3097228397935403,0,0.22325389234995913,0.3269650860898293,0,-0.09981075590484927,0.12937694056539284
2026-02-24,674,68,673,0,-0.020685930955980862,0.03966280066724642,0,-0.11237131766848502,-0.011871759347234532,0,-0.05326751729850529,-0.026400583803193437,0,0.0638459694614672,0.08973116023562357,0,0.18929644534761306,0.304168053876371,0,0.21349120847651115,0.3469252467660391,0,-0.11229401635264757,0.13168409267261497
2026-02-25,669,67,667,0,0.0020664107649970916,0.0328334581781922,0,-0.10034899623326829,-0.006303532227084511,0,-0.04614324362404776,-0.03982245889157822,0,0.06376571060680503,0.10863950316312454,0,0.23117042752896974,0.29291631790631145,0,0.21781764649628024,0.3195742870929531,0,-0.08537810986764859,0.15544221752000179
2026-02-26,670,67,669,0,-0.012597580364561009,0.06244004862238578,0,-0.15377173417378842,0.0009679189242156875,0,-0.04469828584958875,-0.00647693302238305,0,0.06451843311569488,0.11452078775318648,0,0.17489420344768905,0.3083772619408796,0,0.14879042278786905,0.3830376079260105,0,-0.1347326314204495,0.1561406113128492
2026-03-02,664,67,663,0,-0.03702997087390052,0.05628685539549896,0,-0.1274081864544154,0.01280364448319724,0,-0.09904093501959171,-0.0019445665534552803,0,-0.018836527941193382,0.11784659656795078,0,0.06345210247760792,0.23731588875494866,0,0.05106955870372384,0.32443818645929695,0,-0.15333320033982395,0.14623907878874998
2026-03-03,663,67,662,0,-0.09002821228939159,0.027464711694473277,0,-0.15340328211609408,-0.0005555416473671165,0,-0.07745750104062034,-0.0031895147025631536,0,-0.03692524864053364,0.10943283224457037,1,,0.29929108257316295,0,0.07283516618180458,0.30309655219624254,0,-0.17526240683564498,0.1775885490404373
2026-03-04,666,67,666,0,-0.10640610189412113,-0.005948438095522449,0,-0.1066344283284384,-0.01294932700282657,0,0.0027803169666261083,0.025001256991919175,0,-0.007520332399992107,0.12144984203691696,0,0.10134475473833768,0.33349797363053896,0,0.047166563772225535,0.25200095550684165,0,-0.13447107836298106,0.1562861033214167
2026-03-05,667,67,667,0,-0.08786942441765583,0.0010928141801086649,0,-0.11623147632861484,-0.0066903755466737385,0,-0.009445193751512843,0.0037650903040659872,0,0.028761166164482276,0.11923519264032001,0,0.13824961994253387,0.34948301409138266,0,0.04275092631818807,0.30325488570929826,0,-0.16855115213670055,0.13885535589049308
2026-03-06,664,67,664,0,-0.09992857385859072,0.03397714971067203,0,-0.12433551062513078,0.018977758412276672,0,-0.07335128500643527,-0.035004113347207086,0,0.025273629456260275,0.10631930641628877,0,0.16995817676004335,0.3979320951345272,0,0.10626827801568833,0.2927348122099617,0,-0.1720317243624789,0.1647954644026892
2026-03-09,664,67,664,0,-0.13499699743465776,-0.0004637404494691636,0,-0.1444671505866178,-0.00295646577351285,0,0.058819536122673634,0.018695439930327646,0,0.03221992024728939,0.12960044303639673,0,0.11223109971930012,0.3769877630173786,0,0.10459839380626969,0.22978537658434922,0,-0.1587355054139354,0.13937915968880277
2026-03-10,659,66,659,0,-0.1124204466541499,0.021576857262777256,0,-0.13467010582042357,0.009778017804363331,0,-0.030631950295624932,-0.0346010626201147,0,-0.005052682900025901,0.0898929985521533,0,0.06583463704630625,0.3447746067899104,0,0.07862902673438121,0.2794640540503398,0,-0.1589139594899735,0.13190264037914326
2026-03-11,660,66,660,0,-0.15439390181171758,-0.0031172749073144104,0,-0.1485643969003867,-0.014368928703702771,0,-0.10534904600992746,-0.058835493390976296,0,-0.0393989956625849,0.08473729784354729,0,-0.044534131801949,0.27031141725961283,0,0.031192491408034123,0.2577147425982225,0,-0.17178344318296487,0.13404535941897738
2026-03-12,655,66,655,0,-0.10667248369466996,0.04480285355095551,0,-0.16527101925142765,0.031161402289151843,0,-0.11218919706357577,-0.040160312608155356,0,-0.02596207125523405,0.10180945518885674,0,-0.021965336713914804,0.29828994030857553,0,0.04219425230702899,0.2660828298525301,0,-0.1900182252889867,0.16039112991759114
2026-03-13,657,66,656,0,-0.14149345897064133,0.06902305916004291,0,-0.1821036232605154,0.02893122698357383,0,-0.1116145677979297,0.013267918890296097,0,-0.03640053126492222,0.10479046660137806,1,,0.16092654281356175,0,-0.07685510204321665,0.2014828924330293,0,-0.18786482432518964,0.14560963451682318
2026-03-16,660,66,660,0,-0.15532610852788864,-0.0034806199308895234,0,-0.18723154569355951,0.013553750264826036,0,-0.12887738415379144,-0.03695882629829561,0,-0.07183158800127676,0.09259429484242385,0,-0.1594660668515011,0.16597892855563084,0,-0.09410057293831882,0.1922548870255044,0,-0.21133883318735988,0.14502742542543168
2026-03-17,660,66,660,0,-0.1566528927162006,0.02476205727121063,0,-0.16837578478142412,0.0178897858089434,0,-0.1330186829745523,-0.02967570914028425,0,-0.0947149662150918,0.1167800923324193,0,-0.14818411990218847,0.16232189532868843,0,-0.10419960760026309,0.20675229247283414,0,-0.21548003295761523,0.130740680314636
2026-03-18,663,67,663,0,-0.16271494914085458,0.00359837049801066,0,-0.14902774229269994,0.06782700172084836,0,-0.15879940177564436,-0.05867865430398677,0,-0.07819815629476266,0.1700483857417927,0,-0.14048213472326404,0.20862293148022637,0,-0.08653853364890123,0.2281200080494517,0,-0.21492520773080637,0.21550203657382822
2026-03-19,665,67,665,0,-0.18341982350378472,0.035409328968546205,0,-0.14941604584889104,0.11550068076618714,0,-0.14424716101036933,-0.008958982176969357,0,-0.09391936930047029,0.18261476199135707,0,-0.17634569908862235,0.11867321666302807,0,-0.1451853493960457,0.1473451770244132,0,-0.25041326104405737,0.1988010770475706
2026-03-20,673,68,673,0,-0.16439740424302088,0.021716646713779045,0,-0.19502800199177958,0.09871155631864062,0,-0.13397401868555275,-0.07828431166931409,0,-0.04435303145144029,0.1585034323523493,0,-0.06435862509451938,0.2131679767604638,0,-0.12216799359002808,0.2065623202107953,0,-0.2146606910177346,0.22866010501513812
2026-03-23,676,68,676,0,-0.158621343861446,-0.005869049514274791,0,-0.2341577017216231,0.06954846884676535,0,-0.15104380839050163,-0.0605075769411166,0,-0.07020029218014467,0.1346619909612252,0,0.0183134584780357,0.23501632230036337,0,-0.11385906752560515,0.23290147841113046,0,-0.2076151592823543,0.22885486572503533
2026-03-24,673,68,673,0,-0.16144666781816244,-0.003483013613709756,0,-0.20403998216561953,0.08409148604742568,0,-0.16176165137252904,-0.11723604896032817,0,-0.05828226385138963,0.12242853182775024,0,-0.007870912626457546,0.31616714615211383,0,-0.08498107859609172,0.2831055635490035,0,-0.2191912195008231,0.24177215211080264
2026-03-25,671,68,671,0,-0.1610803034791952,0.04265492624157257,0,-0.15251938204348953,0.09320859072090108,0,-0.1454230134441751,-0.11990430101176942,0,-0.08722699108649158,0.1157288205925426,0,-0.10481908893623647,0.25798235236271755,0,-0.12364244182765827,0.24927107140925547,0,-0.24733239069168203,0.23497567324245885
2026-03-26,671,68,671,0,-0.05734027259067299,0.046650370671657684,0,-0.10201811805056352,0.09162830990883353,0,-0.10512105793351878,-0.12346768383705228,0,-0.03612268486923749,0.09891920533589238,0,-0.0054771818833663,0.3015142644241005,0,-0.0010483481727161187,0.26471053549226964,0,-0.18805227123690396,0.251201102563639
2026-03-27,669,67,669,0,-0.10646034570893455,0.06381636031865055,0,-0.14260023397062194,0.08442031671881454,0,-0.11780189554440187,-0.08475188035013569,0,-0.01883609730004877,0.09668139792966104,0,-0.025203003381888228,0.2653825205488895,0,-0.07003950831895565,0.23780819705294004,0,-0.19934733230047996,0.2509533847839698
2026-03-30,666,67,666,0,-0.10843257084131067,0.041326928908304736,0,-0.1740743150502554,0.07906540612101395,0,-0.17293527291949315,-0.10740646855404314,0,-0.0195813964853969,0.08677425244677249,0,-0.022537380263016753,0.245340876049893,0,-0.07246273219783203,0.17518048208968515,0,-0.18853631484855352,0.25233292607201974
2026-03-31,661,67,661,0,-0.14650905723779442,0.025439242613013027,0,-0.12236702583882757,0.07190143345498086,0,-0.15390422924850622,-0.09932582296240236,0,-0.01896558680326726,0.08526206709165439,0,-0.051318374499707255,0.2584565579444285,0,-0.04112539270845265,0.15687814613878293,0,-0.17064856320022712,0.24440093067843316
2026-04-01,657,66,657,0,-0.09873989902920303,0.08938633745541352,0,-0.13877741939490465,0.07010100569007523,0,-0.05204197334817814,-0.04464643316512627,0,0.036591998936893355,0.1028447498739883,0,-0.06796293823835203,0.27604963760425794,0,-0.0154248211617735,0.18361856260964204,0,-0.17986950854885742,0.24414132684294937
2026-04-02,652,66,652,0,-0.15575485067570677,0.1074405222817959,0,-0.17384454204532673,0.05784542523501594,0,-0.09024641659807471,-0.017849560789951605,0,-0.03223955269201448,0.11076710690786176,0,-0.09044254449659979,0.25717666201402306,0,-0.03538338263741804,0.1528910822993517,0,-0.20761959490327367,0.2453938530214758
2026-04-07,652,66,652,0,-0.1336116300052446,0.04635802619466269,0,-0.08474300466509749,0.03484224591550623,0,-0.029292375110828592,-0.023659643904333297,0,0.03976727584097991,0.11519824048412665,0,-0.010566637618575441,0.285632096011378,0,0.019953435264721625,0.15832065451435154,0,-0.14914724142637648,0.23319821974361613
2026-04-08,652,66,652,0,-0.09134950288776943,0.09906141367335834,0,-0.057049481433909255,0.08271311283411711,0,-0.0183208897541249,0.009578429478385157,0,0.02370351971055156,0.1432121431791739,0,-0.01497222832698562,0.24916010880986322,0,0.06546524424960135,0.19912610630951444,0,-0.12804852407742776,0.2070246921681112
2026-04-09,651,66,651,0,-0.11147456618716778,0.029481126433432,0,-0.1544780290422614,0.03419433129704256,0,0.008871728074770432,0.030360247642682595,0,-0.0246708847594264,0.12311550313925142,0,-0.06926628336402343,0.20272017711162776,0,-0.006831098364060174,0.14005941416588555,0,-0.1255087235650785,0.19220412054757496
2026-04-10,655,66,655,0,-0.10021219144047751,0.0398835745483304,0,-0.1276244611881208,0.09242239584311944,0,-0.02652469768809698,0.05896837798148865,0,-0.062089957050039175,0.12119038021040623,0,-0.11298969506001148,0.13647907809353324,0,-0.061697522810021034,0.08305425589871722,0,-0.1441787682253575,0.17304784065626586
2026-04-13,659,66,659,0,-0.10046235939723994,0.025338847967488733,0,-0.20921779651286126,0.05035829331829328,0,-0.05734027954275311,0.06317712476825359,0,-0.14909400600228473,0.09076405560985097,0,-0.11177507719250258,0.07978855567740561,0,-0.0975567566019932,0.04374739161900234,0,-0.15645752862371415,0.14473197972365007
2026-04-14,655,66,655,0,-0.09952437495260966,-0.014550149545896328,0,-0.1635601831726091,0.030376093837274257,0,-0.06352918758355794,0.03801988763987367,0,-0.11046987913335621,0.06336198135074705,0,-0.06937882074760827,0.07844532052015668,0,-0.03563582245327475,0.04870755628549248,0,-0.13939307974056037,0.1441570054571413
2026-04-15,654,66,654,0,-0.09023563060829944,0.03220452356865001,0,-0.07847885758612588,0.055821381531708875,0,-0.10489367738036776,0.0829400568650114,0,-0.12163889808177807,0.05011201512796773,0,-0.10632029553465597,0.04035395257516822,0,-0.06640890248854826,0.043575917595559996,0,-0.10664517882597128,0.14323916535010714
2026-04-16,653,66,653,0,-0.11733840967990944,0.06913864508709262,0,-0.11012913044672848,0.06620260493565429,0,-0.11346947236934628,0.09417195786629129,0,-0.14993300496800224,0.043905149746203756,0,-0.1380073922228344,-0.0007301636688206442,0,-0.12380677231857107,0.03932351221306278,0,-0.12288469049891641,0.1345070748645401
2026-04-17,656,66,656,0,-0.10082712119684194,0.07752467884696054,0,-0.09287024748218878,0.08012285324071322,0,-0.12646462425400695,0.07437672793721246,0,-0.12213684429231705,0.06941818940354244,0,-0.1602048742443043,-0.018753023581242406,0,-0.15476901152113826,0.01225646113467962,0,-0.11976218502153974,0.1421168858743277
2026-04-20,655,66,655,0,-0.11299087961599127,0.14066038627274136,0,-0.13006088943444313,0.1508970207709196,0,-0.14724248853758912,0.1033188353453438,0,-0.1350259527420561,0.08825005773712184,0,-0.18687346970882812,-0.0906667271341114,0,-0.20656995939128425,-0.01928642478734815,0,-0.13036650090087626,0.13675428504539916
2026-04-21,661,67,661,0,-0.09588088735010725,0.184701589437159,0,-0.061922106985414706,0.20327481477757314,0,-0.1522712785300012,0.16706653630841556,0,-0.11489226234465992,0.07676192431049807,0,-0.1821298802177027,-0.19152370817978637,0,-0.2150514686630897,-0.07209604268416044,0,-0.1223493324581881,0.11588343463503673
2026-04-22,662,67,662,0,-0.07982617208318725,0.19129585032084126,0,-0.10119845405526123,0.21101125031811752,0,-0.15568091623137675,0.13666771241766806,0,-0.11132145903042613,0.07080781788268543,0,-0.2092935390490451,-0.2872914698515818,0,-0.2459145231661324,-0.14498525271561336,0,-0.12305159372080936,0.09024520808849243
2026-04-23,666,67,666,0,-0.08819361287428223,0.143989760860273,0,-0.11393138000571353,0.15897068738542738,0,-0.18427009306980882,0.07927422186082331,0,-0.14404033726692736,0.006820304539865813,0,-0.19835836917672683,-0.18746743271323088,0,-0.22544659882859333,-0.1075630755606835,0,-0.10711865029230869,0.09128554054741386
2026-04-24,668,67,668,0,-0.051002587704219456,0.1253207611172529,0,-0.11570171766321548,0.12404397677641403,0,-0.10424783805631119,0.08425572933572954,0,-0.08525901427542829,0.003061182547471196,0,-0.07855013035943666,-0.14016604114365577,0,-0.12335231080536323,-0.08288507226923487,0,-0.02944351335287394,0.0930466336141356
2026-04-27,670,67,670,0,-0.043850165390964334,0.12274136192521183,0,-0.1134441351754411,0.12909545553793256,0,-0.06256431406833325,0.02675269925098731,0,-0.09080284872034837,-0.00702552743224193,0,-0.08698926736200899,-0.11883724268261919,0,-0.11892936780238071,-0.04374478450257916,0,-0.03854919101546973,0.1044558795169026
2026-04-28,675,68,675,0,-0.05455577078256564,0.13817416700320145,0,-0.08794825783072258,0.14770764197379127,0,-0.0751210766336122,0.06391262190851327,0,-0.12061512406342058,0.01163626147876319,0,-0.14338699846748143,-0.17780899260013622,0,-0.16816055183644463,-0.061869403218385355,0,-0.06522964346061928,0.11304873856081013
2026-04-29,674,68,674,0,-0.06854257348012428,0.14531491875648206,0,-0.126911272438819,0.10310369981711819,0,-0.10614745623718315,0.13357497443916816,0,-0.10993962646694096,0.009557727797594465,0,-0.17691932033534127,-0.24948780845077598,0,-0.2031106646596071,-0.12163149600374111,0,-0.06858750482660396,0.11145953590091257
2026-04-30,675,68,675,0,-0.12124357029382866,0.11306995826968436,0,-0.1624927356211912,0.05923024248064194,0,-0.08301923158541882,0.1790994133564323,0,-0.09941128311557036,0.013438332192041392,0,-0.20153450943928583,-0.37816250046334504,0,-0.24033112479146426,-0.23044030457862913,0,-0.06473982097670937,0.07116661245530433
2026-05-04,677,68,677,0,-0.08919869561230168,0.12082032574273502,0,-0.13399228589440565,0.06111309679287172,0,-0.06144274329796501,0.22699919844803823,0,-0.07447582077812259,0.030731121664573518,0,-0.19097447376026935,-0.4549004232376898,0,-0.2571912429603095,-0.2579226502282121,0,-0.04931212012803483,0.043975652636675834
2026-05-05,676,68,676,0,-0.11672681340450251,0.1839373342384364,0,-0.12062356087231191,0.12606679310917465,0,-0.056844473603056,0.3030292848040634,0,-0.11689785973353187,0.0575071403113671,0,-0.24714707370750139,-0.5366754554892266,0,-0.3007849584138544,-0.2924222764528789,0,-0.08648027215704028,0.023156807364317345
2026-05-06,677,68,677,0,-0.11405094728103521,0.16323841997965918,0,-0.1273616592562606,0.12254668287973032,0,-0.09731743595558447,0.24631489759613787,0,-0.14395895282588783,0.029379706449287238,0,-0.2727544385101176,-0.4547068611625838,0,-0.2997084093689589,-0.22796998670164734,0,-0.11144425255035513,0.03578204670606866
2026-05-07,681,69,680,0,-0.056151787216067645,0.18761009101393042,1,,0.15773348683331057,0,-0.055375483957403264,0.23615903373899616,0,-0.09586143237990356,0.03304918892668697,0,-0.23690330088647277,-0.38555268335437465,1,,-0.1424172071257139,0,-0.07855506054847874,0.06662425097761455
2026-05-08,683,69,683,0,-0.03306258441985387,0.1499049638238824,0,-0.06442536785061533,0.10865456299064645,0,-0.04168314451192404,0.14673437951843668,0,-0.06889850953665283,0.02545984997443782,0,-0.15923528421557706,-0.30073810563858716,0,-0.15339970754004878,-0.08093092910431138,0,-0.044419091384544876,0.08521509387973328
2026-05-11,694,70,694,0,-0.08319566258130551,0.09344284228391389,0,-0.11666463503621492,0.09150500857449458,0,-0.07011577993056378,0.1339679524075006,0,-0.08148759088639687,0.03846740374952469,0,-0.17040042854029921,-0.28062127966510764,0,-0.18754374024715753,-0.11658285437142056,0,-0.07404196659189037,0.07372172612879808
2026-05-12,697,70,697,0,-0.07910675226793545,0.09002529224220505,0,-0.09890670925443949,0.07513852825573829,0,-0.10878268667186533,0.0872204219900467,0,-0.06815037533509606,0.03105256383413495,0,-0.14104769455754812,-0.25652928120672436,0,-0.17325074940429364,-0.10117945971729395,0,-0.07092921447695899,0.0890493562076999
2026-05-13,696,70,696,0,-0.04274131489177365,0.10640943733411826,0,-0.06052882114326756,0.10438360240417968,0,-0.07455011563855313,0.10330277600481824,0,-0.07012017730096273,0.040044212589162825,0,-0.13407332394802868,-0.32620583590516405,0,-0.1936713638988227,-0.14480227526503545,0,-0.06384160374870866,0.05429785161369627
2026-05-14,698,70,698,0,-0.013825092438657555,0.1158848743803344,0,-0.05447584116851751,0.11515312595379909,0,-0.04831627171564062,0.0851267042143674,0,-0.04293361647276054,0.01966932501386033,0,-0.07622148380411874,-0.27934643506595486,0,-0.14349437531856182,-0.09675334570604689,0,-0.04890898685277479,0.05373079807094055
2026-05-15,697,70,697,0,-0.02886267141998247,0.12224773922765529,0,-0.06699814804035759,0.12732858523770557,0,-0.05217600167632825,0.08100701029735326,0,-0.05800024030174342,0.023972557591166968,0,-0.07740067384517724,-0.21804256728874735,0,-0.144073555825673,-0.06650607569245177,0,-0.06815976081070446,0.06820459354494622
2026-05-18,695,70,695,0,-0.03200698184514904,0.10737629909984363,0,-0.0677344483609395,0.08224848919433467,0,-0.01723148404418361,0.08004381747508679,0,-0.05605958242913886,0.002581506294517203,0,-0.09404955273129179,-0.2326779776615952,0,-0.12623002393552551,-0.1061354747586142,0,-0.08526569125255601,0.022341589619415635
2026-05-19,693,70,691,0,-0.06532403105785124,0.06377635989814834,0,-0.06284419649605645,0.03881215745907694,0,-0.05601778211250856,0.07158399381819668,0,-0.0683249129916524,0.012632929246125373,0,-0.09571917134641203,-0.17942199441423481,0,-0.14587531921553656,-0.08449819015880917,0,-0.09992921796654174,0.04537338553459511
2026-05-20,690,69,689,0,-0.05944479939938689,0.11365459092103118,0,-0.041167171321288186,0.06818361923098935,0,-0.06726954148371816,0.08469184404156616,0,-0.12071412850676166,0.0101175704887287,0,-0.13548836378867435,-0.2503360624342366,0,-0.15545871005575176,-0.15131171299797466,0,-0.09548629691078536,0.022337992854952513
2026-05-21,690,69,689,0,-0.055658787427342565,0.15168618225737096,0,-0.06158990087173834,0.07825635693646071,0,-0.021968578799564754,0.16350934297592823,0,-0.13513154266526084,0.014540607054963081,0,-0.10370787816617971,-0.30841106305793325,0,-0.14949289528914006,-0.20455985376734268,0,-0.09357280712830204,-0.0019510566705727773
2026-05-22,688,69,687,0,-0.07486436706296895,0.15694517517433645,0,-0.05596036679804888,0.0809089714023984,0,-0.04010725765303829,0.15849127955088954,0,-0.1311214687863861,0.011502371117751748,0,-0.15533655885601685,-0.4073602355100088,0,-0.18420791262110112,-0.2957809514729886,0,-0.08511021741155254,-0.01669374957835796
2026-05-25,692,70,690,0,-0.0623481704434032,0.14225830086307406,0,-0.06524592690842874,0.0491446380762788,0,0.0034949372809149194,0.20574197534676042,0,-0.12312980686231685,0.03962838565636285,0,-0.14405790209414263,-0.4455189763692736,0,-0.15996567478913937,-0.34233178158261923,0,-0.061394564442177085,-0.04334657832982299
2026-05-26,691,70,689,0,-0.07689988494362802,0.14777197209948034,0,-0.06757861535444838,0.07127700789966848,0,-0.003806524025391987,0.2262964656421697,0,-0.10308200145037016,0.046953608708859854,0,-0.14927066013640114,-0.4753288348906182,0,-0.16279578123198596,-0.38955768128505314,0,-0.06392808460699911,-0.07435653177746847
2026-05-27,692,70,690,0,-0.02522370931127069,0.19324557725799996,0,-0.05018197620130967,0.09480185752378685,0,0.0017459493048354576,0.27514823848883674,0,-0.10027510203520382,0.03765828024259113,0,-0.13243159044133787,-0.4830810581321368,0,-0.14708659258641985,-0.3645599783296801,0,-0.03196850602014634,-0.06793072656358891
2026-05-28,698,70,697,0,-0.01534288375819555,0.20025136841572933,0,-0.037833907392650155,0.11211218460459312,0,-0.014309496947217329,0.20336066135060482,0,-0.08292247130724392,0.03796540374706195,0,-0.09990397546966333,-0.48604045360712544,0,-0.15712820642013467,-0.3462879685430452,0,-0.03846316802383895,-0.05489412077621652
2026-05-29,706,71,705,0,-0.03865703958827476,0.14935647612889794,0,-0.05397275660636904,0.07979932301740814,0,0.003614787146405205,0.2275364244579482,0,-0.0862441076452396,0.031825339313209244,0,-0.1075807839232013,-0.4775268354693948,0,-0.14207464498044067,-0.3485885552389829,0,-0.034621058074677385,-0.06543597551119755
2026-06-01,709,71,708,0,-0.0675028260963929,0.09934475007656086,0,-0.06785084695203883,0.04436285468330726,0,-0.030094225211214156,0.16905321031154297,0,-0.07900863447626007,0.03911796767467073,0,-0.08834318439543896,-0.43087073915695734,0,-0.1146857889513082,-0.31698856096087524,0,-0.033080175063721504,-0.038370444550166666
2026-06-02,717,72,715,0,-0.028603660181554944,0.136253001024608,0,-0.02737095344509213,0.06683188648354604,0,-0.00985011498547421,0.2109530955406736,0,-0.04332392819678807,0.05039216452295651,0,-0.056442571572709585,-0.41437770248154737,0,-0.08853500706531903,-0.2850236379215891,1,,-0.013214570613750823
2026-06-03,725,73,723,0,-0.02960232612783818,0.15300227508182476,0,-0.030385118400653707,0.09415488472313621,0,-0.005130714223016756,0.2258802085424068,0,-0.055573328363621305,0.08063290884121505,0,-0.06422704696095362,-0.3418874491082519,0,-0.06097101193586115,-0.196991354888416,1,,0.022609941139663515
2026-06-04,730,73,728,0,-0.04304845017969238,0.1474294748786572,0,-0.04786144309888235,0.0891198396929713,0,-0.03052878739301359,0.19642111625802963,0,-0.054216672178050616,0.07393747421257738,0,-0.06662975081186628,-0.31809044341521797,0,-0.06480750156958609,-0.1822638702510321,1,,0.022383036015022017
2026-06-05,730,73,728,0,-0.04223399252026422,0.17517635420922859,0,-0.02894216952464068,0.12535775918437939,0,0.021764498021337574,0.22109809153164356,0,-0.026972802029355866,0.13768606784116164,0,-0.03863772168664334,-0.16195325735893853,0,-0.038017999177924346,-0.026694591678385244,1,,0.06507091237869138
2026-06-08,733,74,731,0,-0.03212250869140497,0.2015172298114092,0,-0.013863720070001999,0.13825113059549152,0,0.01263460317658048,0.22495792043544632,0,-0.012645963579518596,0.11809008083515839,0,-0.07212425716499993,-0.27899809624339084,0,-0.05314175130319156,-0.08610210124487695,1,,0.03537377662233975
2026-06-09,731,74,728,0,-0.06593073641319734,0.1773523090197399,0,-0.042879063081460944,0.0976944667912114,1,,0.27872567258170194,0,-0.043089958470825765,0.10477968264916149,1,,-0.3254006198374225,0,-0.08005891110158106,-0.12749412256309148,1,,0.0224714904088518
2026-06-10,735,74,733,0,-0.04333736457918246,0.23783091080863225,0,-0.025479397732820444,0.12325902207302022,0,0.018529508498173385,0.24802479659745766,0,-0.048448510312075345,0.11154693473135445,0,-0.07449871336991293,-0.17630566755421237,0,-0.06883435659253183,0.03648611599993557,1,,0.038711442812056455
2026-06-11,732,74,732,0,-0.06415696907760807,0.21697928570307487,0,-0.03713703556120146,0.11067720766488737,0,-0.016041938262536064,0.2385306280643262,0,-0.06347675814630163,0.10575338938540475,0,-0.13722474929206355,-0.26475754181486955,0,-0.11818550283874724,-0.034547972171741256,0,-0.07786766435924278,0.027728685481585986
2026-06-12,734,74,734,0,-0.0646156942561448,0.231691551583556,0,-0.06283557914531543,0.08577990844452918,0,-0.005829413208798769,0.24931697466674396,0,-0.058507919954686315,0.10853635610027296,0,-0.150112415117049,-0.3107050118404612,0,-0.13983199262929236,-0.04520391773072869,0,-0.0785937860183302,0.02728550574767583
2026-06-15,732,74,732,0,-0.04245315377365546,0.2815854339468645,0,-0.01741976741552001,0.19044151408851212,0,-0.0006697696610890036,0.2796582009882132,0,-0.01700307747582821,0.1708409931769507,0,-0.14102130263789714,-0.3253643424316834,0,-0.10810304178884478,-0.07255577250054199,0,-0.029120385799121778,0.12193704517477516
2026-06-16,734,74,732,0,-0.030079504570779826,0.2853754036650774,0,0.002132151515819237,0.19422207657697582,0,-0.015173463187541458,0.2936775396499755,0,-0.0048927400352632355,0.15867874524138645,0,-0.11426061027466461,-0.30844241658832583,0,-0.08498506586469579,-0.05347585124301819,0,-0.023569163230599075,0.11299977462634005
2026-06-17,738,74,736,0,-0.03276520774231893,0.31911680606405735,0,-0.01842924144473337,0.22355050391344078,0,-0.00453665867047821,0.2989787212224154,0,-0.015856445810456865,0.19840115386606533,0,-0.14861170668786616,-0.3921853084340337,0,-0.11849578637761513,-0.14111743452616723,0,-0.03170104443268651,0.0867946915232062
2026-06-18,741,75,739,0,-0.0387990639245907,0.25551546463787794,0,-0.027142136105707534,0.18253642599330577,0,0.018738357019224175,0.309887163641413,0,-0.023859485466207694,0.16393191105227808,0,-0.173140933465072,-0.46615379034600796,0,-0.13490111406133423,-0.25150216246769186,0,-0.025347694919092795,0.051585984386384384
2026-06-22,742,75,740,0,-0.04453861732852673,0.21921201660536463,0,-0.022431471427542374,0.15671366939795114,0,0.026187414647002076,0.2772423083512037,0,0.006240866757089125,0.15938745470830082,0,-0.15259825112631945,-0.48654677917550937,0,-0.1312230679736321,-0.3167101311028435,0,-0.008042160734212241,0.050321037301578705
2026-06-23,740,74,737,0,-0.011026559529497094,0.2563970122184811,0,-0.01171888285284275,0.19293520372427483,0,0.00639546723935001,0.22087447461006143,0,0.010921795533278728,0.12493721535105921,0,-0.1380666940967996,-0.3893633783669154,0,-0.11044259986060655,-0.20906504401574566,1,,0.07294248449897207
2026-06-24,741,75,738,0,-0.05180448983918023,0.227522693354037,0,-0.05053519078614653,0.16958773427313592,0,-0.01164858074681409,0.20247210789482764,0,-0.03350537580067962,0.09604463960870975,0,-0.1805853076283072,-0.4380137035837707,0,-0.16136739170636777,-0.26946913790280375,0,-0.023389952440989646,0.051939423464037696
2026-06-25,743,75,740,0,-0.07811779729511076,0.20362579384016602,0,-0.06179005083968699,0.10469478973146802,0,-0.02872414485954223,0.22128145358684492,0,-0.06237102295272824,0.07626954089456758,0,-0.17262069175475558,-0.36460247617572594,0,-0.13760312379551928,-0.1917855815467176,0,-0.024094835416407844,0.0638135545756586
2026-06-26,735,74,734,0,-0.07892533196307576,0.13798019100729414,0,-0.03961761585822582,0.039111185693536485,0,-0.047072274838566464,0.203646440815691,0,-0.05968127810470791,0.045878332032334504,0,-0.1675083939363037,-0.27277630756076027,0,-0.1277002939056755,-0.1456348665218405,0,-0.02490597178174975,0.060316587638561577
2026-06-29,736,74,735,0,-0.07430476440847025,0.14631001249300374,0,-0.049762636459188055,0.03533385422081796,0,-0.028835495568101003,0.1237412638184649,0,-0.05960299826883286,0.0666060674650309,0,-0.15833880827718003,-0.294840328477804,0,-0.10210908125277503,-0.14199514429683505,0,-0.014265362993488424,0.07106893673455031
2026-06-30,734,74,733,0,-0.06812637483503375,0.17907196311248408,0,-0.06749721690587256,0.09249021506890662,0,-0.013360847785447577,0.16041750623763268,0,-0.04614174026217412,0.06972216315094132,0,-0.18721390309380562,-0.3554812585822104,0,-0.12261368219207647,-0.19182088391110602,0,-0.00870792494394103,0.06958212739836647
2026-07-01,732,74,731,0,-0.08763311407490297,0.178555138415657,0,-0.08099962787670556,0.07951561697159876,0,-0.02362859280929093,0.17485872759335136,0,-0.032143730891535716,0.08250324369397698,0,-0.1709556630643664,-0.28298420811288794,0,-0.09924788426354003,-0.15605015254437715,0,-0.004593860270360817,0.09578985925304394
2026-07-02,726,73,726,0,-0.1047959108062221,0.178454433843865,0,-0.10003348643981036,0.07255581572104638,0,-0.02826642107876187,0.13277208313509745,0,-0.032815181729642685,0.06135327585942774,0,-0.17876054013265222,-0.31014940352316783,0,-0.10944376587921323,-0.18397233539271338,0,-0.02538144811289063,0.07357845519786511
2026-07-03,725,73,725,0,-0.08847067382050681,0.20606324880706334,0,-0.09494636810752792,0.10247606795139531,0,-0.01671525262553097,0.18067177615381208,0,-0.05911450995656976,0.07011130298377592,0,-0.17915569361887312,-0.3190341615260116,0,-0.13149105468825023,-0.18087487445758163,0,-0.03007714273025222,0.05926896051409926
2026-07-06,726,73,725,0,-0.08142569488714402,0.2232069775811522,0,-0.08343128069815622,0.14572920290930522,0,-0.019893281788239164,0.18461922490137367,0,-0.050209900253497836,0.1091980088831721,0,-0.16023410154114273,-0.2699875858286298,0,-0.1448357737581222,-0.1497945673160322,0,-0.04274529915130218,0.07619590387041937
2026-07-07,723,73,722,0,-0.03484615520446306,0.1906357971353351,0,-0.06442066306294325,0.1410643959236491,0,0.005797358572686278,0.13208281655954643,0,-0.03305622819226298,0.06774280917796144,0,-0.08726540878247795,-0.13195002040605,0,-0.07623501683652759,-0.0531560885554649,0,-0.0325105414489788,0.0812157727491537
2026-07-08,718,72,0,72,,,72,,,72,,,72,,,72,,,72,,,72,,
2026-07-09,718,72,0,72,,,72,,,72,,,72,,,72,,,72,,,72,,
2026-07-13,717,72,0,72,,,72,,,72,,,72,,,72,,,72,,,72,,
2026-07-14,717,72,0,72,,,72,,,72,,,72,,,72,,,72,,,72,,
2026-07-15,714,72,0,72,,,72,,,72,,,72,,,72,,,72,,,72,,
2026-07-16,715,72,0,72,,,72,,,72,,,72,,,72,,,72,,,72,,
2026-07-17,716,72,0,72,,,72,,,72,,,72,,,72,,,72,,,72,,
2026-07-20,713,72,0,72,,,72,,,72,,,72,,,72,,,72,,,72,,
2026-07-21,715,72,0,72,,,72,,,72,,,72,,,72,,,72,,,72,,
2026-07-22,714,72,0,72,,,72,,,72,,,72,,,72,,,72,,,72,,
2026-07-23,714,72,0,72,,,72,,,72,,,72,,,72,,,72,,,72,,
2026-07-24,712,72,0,72,,,72,,,72,,,72,,,72,,,72,,,72,,
2026-07-27,710,71,0,71,,,71,,,71,,,71,,,71,,,71,,,71,,
2026-07-28,705,71,0,71,,,71,,,71,,,71,,,71,,,71,,,71,,
2026-07-29,707,71,0,71,,,71,,,71,,,71,,,71,,,71,,,71,,
2026-07-30,704,71,0,71,,,71,,,71,,,71,,,71,,,71,,,71,,
2026-07-31,700,70,0,70,,,70,,,70,,,70,,,70,,,70,,,70,,
2026-08-03,697,70,0,70,,,70,,,70,,,70,,,70,,,70,,,70,,
2026-08-04,695,70,0,70,,,70,,,70,,,70,,,70,,,70,,,70,,
2026-08-05,684,69,0,69,,,69,,,69,,,69,,,69,,,69,,,69,,
2026-08-06,690,69,0,69,,,69,,,69,,,69,,,69,,,69,,,69,,
2026-08-07,687,69,0,69,,,69,,,69,,,69,,,69,,,69,,,69,,
2026-08-10,687,69,0,69,,,69,,,69,,,69,,,69,,,69,,,69,,
2026-08-11,679,68,0,68,,,68,,,68,,,68,,,68,,,68,,,68,,
2026-08-12,671,68,0,68,,,68,,,68,,,68,,,68,,,68,,,68,,
2026-08-13,667,67,0,67,,,67,,,67,,,67,,,67,,,67,,,67,,
2026-08-14,661,67,0,67,,,67,,,67,,,67,,,67,,,67,,,67,,
2026-08-17,661,67,0,67,,,67,,,67,,,67,,,67,,,67,,,67,,
2026-08-18,664,67,0,67,,,67,,,67,,,67,,,67,,,67,,,67,,
2026-08-19,662,67,0,67,,,67,,,67,,,67,,,67,,,67,,,67,,
2026-08-20,665,67,0,67,,,67,,,67,,,67,,,67,,,67,,,67,,
2026-08-21,665,67,0,67,,,67,,,67,,,67,,,67,,,67,,,67,,
2026-08-24,661,67,0,67,,,67,,,67,,,67,,,67,,,67,,,67,,
2026-08-25,655,66,0,66,,,66,,,66,,,66,,,66,,,66,,,66,,
2026-08-26,653,66,0,66,,,66,,,66,,,66,,,66,,,66,,,66,,
2026-08-27,645,65,0,65,,,65,,,65,,,65,,,65,,,65,,,65,,
2026-08-28,638,64,0,64,,,64,,,64,,,64,,,64,,,64,,,64,,
2026-08-31,640,64,0,64,,,64,,,64,,,64,,,64,,,64,,,64,,
2026-09-01,639,64,0,64,,,64,,,64,,,64,,,64,,,64,,,64,,
2026-09-02,634,64,0,64,,,64,,,64,,,64,,,64,,,64,,,64,,
2026-09-03,630,63,0,63,,,63,,,63,,,63,,,63,,,63,,,63,,
2026-09-04,629,63,0,63,,,63,,,63,,,63,,,63,,,63,,,63,,
2026-09-07,628,63,0,63,,,63,,,63,,,63,,,63,,,63,,,63,,
2026-09-08,630,63,0,63,,,63,,,63,,,63,,,63,,,63,,,63,,
2026-09-09,627,63,0,63,,,63,,,63,,,63,,,63,,,63,,,63,,
2026-09-10,623,63,0,63,,,63,,,63,,,63,,,63,,,63,,,63,,
2026-09-11,621,63,0,63,,,63,,,63,,,63,,,63,,,63,,,63,,
2026-09-14,622,63,0,63,,,63,,,63,,,63,,,63,,,63,,,63,,
2026-09-15,622,63,0,63,,,63,,,63,,,63,,,63,,,63,,,63,,
2026-09-16,616,62,0,62,,,62,,,62,,,62,,,62,,,62,,,62,,
2026-09-17,618,62,0,62,,,62,,,62,,,62,,,62,,,62,,,62,,
2026-09-18,628,63,0,63,,,63,,,63,,,63,,,63,,,63,,,63,,
2026-09-21,630,63,0,63,,,63,,,63,,,63,,,63,,,63,,,63,,
2026-09-22,634,64,0,64,,,64,,,64,,,64,,,64,,,64,,,64,,
2026-09-23,630,63,0,63,,,63,,,63,,,63,,,63,,,63,,,63,,
2026-09-24,629,63,0,63,,,63,,,63,,,63,,,63,,,63,,,63,,
2026-09-29,631,64,0,64,,,64,,,64,,,64,,,64,,,64,,,64,,
2026-09-30,628,63,0,63,,,63,,,63,,,63,,,63,,,63,,,63,,
2026-10-01,627,63,0,63,,,63,,,63,,,63,,,63,,,63,,,63,,
