symbol,ex_date,payment_date,cash_per_share,announced_date,amount_source_url,payment_source_url,evidence_status
0050,2025-01-17,2025-02-20,2.7,2025-01-15,https://www.twse.com.tw/en/ETFortune-institute/dividendList?endDate=2025&startDate=2025&stkNo=0050,https://www.twse.com.tw/en/ETFortune-institute/dividendList?endDate=2025&startDate=2025&stkNo=0050,official_etf
0050,2025-07-21,2025-08-08,0.36,2025-07-17,https://www.twse.com.tw/en/ETFortune-institute/dividendList?endDate=2025&startDate=2025&stkNo=0050,https://www.twse.com.tw/en/ETFortune-institute/dividendList?endDate=2025&startDate=2025&stkNo=0050,official_etf
2603,2025-06-19,2025-07-18,32.5,2025-06-03,https://www.moneydj.com/KMDJ/News/NewsViewer.aspx?a=15aeb1cb-ad2e-4d0e-a807-2ce044d93418,https://www.moneydj.com/KMDJ/News/NewsViewer.aspx?a=15aeb1cb-ad2e-4d0e-a807-2ce044d93418,mops_republication
8011,2025-06-17,2025-07-11,1.4,2025-05-26,https://www.moneydj.com/kmdj/news/newsviewer.aspx?a=77d64422-594d-49da-9ad5-4f10b5d8a101,https://www.moneydj.com/kmdj/news/newsviewer.aspx?a=77d64422-594d-49da-9ad5-4f10b5d8a101,mops_republication
2303,2025-06-24,2025-07-16,2.85016443,2025-06-04,https://www.umc.com/zh-TW/IR_Stock/dividend_information,https://www.moneydj.com/kmdj/news/newsviewer.aspx?a=582f3cb0-f442-470b-ad2b-ea8fab1e06ba,issuer_amount_mops_republication_payment
1616,2025-07-09,2025-08-01,1.8036,2025-06-24,https://www.moneydj.com/kmdj/news/newsviewer.aspx?a=0d4aff08-895c-4597-a5c4-447b2bc4a729,https://www.moneydj.com/kmdj/news/newsviewer.aspx?a=0d4aff08-895c-4597-a5c4-447b2bc4a729,mops_republication
4551,2025-07-23,2025-08-22,4.2,2025-07-01,https://www.moneydj.com/kmdj/news/newsviewer.aspx?a=2d73867e-43f0-44b7-bdd2-16c7226d1e86,https://www.moneydj.com/kmdj/news/newsviewer.aspx?a=2d73867e-43f0-44b7-bdd2-16c7226d1e86,mops_republication
8499,2025-07-11,2025-08-08,8.06218791,2025-06-26,https://www.moneydj.com/kmdj/news/newsviewer.aspx?a=8f3615bf-556e-4751-a41c-1b14dfada79d,https://www.moneydj.com/kmdj/news/newsviewer.aspx?a=8f3615bf-556e-4751-a41c-1b14dfada79d,mops_republication_amended
6672,2025-06-27,2025-07-18,3.35,2025-03-12,https://www.moneydj.com/kmdj/news/newsviewer.aspx?a=0b9cbae8-6c83-4613-955a-07dfcc55e378,https://www.moneydj.com/kmdj/news/newsviewer.aspx?a=0b9cbae8-6c83-4613-955a-07dfcc55e378,mops_republication
6625,2025-06-19,2025-07-16,4,2025-06-04,https://www.moneydj.com/kmdj/news/newsviewer.aspx?a=7ca9b3c1-7ec6-466f-8865-32179b5aeffc,https://www.moneydj.com/kmdj/news/newsviewer.aspx?a=7ca9b3c1-7ec6-466f-8865-32179b5aeffc,mops_republication
3002,2025-09-17,2025-10-17,0.69781688,2025-09-02,https://www.moneydj.com/kmdj/news/newsviewer.aspx?a=6272b79c-1e36-4a2f-87e8-cf7281782152,https://www.moneydj.com/kmdj/news/newsviewer.aspx?a=f116fbc0-b529-4ba4-93b7-7a5651b64a28,mops_republication_amended
4569,2025-08-07,2025-09-08,5.71127779,2025-07-10,https://www.moneydj.com/KMDJ/News/NewsViewer.aspx?a=6c3a58c7-cacc-4acf-9eb0-df9f8a75a850,https://www.moneydj.com/KMDJ/News/NewsViewer.aspx?a=6c3a58c7-cacc-4acf-9eb0-df9f8a75a850,mops_republication_amended
4770,2025-03-27,2025-04-30,12,2025-03-11,https://www.alliedsupreme.com/tw/investor/investor-2/investor-10,https://www.alliedsupreme.com/tw/investor/investor-2/investor-10,issuer_terms
4949,2025-03-27,2025-04-25,1.1,2025-03-07,https://www.moneydj.com/kmdj/news/newsviewer.aspx?a=366d9231-e879-44ff-92a4-8c3d772234f1,https://www.moneydj.com/kmdj/news/newsviewer.aspx?a=366d9231-e879-44ff-92a4-8c3d772234f1,mops_republication
8021,2025-07-03,2025-07-29,1.20685848,2025-06-10,https://www.moneydj.com/kmdj/news/newsviewer.aspx?a=f222fb35-364f-4952-9dce-42995c9ca463,https://www.moneydj.com/kmdj/news/newsviewer.aspx?a=695e0adf-5361-4556-8260-b96d196ff31b,mops_republication_amended
1419,2025-07-24,2025-08-22,1.5,2025-07-08,https://www.moneydj.com/kmdj/news/newsviewer.aspx?a=770a3249-25e3-4731-ab7f-14465112b6ff,https://www.moneydj.com/kmdj/news/newsviewer.aspx?a=770a3249-25e3-4731-ab7f-14465112b6ff,mops_republication
2615,2025-06-24,2025-07-23,3.5,2025-05-29,https://www.moneydj.com/kmdj/news/newsviewer.aspx?a=e00f951b-51e1-4806-9506-eb0073110f1c,https://www.moneydj.com/kmdj/news/newsviewer.aspx?a=e00f951b-51e1-4806-9506-eb0073110f1c,mops_republication
3596,2025-06-02,2025-06-27,7.5,2025-05-07,https://www.arcadyan.com/zh-hant/investor/dividend-history/,https://www.moneydj.com/kmdj/news/newsviewer.aspx?a=0a9ee8cf-f1e8-4615-9dcb-9a9c844589e5,issuer_amount_mops_republication_payment
8045,2025-07-03,2025-07-25,1.96783050,2025-04-28,https://www.moneydj.com/kmdj/news/newsviewer.aspx?a=77be9fd4-77c9-4b40-b41a-3dbb49ec4ea5,https://www.moneydj.com/kmdj/news/newsviewer.aspx?a=77be9fd4-77c9-4b40-b41a-3dbb49ec4ea5,mops_republication_amended
8072,2025-07-04,2025-08-01,1,2025-06-19,https://www.moneydj.com/kmdj/news/newsviewer.aspx?a=cb0da927-e323-4549-9c2a-6f9f75c81a96,https://www.moneydj.com/kmdj/news/newsviewer.aspx?a=cb0da927-e323-4549-9c2a-6f9f75c81a96,mops_republication
2832,2025-06-16,2025-07-11,2,2025-05-29,https://www.moneydj.com/kmdj/news/newsviewer.aspx?a=27ea9622-4b1a-4108-8e36-f6cb6a8c33de,https://www.moneydj.com/kmdj/news/newsviewer.aspx?a=27ea9622-4b1a-4108-8e36-f6cb6a8c33de,mops_republication
6412,2025-06-10,2025-07-09,6,2025-03-03,https://www.moneydj.com/kmdj/news/newsviewer.aspx?a=2d7bd3db-382e-4855-b073-852297d5752d,https://www.moneydj.com/kmdj/news/newsviewer.aspx?a=2d7bd3db-382e-4855-b073-852297d5752d,mops_republication
3036,2025-06-30,2025-07-23,5.99800066,2025-06-13,https://www.moneydj.com/kmdj/news/newsviewer.aspx?a=7c18b460-fd25-40e2-9c3e-2aaeb3fa7543,https://www.moneydj.com/kmdj/news/newsviewer.aspx?a=13897ca2-bd77-43c2-bc1d-8d58a4a715ba,mops_republication_amended
3705,2025-06-24,2025-07-16,3,2025-03-28,https://www.moneydj.com/kmdj/news/newsviewer.aspx?a=c4e92566-b415-44a7-bea7-a191c14f2083,https://www.moneydj.com/kmdj/news/newsviewer.aspx?a=c4e92566-b415-44a7-bea7-a191c14f2083,mops_republication
9902,2025-07-09,2025-08-01,0.3,2025-06-24,https://www.moneydj.com/kmdj/news/newsviewer.aspx?a=8bf75f93-099c-4381-bd44-16f1298eaa88,https://www.moneydj.com/kmdj/news/newsviewer.aspx?a=8bf75f93-099c-4381-bd44-16f1298eaa88,mops_republication
4532,2025-04-10,2025-05-08,1.5,2025-03-11,https://www.moneydj.com/kmdj/news/newsviewer.aspx?a=1a929929-af0a-419d-90e0-7babce907f2a,https://www.moneydj.com/kmdj/news/newsviewer.aspx?a=1a929929-af0a-419d-90e0-7babce907f2a,mops_republication
2731,2025-07-11,2025-08-05,7.5,2025-06-26,https://www.moneydj.com/kmdj/news/newsviewer.aspx?a=32c2a65b-8eba-4a1c-873c-83aef5dbef9f,https://www.moneydj.com/kmdj/news/newsviewer.aspx?a=32c2a65b-8eba-4a1c-873c-83aef5dbef9f,mops_republication
2630,2025-03-17,2025-04-15,0.62056,2025-02-26,https://tw.stock.yahoo.com/news/%E5%85%AC%E5%91%8A-%E4%BA%9E%E8%88%AA%E8%91%A3%E4%BA%8B%E6%9C%83%E6%B1%BA%E8%AD%B0%E8%82%A1%E5%88%A9%E5%88%86%E6%B4%BE-091423782.html,https://www.moneydj.com/kmdj/news/newsviewer.aspx?a=4c24600f-232f-4c08-bf4d-22028ee7f03e,mops_republication_issuer_crosscheck
6835,2025-03-28,2025-04-21,2,2025-03-04,https://www.moneydj.com/kmdj/news/newsviewer.aspx?a=568dc183-bf5a-43c1-9c12-2c626656616c,https://www.moneydj.com/kmdj/news/newsviewer.aspx?a=568dc183-bf5a-43c1-9c12-2c626656616c,mops_republication
6756,2025-04-18,2025-05-22,1.79956203,2025-03-28,https://www.moneydj.com/kmdj/news/newsviewer.aspx?a=1b6fcb41-6413-4fd6-baa6-a8ba2f6ab750,https://ecorp.ctbcbank.com/cts/static/ag_dividend.jsp,mops_republication_amended_agent_crosscheck
