symbol,ex_date,prior_cash_per_share,revised_cash_per_share,revised_announced_date,prior_source_url,revised_source_url,reason
3002,2025-09-17,0.69876859,0.69781688,2025-09-02,https://www.moneydj.com/kmdj/news/newsviewer.aspx?a=f116fbc0-b529-4ba4-93b7-7a5651b64a28,https://www.moneydj.com/kmdj/news/newsviewer.aspx?a=6272b79c-1e36-4a2f-87e8-cf7281782152,庫藏股轉讓員工
4569,2025-08-07,5.6,5.71127779,2025-07-10,https://www.moneydj.com/KMDJ/News/NewsViewer.aspx?a=6c3a58c7-cacc-4acf-9eb0-df9f8a75a850,https://www.moneydj.com/KMDJ/News/NewsViewer.aspx?a=6c3a58c7-cacc-4acf-9eb0-df9f8a75a850,買回庫藏股
8021,2025-07-03,1.2,1.20685848,2025-06-10,https://www.moneydj.com/kmdj/news/newsviewer.aspx?a=f222fb35-364f-4952-9dce-42995c9ca463,https://www.moneydj.com/kmdj/news/newsviewer.aspx?a=f222fb35-364f-4952-9dce-42995c9ca463,執行庫藏股
8045,2025-07-03,2,1.96783050,2025-04-28,https://www.moneydj.com/kmdj/news/newsviewer.aspx?a=77be9fd4-77c9-4b40-b41a-3dbb49ec4ea5,https://www.moneydj.com/kmdj/news/newsviewer.aspx?a=77be9fd4-77c9-4b40-b41a-3dbb49ec4ea5,員工認股權行使
6756,2025-04-18,1.8,1.79956203,2025-03-28,https://www.moneydj.com/kmdj/news/newsviewer.aspx?a=373e1075-8d8d-4a28-b4dc-1110a48ac564,https://www.moneydj.com/kmdj/news/newsviewer.aspx?a=1b6fcb41-6413-4fd6-baa6-a8ba2f6ab750,員工認股權行使
9802,2025-03-18,2,1.90014758,2025-03-03,https://www.moneydj.com/kmdj/news/newsviewer.aspx?a=2782c48e-e89b-43b5-892f-efc5f2a2af3f,https://www.moneydj.com/kmdj/news/newsviewer.aspx?a=26928753-5d70-4357-8520-66440daa6673,現金增資及可轉換公司債
6658,2025-05-22,1.2,1.08452021,2025-05-05,https://www.moneydj.com/kmdj/news/newsviewer.aspx?a=e28f2c55-a9f1-4ce8-adc4-807c2dc4e31f,https://www.moneydj.com/kmdj/news/newsviewer.aspx?a=e28f2c55-a9f1-4ce8-adc4-807c2dc4e31f,現金增資
4722,2025-06-10,1.4,1.39624577,2025-05-09,https://www.moneydj.com/kmdj/news/newsviewer.aspx?a=608c789f-c6fe-4315-bd53-09db48386b98,https://www.qualipoly.com/zh-tw/a3-2824/%E8%82%A1%E5%88%A9%E8%B3%87%E8%A8%8A.html,員工認股權行使
8467,2025-06-13,2,2.05788749,2025-05-28,https://www.moneydj.com/kmdj/news/newsviewer.aspx?a=9d4d223f-2ace-4a2d-a3c5-4e4172d4b01b,https://news.cnyes.com/news/id/5997640,庫藏股買回
1786,2025-04-25,3.25,3.23959430,2025-04-10,https://www.moneydj.com/kmdj/news/newsviewer.aspx?a=c6b25ab7-81c5-4ca0-a475-74b292ce41cc,https://news.gbimonthly.com/tw/invest/show.php?num=75990,可轉換公司債轉股增加流通股數
6768,2025-06-23,6.18491925,6.17546298,2025-06-06,https://m.moneydj.com/f1a.aspx?a=67c19a7c-8f79-4822-8976-0f63746e1be9,https://news.cnyes.com/news/print/6009926,可轉換公司債轉股，流通股數增加
