date,pool,top_count,known_endpoint_pool,price_tree_unknown,price_tree_top_net_relative,price_tree_rank_ic_observed,all_tree_unknown,all_tree_top_net_relative,all_tree_rank_ic_observed,all_margin_tree_unknown,all_margin_tree_top_net_relative,all_margin_tree_rank_ic_observed,all_margin_ridge_unknown,all_margin_ridge_top_net_relative,all_margin_ridge_rank_ic_observed,vol20_unknown,vol20_top_net_relative,vol20_rank_ic_observed
2024-01-02,631,64,631,0,-0.06080570027907214,0.0429306923883288,0,-0.07750064601372433,0.006495404542422955,0,-0.08138592734912617,0.0047674950596320155,0,-0.06460318618983919,-0.019173053467388318,0,-0.061335186493358104,-0.008611008834601594
2024-01-03,633,64,633,0,-0.05179109735085846,0.07837690067788028,0,-0.07085353704365763,0.004536155212751546,0,-0.072022502031245,-0.0024931998774099053,0,-0.0535681688826792,-0.017625513709139635,0,-0.05042907502270799,-0.012838084523506824
2024-01-04,629,63,629,0,-0.05774331287168036,0.06184565269563685,0,-0.06358167151504995,0.003678803735761659,0,-0.05276129979634984,-0.013986219512661277,0,-0.05689076522968008,-0.022716950008106643,0,-0.048431415363218676,0.01719473005934049
2024-01-05,625,63,625,0,-0.06681845822312953,0.0034837570203714156,0,-0.06313438763747067,-0.022476737516216785,0,-0.06452976519152025,-0.03583904440356511,0,-0.06586235213102584,-0.007136498961170174,0,-0.03842167148785847,0.04507468423430589
2024-01-08,622,63,622,0,-0.05666167162340216,0.02908788444473479,0,-0.06569520916526234,0.0046010072588561525,0,-0.056648727722391094,-0.0023468797240971443,0,-0.06462680011580231,0.0004950523439001849,0,-0.051052286230814876,0.042770901843000975
2024-01-09,622,63,622,0,-0.09484241680141149,0.014880260033549978,0,-0.10549229495187273,-0.0028270498685938985,0,-0.08800864179747579,0.011053579481624581,0,-0.09100456915396572,-0.01588889093620853,0,-0.07325624281219274,0.13062232522166745
2024-01-10,617,62,617,0,-0.03308834494207863,0.09684867014199992,0,-0.08103859542999123,0.02973886333277213,0,-0.08234513455216903,0.00829707847219795,0,-0.07178731073627691,0.028225148269133176,0,-0.04164373831215145,0.13898388740769968
2024-01-11,620,62,620,0,-0.0487076823898316,0.10188413658413456,0,-0.06879748552135886,0.07422103723002993,0,-0.05809232269634248,0.0436960920986884,0,-0.05153659774103963,0.09106694563092614,0,-0.037904265741752735,0.13022596638401762
2024-01-12,617,62,617,0,-0.018822193997512972,0.11833098515725683,0,-0.07336241641674,0.06137405374956589,0,-0.07185223992632633,0.03997963492140579,0,-0.04104155858791765,0.11160361429822814,0,-0.03808058732572454,0.12751537100568458
2024-01-15,610,61,610,0,-0.06568784108352124,0.014853521485157,0,-0.05544274373520174,0.038351341584718174,0,-0.06600990366570926,0.035793135131769606,0,-0.05797784513750627,0.04006905151082717,0,-0.03733161202302117,0.12210612262579829
2024-01-16,611,62,611,0,-0.057565070914022305,0.09387417825635244,0,-0.04401598264354477,0.06972003517006793,0,-0.05704110011520245,0.053436491570563086,0,-0.042559141566747165,0.06489638239983586,0,-0.025117551291656093,0.11682915523498312
2024-01-17,611,62,611,0,-0.055419892851452525,0.08020144564152211,0,-0.07470731202433865,0.05211402128712492,0,-0.08235103652775462,0.04154726866634842,0,-0.07534571350785274,0.03186907969479606,0,-0.04390226805259269,0.12048828387530959
2024-01-18,611,62,611,0,-0.017777658469249825,0.08891837088756797,0,-0.041021913747191066,0.050972791519369585,0,-0.038515726414505506,0.051323350576496986,0,-0.009526973729207733,0.03238269233091104,0,-0.0042213416648557035,0.10510700652789001
2024-01-19,609,61,609,0,-0.02473527557236785,0.08395367613018642,0,-0.020724321768627017,0.027054820611924962,0,-0.030632643475765827,0.014863176658740236,0,-0.03308142570542212,0.02428935604288559,0,0.0036589954238415356,0.0806508118040091
2024-01-22,609,61,609,0,-0.02936464847198213,0.03313039020169003,0,-0.027234152184957776,-0.01411528813533656,0,-0.05801030497334969,0.0005611475206467357,0,-0.02730868364957019,0.023952583512673136,0,0.013287918957453881,0.07569498587968865
2024-01-23,605,61,605,0,-0.03779182538203386,-0.009021223651294203,0,-0.018368796296797725,-0.06309667895959335,0,-0.05699486229544185,-0.04672468211668234,0,-0.04063756375861415,-0.04303455593334938,0,0.04701943272688081,0.08685683985953274
2024-01-24,608,61,608,0,-0.07051247057899901,-0.08984515945090146,0,-0.060651991265349016,-0.07545498860359506,0,-0.07134977629472278,-0.04942868477099634,0,-0.034995542962599394,-0.09162218713810658,0,0.02188303464041747,0.10204313068251954
2024-01-25,611,62,611,0,-0.06337174606424938,-0.07363927840635391,0,-0.05812558362120905,-0.09650395710694741,0,-0.07127964517336545,-0.07929601979776904,0,-0.07709423117789879,-0.09843985794555904,0,0.062183635085384284,0.16549250705156582
2024-01-26,611,62,611,0,-0.05574317692079823,-0.03959470827058578,0,-0.06836712241725039,-0.07901314955519616,0,-0.06042790555485424,-0.03807481183327658,0,-0.032605193101308896,-0.07838510513049642,0,0.044189672626241544,0.19173670723694422
2024-01-29,608,61,608,0,-0.09139110084952175,-0.005428655722229286,0,-0.1009901111378953,-0.04545582502917219,0,-0.08200244136139276,0.01695763160228158,0,-0.07304269213094998,-0.06940010154786766,0,-0.028421360819773048,0.08722414289805043
2024-01-30,602,61,602,0,-0.11864215415553273,0.03004305826627802,0,-0.12926991595860532,-0.01934543828231428,0,-0.11437164182220066,0.02966518168596695,0,-0.1203284303363942,-0.09054800175964611,0,-0.08299390646994749,-0.0012723770005889361
2024-01-31,604,61,604,0,-0.10340663311775918,0.038399869123535754,0,-0.10616743061930099,0.0009474274950026834,0,-0.08750898706485313,0.054013387716335945,0,-0.10335046075680528,-0.07305266671949213,0,-0.07221749876825496,0.037525360989916594
2024-02-01,599,60,599,0,-0.09974380421458721,0.05531599797410389,0,-0.11584891236717702,0.016397508238263962,0,-0.08802470563259704,0.07726565222691333,0,-0.10675360014041975,-0.048900985291859884,0,-0.07183215153513159,-0.009846623267595802
2024-02-02,598,60,598,0,-0.12219382173349534,0.07662310444737944,0,-0.11151144160557312,0.05949374056812119,0,-0.09444629083600646,0.0947491398552478,0,-0.10739990270260537,-0.0020085242052334507,0,-0.11285555587169059,-0.07867830880836675
2024-02-05,594,60,593,0,-0.07414940607387874,0.019456020110869852,0,-0.042041467647596295,0.08069915005641579,0,-0.02975074056887354,0.10236106693622969,0,-0.0396921488421545,0.013121795706587091,0,-0.09553526752148828,-0.14970123904956104
2024-02-15,600,60,600,0,-0.07394046730888763,0.06116813474531,0,-0.06685479017136584,0.059025792287503834,0,-0.048573535105548196,0.1150249363959902,0,-0.06253160583297843,0.047509923606850864,0,-0.11233256165874053,-0.17224677870192526
2024-02-16,602,61,602,0,-0.09281162650310333,0.03975349975999765,0,-0.08512625779420292,0.03981452651577474,0,-0.07154200642805278,0.09036954203297562,0,-0.06877747103409806,0.03354144905487666,0,-0.11806159170251622,-0.15229558302285162
2024-02-19,614,62,614,0,-0.10567198700283234,0.012360432230853204,0,-0.09147970209594884,0.06109574335517103,0,-0.08214550226860824,0.09425611410204016,0,-0.08738900459327759,0.023984663737753233,0,-0.13773911460066635,-0.157732314104101
2024-02-20,619,62,619,0,-0.08914791696575201,0.02787898952418581,0,-0.07631059107078066,0.09623161166443996,0,-0.05007478838006302,0.12755384045253076,0,-0.08084514745095722,0.0363427529106925,0,-0.13367906685496886,-0.1716621671816977
2024-02-21,622,63,622,0,-0.10993888233351203,0.047037900900295866,0,-0.10469707239442662,0.08039039096805123,0,-0.07972261842098335,0.13040783124676855,0,-0.09808787342324482,0.004370024332863368,0,-0.1580012940314107,-0.2005567101028239
2024-02-22,619,62,619,0,-0.10574721360656349,0.07746189687017706,0,-0.09619922627291153,0.05752791297449916,0,-0.07554930188356605,0.0924558743813867,0,-0.07465336426148314,-0.02545858825215473,0,-0.1473706916633592,-0.17305723540867088
2024-02-23,620,62,620,0,-0.07458555514032657,0.11160946624824242,0,-0.08215697266899367,0.09498060067479801,0,-0.05326458123357384,0.10505151181443242,0,-0.060226221911878035,-0.012789609787361203,0,-0.10781138122842739,-0.1291929862942934
2024-02-26,628,63,628,0,-0.09094105181708349,0.14012860150924858,0,-0.09953001121523058,0.09889184274907914,0,-0.07861444472198605,0.13748113784492064,0,-0.08338774430155214,0.07715160294266153,0,-0.1337294591638095,-0.22587208211120038
2024-02-27,637,64,637,0,-0.08419845594349694,0.14232263015058647,0,-0.099948393872173,0.08409531283717432,0,-0.07345748136399155,0.13067366614434484,0,-0.07500656202418775,0.05366783611439502,0,-0.1289679612254474,-0.20258198050170165
2024-02-29,638,64,638,0,-0.07452801192752527,0.14111957753015417,0,-0.09612157105518687,0.10788945589850187,0,-0.08353843454664733,0.1480311426602097,0,-0.08116188158724927,0.11165261629152869,0,-0.15076215129847054,-0.25973262426339033
2024-03-01,645,65,645,0,-0.0827976588855712,0.13682314698354042,0,-0.10003866547636565,0.09912046777176615,0,-0.08462994840896278,0.1446405836228655,0,-0.08253633720238719,0.1116682905108369,0,-0.16045149357114852,-0.3037125128258758
2024-03-04,648,65,648,0,-0.06586296002628697,0.11972274101378243,0,-0.07133873069663886,0.0648174987016969,0,-0.05218347947023953,0.13069701542330064,0,-0.057670596234219766,0.11216627618471116,0,-0.11574648064205559,-0.31562594729518745
2024-03-05,659,66,659,0,-0.08489589019846526,0.11882708189104672,0,-0.08562022029958369,0.08406303605025071,0,-0.06731646387618725,0.1554650044536591,0,-0.07317294970652351,0.12370749387505918,0,-0.14327636030188434,-0.30415925726680254
2024-03-06,657,66,657,0,-0.06259601231116707,0.13399817839452172,0,-0.05989735478095375,0.08878462244994993,0,-0.0503182041918594,0.1555044378770698,0,-0.05124098601754452,0.14728352783958215,0,-0.11247813818687676,-0.3484744252453292
2024-03-07,675,68,675,0,-0.024581355695796718,0.10632223372260852,0,-0.027524024961383693,0.030821399142400063,0,-0.015594518614501092,0.06872319805069675,0,0.00261469135972111,0.10549755657194056,0,-0.04820415953319828,-0.27652723935188744
2024-03-08,682,69,682,0,0.00463370474352348,0.06614769112514848,0,-0.031063257181952852,-0.027508482008141766,0,-0.026860982276995456,-0.007264866878614866,0,-0.010893177970558499,0.05169802261689986,0,-0.022055637500563195,-0.15590838300110374
2024-03-11,687,69,687,0,-0.04190149016086449,0.06086746807185477,0,-0.03829156163285263,0.013283264800256973,0,-0.020656564923907193,0.03888268333821612,0,-0.025180741356450674,0.029720433419271258,0,-0.04355471833296791,-0.1394034999305808
2024-03-12,694,70,694,0,-0.032022310642640404,0.09147480710919341,0,-0.025318151504505015,0.02393095175871522,0,-0.024043375805359486,0.051820358498284674,0,-0.023184748384469656,0.049301560360622824,0,-0.05730362033662784,-0.2089031077485025
2024-03-13,699,70,698,0,-0.01109010110226487,0.058405095012230054,0,-0.002308994768422615,0.003953830962615358,0,-0.002936886903810974,0.01751492686092011,0,-0.006777982255204976,0.007951612004116345,1,,-0.026560562366225195
2024-03-14,699,70,699,0,-0.013411748677889865,0.05220001944945831,0,-0.0048480067289461,0.020091530860765806,0,0.01236934127663283,0.02178912017764985,0,0.00026112702838683324,0.05118171181038279,0,0.006529799957311133,0.007884681350512712
2024-03-15,701,71,701,0,-0.02157490706963706,0.05346137326523321,0,-0.014897540147770158,-0.01676551917219522,0,-0.011842265510818283,-0.011787995486614302,0,-0.007723681904757148,0.03574173056843829,0,-0.015271776220838284,-0.10605325658941026
2024-03-18,701,71,701,0,-0.009797639973314053,-0.0013546156620108827,0,0.0011018493323426703,0.00953750720866168,0,0.002399761431664092,0.019133451823380457,0,-0.0036951892750155505,-0.02173713001480426,0,-0.01401012979476391,-0.06725513163598042
2024-03-19,703,71,703,0,-0.012176157263616582,0.04455618139671977,0,0.003795039132206465,-0.004766594902711939,0,-0.007409353400725881,-0.033860528778292834,0,0.004094698161167096,0.03101978963762702,0,-0.013136562443304476,-0.08463365497018982
2024-03-20,702,71,702,0,0.03127304940477028,0.09521336893175135,0,0.053300963859710955,0.0009562437945944336,0,0.028054906601724043,-0.042003531155919295,0,0.03812960679767512,0.04403636654035058,0,0.020702084679301097,-0.13377804725624234
2024-03-21,702,71,702,0,0.017449932117491185,0.06796903174643769,0,0.034715127990682715,-0.034357257189661254,0,0.0351085141989134,-0.025541074782758282,0,0.04042260566007591,0.05631561698183528,0,-0.008581150230645063,-0.23755192681626677
2024-03-22,699,70,699,0,0.02107433512093814,0.031885640205254834,0,0.039739052521582684,-0.038941765341500796,0,0.015495119644552911,0.004375469382228765,0,0.024365917162386317,0.07404026426176712,0,-0.003499688277850028,-0.21543018606215525
2024-03-25,700,70,700,0,-0.012541904156554788,0.0035025385261439708,0,0.030956856524145784,-0.019562090676192856,0,0.018899986003344596,0.026269388571335785,0,0.007435192569158991,0.020968088009807876,0,-0.01108340164906662,-0.16302328820402254
2024-03-26,701,71,701,0,0.029813192241414124,0.025605025328027074,0,0.047977851557107966,-0.046522136627977204,0,0.05092976993422426,-0.0019465652714177638,0,0.01342485089055741,-0.02726443733710978,0,0.02740878924419841,-0.10974603877598971
2024-03-27,704,71,703,1,,0.05781648855902883,0,0.01789006027088674,-0.045746885988130204,0,0.041805239712890976,0.0021922405949730576,0,-0.0063734450659032596,-0.03753988159628299,1,,-0.11704441632870626
2024-03-28,700,70,700,0,0.016274986742327878,0.04125647228412647,0,0.01540603735415653,-0.045570183652516034,0,0.0351479268858097,-0.011129936029369373,0,-0.002356958424887696,-0.021034854895728754,0,-0.0028324712528384455,-0.13705400357754724
2024-03-29,699,70,699,0,0.02937045979703226,0.05573844259833988,0,0.026290564935066252,-0.03891440762618963,0,0.0180570527649422,-0.01638754167014402,0,0.01915937095559731,-0.00794497379694787,0,0.020249220861767264,-0.11143874423937664
2024-04-01,698,70,698,0,0.04459982826040921,0.10614416617060388,0,0.045059651466015066,0.005919710143331969,0,0.051183808473284555,0.0004204280945688519,0,0.024853473109432415,-0.02111623879652382,0,0.01401119909529777,-0.13279107301422277
2024-04-02,697,70,697,0,0.05222750759278125,0.11711370401849287,0,0.04864306625103099,-0.0031642424671294196,0,0.04293297218251294,-0.0066602667599241485,0,0.02051083296962734,-0.009068856804734772,0,0.02271686683315232,-0.15643082493793561
2024-04-03,697,70,697,0,0.02341338066351294,0.10335752341839688,0,0.030378526192081878,0.01716103987951246,0,0.013933262025031493,0.023848167719246232,0,0.016164571523395347,0.02236011140098015,0,-0.0022415388676044422,-0.19085972862224587
2024-04-08,697,70,697,0,0.009755781145259459,0.12954633124306436,0,0.02179764082034741,0.015221087286464648,0,0.00805213600305219,0.044833966639394526,0,-0.006779462939288148,0.011939894923631579,0,-0.006375282666550165,-0.18612828719158026
2024-04-09,693,70,693,0,0.025035609966186496,0.15298820685918563,0,0.012231585405656784,0.04467005019403626,0,0.006506340651738647,0.06699159920835639,0,-0.003973607638689661,0.04677976474329199,0,0.008328582351550777,-0.15092796170246947
2024-04-10,697,70,697,0,0.02303809007769482,0.17152333229369615,0,0.0033287115260246794,0.06618436343129035,0,0.00607105121277027,0.08821140054292376,0,-0.0011825465487077143,0.05164674468528829,0,0.013939145266370148,-0.13108634185007875
2024-04-11,697,70,697,0,0.009682607389369418,0.11659077703156202,0,0.0008914689415929259,0.021518259087413342,0,-0.004326533054627169,0.04768838200358312,0,0.01455336692477353,0.00154291914334252,0,-0.0033747321913980364,-0.18995359299576145
2024-04-12,694,70,694,0,-0.005523177448595488,0.08502951904887673,0,-0.02533840018877247,0.04068894510470753,0,-0.030189569371640877,0.07763412204452311,0,-0.007537548385962032,0.05233091850396044,0,-0.0649473733265477,-0.2304042110741241
2024-04-15,693,70,693,0,-0.007125204707093003,0.05623846296282864,0,-0.023728065240577714,0.0475125593040062,0,-0.025524030790074963,0.05272528860857775,0,-0.03991195121169731,-0.0077409507018912395,0,-0.03930082989590075,-0.15707196277161292
2024-04-16,693,70,693,0,-0.0337723891901379,0.02426991026019953,0,-0.03350213411536796,0.00550840944938558,0,-0.04438134136228199,0.03415996643220597,0,-0.05261719624756116,-0.028542107758593376,0,-0.05084586246831901,-0.11959829160055085
2024-04-17,694,70,694,0,-0.035896888262367165,0.054602197361134586,0,-0.042568072890869356,0.049375115499545943,0,-0.04710216988619684,0.049778245365504126,0,-0.05504584592187596,0.04435004733069456,0,-0.06104172327407621,-0.1536986195880682
2024-04-18,693,70,693,0,-0.04654711358958379,0.06605377023555452,0,-0.07127246363033132,0.04876674151946766,0,-0.054921335260253286,0.04574914473976635,0,-0.06489184119938712,0.05126243983233518,0,-0.07882465414563058,-0.15051222588488214
2024-04-19,692,70,692,0,-0.07204415491410973,0.07530572939254021,0,-0.07109911331286096,0.06253918071157917,0,-0.07048566834987184,0.08641501064330209,0,-0.08764642488123993,0.08837789724288289,0,-0.08833639481860685,-0.141726268123324
2024-04-22,696,70,696,0,-0.054670611093810176,0.09481241542799955,0,-0.0425225580335595,0.04916677439971626,0,-0.06270455036715382,0.07617484258406344,0,-0.041323706493152,0.12688282912620155,0,-0.02939125292921266,-0.01335380844093053
2024-04-23,693,70,693,0,-0.058001834985626055,0.10200575146636548,0,-0.07093202588011296,0.043308581748637866,0,-0.07074387878238667,0.06365537700160233,0,-0.06129463267764648,0.11113013287130255,0,-0.06242822123726057,-0.043862390200790746
2024-04-24,695,70,695,0,-0.08005868201720687,0.06900796257133368,0,-0.09643733126823889,0.04209059373942684,0,-0.09801718150687909,0.014185097379694735,0,-0.07537312337450447,0.05005391573817062,0,-0.08318787798946035,-0.08018177857521797
2024-04-25,695,70,694,0,-0.06527932282851681,0.044077626273014404,0,-0.09343028605296656,0.03468732928620382,0,-0.07984000961910491,0.01695584651578436,0,-0.07152183430109818,0.07062396965896384,0,-0.0797603461736581,-0.09308647457490243
2024-04-26,692,70,692,0,-0.09278676291615384,0.0536040027781183,0,-0.08417841817197878,0.0563980496241666,0,-0.08944475513567256,0.04740454229147092,0,-0.08433489177313533,0.11015177441027395,0,-0.08128439026837325,-0.06659576470392861
2024-04-29,696,70,696,0,-0.05311846522521442,-0.012447332472952512,0,-0.06375849577037931,0.01349555786020931,0,-0.06852320536624457,0.021431296772573744,0,-0.06100698197796475,0.08615603041850543,0,-0.052983078129618,-0.044812119564098314
2024-04-30,696,70,696,0,-0.06580303778868962,-0.03874743428277211,0,-0.07389097719043773,-0.007283546062839132,0,-0.0743215660776905,-0.0037259485133101867,0,-0.030306466040709173,0.06281266998319876,0,-0.041848575364199905,-0.02265553731545838
2024-05-02,697,70,697,0,-0.04813724956231968,0.015606394007005286,0,-0.04514084502124047,0.04417651625268101,0,-0.06897490700859266,0.02079369976161837,0,-0.02937435889968599,0.13254127913168376,0,-0.046731410972303274,-0.07165061064391465
2024-05-03,694,70,694,0,-0.009340862891634228,0.06941009937476661,0,-0.02830605579995529,0.07884115906531458,0,-0.03862336219768697,0.06679086837005353,0,-0.0006644474936961757,0.146982237421212,0,-0.022089797553118202,-0.05706983754228724
2024-05-06,698,70,698,0,-0.028123318328985934,0.042220919207085296,0,-0.03895054705714981,0.031014796910470314,0,-0.03328813054800082,0.03815053532329373,0,-0.031066594187771874,0.13163239779691044,0,-0.00796863627925185,0.018986273611730112
2024-05-07,695,70,695,0,-0.047952969904799435,-0.010397626320659565,0,-0.03621421544591745,-0.0024152519728680875,0,-0.038281236149628486,0.008550593232168632,0,-0.03356058632767665,0.051719142731572985,0,-0.004763412117589983,0.03583467961816863
2024-05-08,693,70,692,0,-0.04281457434128776,-0.023210562715997248,0,-0.032824555149349885,-0.006467415357913356,0,-0.04769928086035254,0.028060888850265794,0,-0.034064199239835474,0.015891292059631117,0,-0.03646809772440806,0.007984647375552104
2024-05-09,696,70,696,0,-0.06644789155835497,-0.07178830685958706,0,-0.06052301343178689,-0.0027191905237990612,0,-0.0629263450169862,0.04382031310974194,0,-0.07416149886221812,-0.0047265548876510135,0,-0.06316803729945349,0.04604984397227585
2024-05-10,699,70,699,0,-0.025445226777624858,-0.021809198656979563,0,-0.018484340899240063,-0.012362861546994407,0,-0.020920102173729232,0.0467931701592304,0,-0.018842598146054986,0.052434377840204834,0,-0.0038068957790954555,0.17317968947397988
2024-05-13,695,70,695,0,-0.04200371156114143,-0.05158794661176072,0,-0.03475549150710888,-0.001825174701376166,0,-0.03556730021364804,0.03120135606875514,0,-0.036784289196244095,0.07764158667322493,0,0.003200796701603895,0.2061005953672137
2024-05-14,694,70,694,0,-0.05718688755290571,-0.014989651869976037,0,-0.04808529849619695,-0.004838383718624109,0,-0.04673065097265762,0.01606254647860597,0,-0.04070582897619954,0.02596232954725926,0,-0.009881097293661788,0.16086813609328485
2024-05-15,699,70,699,0,-0.03543388246995606,-0.04658628059888579,0,-0.025037763166674498,-0.030467015262513088,0,-0.034678722210666035,-0.009040617363932671,0,-0.0520724892141554,-0.021165549202541923,0,-0.01282246454396658,0.167934769976973
2024-05-16,707,71,707,0,-0.060109968468723164,-0.024023232417471816,0,-0.04593040065313158,0.03414935792637046,0,-0.04351545503521552,0.013843811638367847,0,-0.036346231481993486,-0.014303006556058429,0,-0.005429108222507047,0.1647741486742205
2024-05-17,709,71,709,0,-0.06803257326359875,-0.09308638362847307,0,-0.056428627835863214,-0.014197648356034926,0,-0.0502980744250264,-0.018509602815009036,0,-0.06982839315910902,-0.07054026181627622,0,-0.030672876115079004,0.07814757103110645
2024-05-20,708,71,708,0,-0.08913047470058441,-0.07624766878011839,0,-0.06302803630317685,0.0037110334952879134,0,-0.07055144449164845,-0.001846353451510647,0,-0.07553736803810603,-0.09895521264033305,0,-0.04201162718372104,0.10250526291462211
2024-05-21,708,71,708,0,-0.11340115465404216,-0.05113857924584883,0,-0.08669634498113545,0.01864375648869567,0,-0.08097718038089971,0.016079014253895612,0,-0.09574428379038828,-0.06377180458632849,0,-0.08873914292355782,0.07632947586759953
2024-05-22,708,71,708,0,-0.09747004312435664,-0.05050739230525279,0,-0.0730342148910576,0.03600195810563941,0,-0.06871734889059607,0.02574623191041309,0,-0.06955028869965531,-0.06218760569176848,0,-0.05131678914522048,0.08797512316564964
2024-05-23,715,72,715,0,-0.06454679602343083,-0.017740657847819943,0,-0.05371433663289178,0.038593615883875027,0,-0.02963860946771461,0.018101896898915833,0,-0.043622042038230543,-0.0024620469447465053,0,-0.020492936690612654,0.13832486882611533
2024-05-24,715,72,715,0,-0.03760703991381287,0.07948178074225819,0,-0.040597387802695346,0.07011991213846251,0,-0.0062461806871937624,0.05855403703707067,0,-0.01961557488336731,0.07983021577750371,0,-0.02282529460073881,0.04384304849299979
2024-05-27,718,72,718,0,-0.045532289887178404,0.11123058215795757,0,-0.034517858207068666,0.11582816282566946,0,-0.011712102122746438,0.11107537200941435,0,-0.018252333116567668,0.11869673769776734,0,-0.03055050921033696,0.026430797456844384
2024-05-28,726,73,726,0,-0.06146807489741188,0.10477754333851078,0,-0.04377887902671176,0.13202860013931092,0,-0.03703302760154048,0.10989508867851099,0,-0.03375467343870457,0.1251234064296904,0,-0.05964332064661036,-0.010327528421993113
2024-05-29,730,73,730,0,-0.08206288606062602,0.08867047194756839,0,-0.07946423925077434,0.12037584436353531,0,-0.06858696090336434,0.09211717813207916,0,-0.0712344358202573,0.1015445275617124,0,-0.09221314705398666,-0.009675421337233318
2024-05-30,731,74,731,0,-0.07986615756296002,0.04971003030175451,0,-0.07754508139797811,0.07975561741068982,0,-0.061568780105648764,0.034035720793277754,0,-0.07730570740113082,0.026390416546745798,0,-0.08456865033032088,0.006812329800525615
2024-05-31,729,73,729,0,-0.10063139895922485,0.04046693547075739,0,-0.08418767159114249,0.0978300896934267,0,-0.08116907331457522,0.07586851159091898,0,-0.08674725592231111,0.03480309338941764,0,-0.09540828569715877,-0.010893952992065326
2024-06-03,731,74,731,0,-0.08162215881777418,0.03953138187424778,0,-0.07939432666505525,0.07592391544644825,0,-0.06010655377824315,0.05290160872273206,0,-0.07109797410272552,0.0027672978020266527,0,-0.08692013636501116,-0.05733136806379449
2024-06-04,727,73,726,0,-0.10525561074465825,-0.015341349098117102,0,-0.09018184509477013,0.046860567912357994,0,-0.06617563028156113,0.023690310941534464,1,,-0.04388073564830498,0,-0.07061941488624336,-0.015834857063086974
2024-06-05,726,73,726,0,-0.0916132323845155,-0.014814005966141307,0,-0.06249371588626788,0.09520755235688903,0,-0.041462169808999166,0.06092254250025184,0,-0.05669404599688893,-0.02041914956982047,0,-0.03532471439808629,0.008059183394735919
2024-06-06,725,73,725,0,-0.06424098886896218,-0.09707051944000417,0,-0.056738330961958204,0.056846547477281344,0,-0.0228896061892092,0.04906882024916562,0,-0.03342228544686253,-0.043930100277190166,0,0.03056034366397283,0.0737396672268075
2024-06-07,727,73,727,0,-0.11455627326968047,-0.10983958134705861,0,-0.09681584519637242,0.04127000941880626,0,-0.08624286631916504,0.019321278215544573,0,-0.10740234013288402,-0.08838202693611781,0,-0.05005898203570678,0.012923414106747183
2024-06-11,731,74,731,0,-0.11009019173928027,-0.08606236478800414,0,-0.08313166039148852,0.026306617146363592,0,-0.08897034805106444,0.01572930909432634,0,-0.10112438824814207,-0.11843164892012155,0,-0.04281423871766211,0.06362947851776005
2024-06-12,733,74,733,0,-0.04229344939628632,-0.07115124994552675,0,-0.057862959267144666,0.014423657242175978,0,-0.05736839496895374,-0.002246070884211932,0,-0.06844048904993054,-0.13811481084854438,0,-0.002046412341285478,0.09468023118039334
2024-06-13,728,73,728,0,-0.07237472926317459,-0.05336721271629205,0,-0.08045659680563723,0.00498458920440792,0,-0.07629317395932825,0.0042652627151990655,0,-0.08801770117265803,-0.09434574327555517,0,-0.027390860537624996,0.06083722132649433
2024-06-14,728,73,728,0,-0.05044265888361114,0.05938206367110349,0,-0.05362925450097126,0.05061169571329132,0,-0.05878543891224729,0.06071038180579391,0,-0.033529916444325764,-0.02146300475566267,0,-0.0027323259427326284,-0.025477274154075722
2024-06-17,731,74,731,0,-0.04283652133191585,0.1071501782498509,0,-0.047835344872507915,-0.0022616210890091548,0,-0.0540818894114989,0.013926254652455011,0,-0.048976172443350376,0.021714576146997046,0,-0.01042671854810229,-0.008801564238510907
2024-06-18,724,73,724,0,-0.02975232161208115,0.0801950108065252,0,-0.03568163654884138,-0.0004082659055463254,0,-0.04799186771071567,-0.011027637916441875,0,-0.03626440944331017,-0.018471158728378647,0,0.004345910168392261,0.01727206834095852
2024-06-19,722,73,722,0,0.03203875804500792,0.062485983568140724,0,0.01313258186929238,-0.02363338062848189,0,-0.008475052093277174,-0.03341219985267606,0,0.010145370574489191,0.02783168426033816,0,0.06726558669860422,0.08104141651641365
2024-06-20,720,72,720,0,0.03067928174051631,0.10039390669468093,0,0.0017248099004807964,0.010194046320081097,0,0.0022741808122406304,-0.00908547291895292,0,0.0038863954629457026,0.04767436292113416,0,0.054404962474685535,-0.011108801828784421
2024-06-21,723,73,722,0,0.0021142196930424547,0.06371943594124836,0,0.012263470322732516,0.02951519631966224,0,0.003981289779673116,0.015218072405340535,0,-0.0015168782937758508,0.0371306810269737,0,0.034161439735917426,-0.034489137585597913
2024-06-24,724,73,723,0,0.024184459154308165,0.08921434093508646,0,0.0026121803512986833,0.023152471491454645,0,-0.015529969484296418,0.02196738584676271,0,-0.014396889638892225,0.047129170231364974,0,0.03447942124100262,-0.05584686134916818
2024-06-25,722,73,721,0,0.004565819702350286,0.10745980970117584,0,0.006415522220615617,0.028547832735707317,0,-0.02791917221524455,-0.007519389421423216,0,-0.023835660707280694,0.03862799625897902,0,0.02213485535954981,-0.07330756748327717
2024-06-26,723,73,722,0,0.023659569190167495,0.13493243389898094,0,0.015369027815135059,0.03169477494647063,0,0.003116857217236497,0.017473470780167512,0,0.018459929714328364,0.10367539098064792,0,0.032244458448277585,-0.11187183095652398
2024-06-27,726,73,726,0,0.02799938799403139,0.19930346290376763,0,0.009660740444205935,0.11123198368190515,0,0.007393156482658707,0.09316594474491947,0,0.02093981102289368,0.15750449478920575,0,-0.009978734898776062,-0.20097457554300321
2024-06-28,729,73,729,0,0.02624478300797949,0.21680797580193592,0,0.022062285886832865,0.14705858917347767,0,0.027636751226901138,0.11967175106671323,0,0.028434288173487168,0.16222502295707691,0,-0.011718061689098593,-0.17789043491486842
2024-07-01,731,74,731,0,0.018612594662370925,0.23364219508668432,0,0.019781589936576405,0.1415147363841983,0,0.01936795300930877,0.1260921112074962,0,0.014520907710340506,0.1823228670931113,0,-0.014659470517481094,-0.1869946588137192
2024-07-02,730,73,730,0,0.055938907170066866,0.23613011075047363,0,0.04235295854427126,0.1558936373128975,0,0.036873358363989424,0.13783574476144622,0,0.03748879711722754,0.21787575153145103,0,-0.016793548281721006,-0.1653088657430362
2024-07-03,733,74,733,0,0.06987484338799949,0.23548347336090952,0,0.04759887135020487,0.1684421632589699,0,0.04865857710367883,0.1600754347910895,0,0.057638047564168904,0.2476379075791426,0,-0.027341806630829014,-0.2814663156266936
2024-07-04,732,74,732,0,0.06502331703083482,0.2484567710960828,0,0.03625047568414897,0.19508332256648367,0,0.0493807428962614,0.201693836810498,0,0.05891019703146805,0.27374653294948176,0,-0.03188296066285793,-0.37708329362372317
2024-07-05,734,74,733,0,-0.007095889978591277,0.289473871840575,0,-0.027044476258083334,0.2754145710782379,0,-0.011149551704942069,0.29590450046195316,0,0.007827276855107984,0.36357578406050917,0,-0.12765541751765788,-0.45267778372887546
2024-07-08,737,74,737,0,0.022572278849918723,0.20550204820924275,0,0.002593750540028103,0.20926248362435687,0,0.022087882397571517,0.26179266066779294,0,0.03802382354213202,0.31055468337115966,0,-0.06291046871492398,-0.3766576082209578
2024-07-09,739,74,739,0,0.0478051660920625,0.23779690339276596,0,0.029295569915211615,0.1987072447818796,0,0.038025398543182355,0.2303055888415903,0,0.06162254511926217,0.301688644369634,0,-0.030237637018645624,-0.37785406582425407
2024-07-10,742,75,742,0,0.015146496878516179,0.17292560335076623,0,0.023670691580207685,0.19662134309984297,0,0.028203982291285665,0.2225710181930035,0,0.039990704149913146,0.2868512904346119,0,-0.0486495721468951,-0.3745744480760791
2024-07-11,744,75,744,0,0.0205915711864378,0.1839347858335382,0,0.01172343577877729,0.1864828898834092,0,0.013731944587177752,0.20051947643255943,0,0.04212655722401859,0.24131291636714994,0,-0.04076148642436632,-0.3182374165808789
2024-07-12,745,75,745,0,0.022563170810190214,0.1806549466289707,0,0.004520486538324134,0.17681662165936085,0,0.004254166979409535,0.21284312937653868,0,0.028332937006518885,0.2240689674966777,0,-0.04386985013969,-0.2877077338127149
2024-07-15,746,75,746,0,-0.009771257017488802,0.07440096530645579,0,0.004796578092253662,0.13076703613900084,0,0.0062701330343133705,0.18017981002021835,0,0.02655878388097876,0.1840363070660405,0,-0.014776769198880373,-0.29091959296731984
2024-07-16,739,74,738,0,-0.005077667008738584,0.11263750737943326,0,0.005557398680065918,0.0637667963202329,0,0.004386712639316469,0.10320705797772775,0,0.035511749424553915,0.20588525455632636,0,-0.006944844405123562,-0.2824958042552737
2024-07-17,743,75,742,0,-0.04862680078453398,0.07010241592858878,0,-0.03951821307478531,0.0923411527912061,0,-0.033951257248794366,0.13567869164603985,0,-0.0053693287911335,0.17511666391488956,0,-0.02727169509683853,-0.16818810255390057
2024-07-18,744,75,742,0,-0.035674792563881126,0.04540059386405104,0,-0.037059832210988415,0.07484938542804002,0,-0.023843558213844474,0.09070652777008023,0,-0.010179592519092904,0.11153819578406904,0,-0.0141195028084853,-0.1122125606182055
2024-07-19,745,75,744,0,-0.046571504436059064,0.0534259734947689,0,-0.03357782722150364,0.049991435180084344,0,-0.02606078558399266,0.07545858755684465,0,-0.014434427214502646,0.11502660594015707,0,-0.012070019264727392,-0.09826422442122823
2024-07-22,745,75,744,0,-0.0371624170969844,0.036905463572721973,0,-0.023837589579755996,0.015542804660720796,0,-0.03418456568772422,0.028301071471447475,0,-0.01693701451559598,0.08279838434274384,0,-0.010205750685044241,-0.1100792093979037
2024-07-23,745,75,743,0,-0.032049869819587316,0.04561239911015998,0,-0.03505241725773936,0.041418369385607695,0,-0.034095945186186305,0.05453334280839163,0,-0.025847007420477824,0.08526238679775319,0,0.005231695520143366,0.047663101651682444
2024-07-26,745,75,744,0,-0.023806614076717074,0.04738888399285596,0,-0.04719145891804492,0.024914503678287302,0,-0.03220869638221208,0.026828856697321154,0,-0.0271688086061358,0.0814785522253291,0,-0.009931634052998567,-0.033895301623948416
2024-07-29,747,75,747,0,0.0019339582286896015,0.12771864742154898,0,-0.0179831711361705,0.04476600623059998,0,-0.015751854437886424,0.049335834370515766,0,-0.005934369398007192,0.15458022513768588,0,0.015799837181860177,0.10715592407632686
2024-07-30,747,75,746,0,-0.00240701340941509,0.07395903359772575,0,-0.022963718754301324,0.07742870181061258,0,-0.006766850925495185,0.0805759980479054,0,0.0030675205209046443,0.11119681217386221,0,0.014818763998937919,0.0951542467019544
2024-07-31,743,75,743,0,0.00863065175003202,0.09667448422358241,0,-0.021400357882519774,0.06808784543363691,0,-0.01409771756973967,0.08194742931289424,0,0.014939913938546543,0.10973970793133084,0,0.008290113491619207,0.02091280707859415
2024-08-01,746,75,746,0,-0.02097647067394353,0.08276626543356198,0,-0.027144205773458645,0.08028816579879816,0,-0.0265600439203354,0.0712853944996646,0,0.0034646151472809126,0.09761894712426945,0,0.007677701917268904,0.11751365942112346
2024-08-02,747,75,747,0,-0.026736241758988512,0.13618094827330193,0,-0.032861621669283386,0.12841564193890967,0,-0.02607092307648554,0.1380052623655656,0,5.641227473337433e-05,0.17410182522701315,0,-0.00023165857136106787,0.2760422497478982
2024-08-05,748,75,748,0,0.014019141435889898,0.17449551237449815,0,0.0255487369089484,0.14794292768239062,0,0.031042571816602697,0.17103420371822584,0,0.051236962670280245,0.25514850146873375,0,0.025962298469302234,0.245039150775606
2024-08-06,746,75,746,0,0.06362800369767935,0.16899857744305205,0,0.06551256795089726,0.20047513660757368,0,0.05788048981693581,0.19658723484370005,0,0.10772840302730508,0.29674935516033996,0,0.08883998059673871,0.38284616703161134
2024-08-07,746,75,746,0,0.017082415297237922,0.0851338238174086,0,0.013053475418129708,0.06870247470116447,0,0.006053561632052908,0.034856907372068216,0,0.046909776627182695,0.10624057925109145,0,0.05136734377397464,0.1576590216707978
2024-08-08,743,75,743,0,0.011782773993694482,0.02791089991234276,0,0.014276197699072327,0.03535975307660697,0,0.019065568928721553,0.03580001272930755,0,0.032495256526663345,0.029129984640135984,0,0.01563494717533428,0.020361902884224042
2024-08-09,740,74,740,0,0.0228633304362939,0.005463226030595731,0,0.013231953254667243,0.05384792181760893,0,0.0054899589014505736,0.03329079258205896,0,0.028610720651444693,0.033765612367495,0,0.010790605111211847,0.02317109596003787
2024-08-12,737,74,737,0,0.02713428200023259,0.04917278511508093,0,0.03468331278433399,0.038595907161307855,0,0.034050090139123086,0.0028229088929394735,0,0.03346555458631886,0.045838568526705814,0,0.018763072117502434,0.02702917803728328
2024-08-13,734,74,734,0,0.00870909041151601,0.10738080872945825,0,0.012118396573531816,0.04398819048269034,0,0.01986271361997196,0.013353525312095839,0,-0.015191689696701182,-0.012573555624340356,0,-0.01747846810581842,-0.1489660929473189
2024-08-14,734,74,733,0,-0.002410087419251493,0.05566714456576078,0,0.008703035560341448,0.039220698861528805,0,0.01734672638747118,0.006109050101668327,0,-0.010148658739276456,0.002133254274261218,0,-0.01355803437863043,-0.1176719231072318
2024-08-15,733,74,733,0,-0.011673332901355677,0.04449878976854563,0,-0.016651763553695246,0.0390296368525609,0,-0.01131608205894674,0.034346697139753746,0,-0.025400614180855253,0.0020396508863584164,0,-0.027469579210486914,-0.1450699712383021
2024-08-16,733,74,733,0,-0.002553463803630781,0.060445865896226664,0,-0.011274155472458608,0.059494566641442224,0,-0.009907734942338061,0.03443071823973068,0,-0.010963640236669665,0.010654966980370401,0,-0.03920190337668836,-0.17771787103041056
2024-08-19,732,74,732,0,0.003330032706384998,0.12824177205400522,0,-0.004637639184015241,0.0709204007400875,0,-0.007147743841474329,0.04991188634372848,0,-0.000854419115347488,0.03925366802670895,0,-0.03791583365800737,-0.2365811113548257
2024-08-20,732,74,732,0,0.016832889852960248,0.09243368063346895,0,-0.010348685683351976,0.030438575842364396,0,-0.002641878824485087,0.013967299330137233,0,-0.022248286277627607,0.01371259691159321,0,-0.02895201905134186,-0.2446446560128343
2024-08-21,724,73,722,0,0.01480783731110272,0.11804335350666467,0,-0.020801248186719634,0.06475786775036382,0,-0.008878651464892124,0.03934701366222076,0,-0.030579433775849287,0.006613300223444824,0,-0.02362931589743641,-0.15723142523854752
2024-08-22,720,72,719,0,-0.018719107863949782,0.07986120255624807,0,-0.05081654472765972,0.05080651893549757,0,-0.028213103010500975,0.04159067705064018,0,-0.06082815324101701,0.016723552322609192,0,-0.05366849844501158,-0.11858309950050917
2024-08-23,718,72,717,0,-0.018862515599990574,0.06597995079574716,0,-0.053018204240491223,0.039015270012935525,0,-0.037082193263804415,0.049200037168639625,0,-0.05397175412339947,0.038510740811401455,0,-0.059850465439831156,-0.19371119936243997
2024-08-26,720,72,718,0,-0.07636861315383786,-0.04074463899776764,0,-0.07363547655586086,-0.015382848885841249,0,-0.046032405774869715,-0.009977028464653913,0,-0.0708326129500273,-0.013458221849802943,0,-0.05025613388397004,-0.13509143449464456
2024-08-27,717,72,716,0,-0.08360478627036477,-0.0328224156863864,0,-0.07816170014751582,-0.011083430056379606,0,-0.07028135148066461,-0.023570921335654284,0,-0.08459002468631636,-0.031183330803917126,0,-0.07339812298392706,-0.14278548756527182
2024-08-28,718,72,717,0,-0.10231191791035443,-0.12623426697603962,0,-0.0894817482920031,-0.009945408022850733,0,-0.08042644122623725,-0.019684576703316813,0,-0.09819910521394698,-0.06378719160087869,0,-0.08114955843758873,-0.09889204139552728
2024-08-29,717,72,716,0,-0.09059752852183314,-0.05017746279112973,0,-0.07816466809445798,0.023768467141002718,0,-0.06743609225453503,0.009070322250438025,0,-0.09101590104288287,0.05757927584539623,0,-0.09590865148131505,-0.22426307319809777
2024-08-30,716,72,716,0,-0.05581172337273156,-0.03304246662449101,0,-0.06908306787378052,-0.001792378238950484,0,-0.05464767783076342,-0.00978672975962748,0,-0.06621004537363707,0.10195283198728715,0,-0.06578205660800512,-0.24261612684850706
2024-09-02,702,71,702,0,-0.06437190943918805,-0.11007443556758306,0,-0.056478920323727665,-0.044409215209215855,0,-0.056270025447199425,-0.036900845218659904,0,-0.06106994221477418,0.06856104010897432,0,-0.060483404647968926,-0.2125160410528804
2024-09-03,693,70,693,0,-0.08700045808259885,-0.13677682437520725,0,-0.0730708809708473,-0.028414234990902378,0,-0.08132655581476514,-0.04595712016813254,0,-0.0878989115314517,-0.020509390161550945,0,-0.07646395917767546,-0.10767123355338756
2024-09-04,692,70,692,0,-0.08720505790712839,-0.014002569507880617,0,-0.08342417659133518,0.012798253579851423,0,-0.08492862983862026,-0.0129782319348288,0,-0.10316987830902129,0.052295209732135854,0,-0.07908922990443706,-0.13208019390078535
2024-09-05,694,70,694,0,-0.09395556732662273,-0.13086986409133872,0,-0.10018870786485377,-0.03124568237095226,0,-0.0942892325168534,-0.03261362752103143,0,-0.08853961026841034,0.0040580619631208166,0,-0.0800144827695902,-0.1419579797593253
2024-09-06,695,70,693,0,-0.11420897454573982,-0.12818701494323792,0,-0.11151868714702234,-0.01937617450942449,0,-0.10418124907085546,-0.033789057825694975,0,-0.10971179207574944,-0.019241630011193393,0,-0.0824722520011955,-0.06142058203611047
2024-09-09,691,70,689,0,-0.14187199636388495,-0.13682696388568333,0,-0.15248558711202717,-0.03599951483645579,0,-0.14919663615665427,-0.03308985388745435,0,-0.14222877761257785,-0.005760694291752519,0,-0.10981492731758664,-0.13824859161696965
2024-09-10,691,70,689,0,-0.10604147975104962,-0.1029151634312637,0,-0.11662677184882193,0.002815018717461367,0,-0.10689527858609355,0.012661484840972093,0,-0.12480626339638104,-0.04585117866629848,0,-0.07132294504654549,-0.003634501251103701
2024-09-11,683,69,681,0,-0.12392669287806533,-0.10287622577363144,0,-0.1298415572244605,-0.014091787206083374,0,-0.12248555441119442,0.015620338779030253,0,-0.1434118305826016,-0.05205470621827902,1,,-0.05446309920471264
2024-09-12,678,68,676,0,-0.0897919715990759,-0.14631943461638638,0,-0.09702768828017184,-0.05429743620960505,0,-0.08668900174932903,-0.0186986438081299,0,-0.10915456271936694,-0.04653590101640355,1,,-0.10435106311167762
2024-09-13,677,68,675,0,-0.10853454327793062,-0.11431903890700294,0,-0.11042049676618297,-0.043881753297356885,0,-0.1001318848711189,-0.02829889911333058,0,-0.1199756150654924,-0.0506624733700925,1,,-0.07549221450373036
2024-09-16,679,68,677,0,-0.15960313825590353,-0.11490864497973341,0,-0.13942859913273234,-0.018696202345742378,0,-0.14468757432753657,0.009961041328047844,0,-0.1422639029516143,-0.04445100093303311,1,,-0.11781951983125266
2024-09-18,673,68,672,0,-0.12947196502844482,-0.08258251385656419,0,-0.12464139966392358,0.025181517721796658,0,-0.11851827383948835,0.03732771937794305,0,-0.12908863646533716,-0.027068471220869857,0,-0.10316557877079505,-0.004875863957369178
2024-09-19,669,67,669,0,-0.13310097057789314,-0.10390777096037696,0,-0.10580610497522452,0.02517318745013761,0,-0.09997658457524651,0.042814213091163275,0,-0.10767168169651685,-0.027894389984557563,0,-0.07754034206052578,-0.08168026180823536
2024-09-20,673,68,673,0,-0.11041969022089944,-0.11861900157930348,0,-0.09978043077921635,0.0172624654960385,0,-0.09222239416429558,0.03341034031312761,0,-0.09502052268577611,-0.057337123092554954,0,-0.07455552089406495,-0.0206739495317491
2024-09-23,677,68,677,0,-0.10479919321838077,-0.09878670409047582,0,-0.08772330372984331,0.04036777029157231,0,-0.06874214865960507,0.06806954127060906,0,-0.11047321249919524,0.001848759671143236,0,-0.08977268655984068,-0.08316804175031825
2024-09-24,678,68,678,0,-0.0859684839584413,-0.05614658050661058,0,-0.06544671808311807,0.03874915453711527,0,-0.06445480160768102,0.06240872593643963,0,-0.07258236067638567,-0.010401396568433556,0,-0.07846049378948998,-0.08474641677122684
2024-09-25,676,68,675,0,-0.0970048833410842,-0.06123566542029798,0,-0.079304894539793,0.037159981902814825,0,-0.07198254734145226,0.0701384647723479,0,-0.0777296959903008,-0.002942133887820508,0,-0.08151530703560567,-0.16969337159711798
2024-09-26,675,68,675,0,-0.058030140446875926,-0.05392618347712562,0,-0.062413021563598736,0.01257627695820712,0,-0.055107951256828394,0.0341503049371268,0,-0.04937076958217141,0.00974899428519981,0,-0.06929746892553007,-0.16959304502509132
2024-09-27,682,69,682,0,-0.08666553005213115,0.02782147542512597,0,-0.08346400845329371,0.0395979842924525,0,-0.07289513514416539,0.08172942019553665,0,-0.08019837093170394,0.030647972225830218,0,-0.07897455910698324,-0.12692121404500745
2024-09-30,685,69,681,0,-0.06716800187064335,0.016578415123279885,0,-0.05831908867368304,0.0642337824877776,1,,0.09904185396528148,0,-0.05665559587619278,0.0181641699544674,0,-0.07655003520717911,-0.11097843660847131
2024-10-01,686,69,683,0,-0.09255075780549765,-0.018553410390929385,0,-0.08294549289048421,0.03123424167183232,1,,0.0874118179786154,0,-0.08554920351665209,-0.01626249344856078,0,-0.0862350601328447,-0.1424329004236885
2024-10-04,689,69,686,0,-0.06743778958749062,0.060622182331435244,0,-0.06289851043599128,0.049790298903008644,1,,0.07144583227503362,0,-0.07425347322064955,0.05384962995225329,0,-0.07632315954479643,-0.08819980299854664
2024-10-07,681,69,678,0,-0.0535727857408081,0.06288593536124079,1,,0.07277595681109564,0,-0.05327331702793812,0.089875776156574,0,-0.08180652849715916,0.01511453416205513,0,-0.08213751315282432,-0.08708339373070637
2024-10-08,678,68,673,0,-0.05020514047443221,0.04069147593646625,1,,0.07277545989451399,1,,0.07803181898209628,0,-0.07005546568651687,0.006949237360837805,1,,-0.09510405663367251
2024-10-09,679,68,676,0,-0.053405379102036854,0.011903835505848165,1,,0.01232890381467501,0,-0.052064804731877176,0.05119203400429988,0,-0.06423276308110193,-0.040935330911600065,0,-0.09016738396269658,-0.06156461361198535
2024-10-11,684,69,684,0,-0.04121070344942905,0.1159076893170485,0,-0.03235321917781447,0.050934189139339336,0,-0.0254852209913791,0.07184924578871513,0,-0.042557244121017135,-0.014091715206614218,0,-0.06249267097899426,-0.035315328348583364
2024-10-14,681,69,681,0,-0.034112708674058134,0.145152229593465,0,-0.026264941783227053,0.08038832633684449,0,-0.02204020404245799,0.1013976933743423,0,-0.040096570250647764,0.024387633513039495,0,-0.03390704022893375,-0.10199305677242536
2024-10-15,685,69,685,0,0.006104824375350746,0.12336101118449976,0,-0.009045798320299666,0.07273745894124917,0,-0.0067199955206442554,0.08427557955094933,0,-0.03569930545809484,-0.0411499184441475,0,-0.009046878523406361,-0.03448257098255528
2024-10-16,683,69,682,0,-0.024204170187663042,0.136625842444607,0,-0.025144692825268888,0.08288983367099352,0,-0.02680388180254922,0.06557344150035199,0,-0.047509086563346965,-0.0440672011823644,0,-0.04389866857576111,-0.12087115998009457
2024-10-17,683,69,683,0,0.007888391916760992,0.1464424528975743,0,0.005353293629896335,0.10076126678972949,0,-0.009453958562055982,0.11181603484757785,0,-0.018532387714063167,0.012005129836921228,0,-0.03231945956496755,-0.19372060685682277
2024-10-18,678,68,678,0,-0.006362659531228696,0.08397537201961387,0,0.002118961772033175,0.09208577208953522,0,-0.006791495212226097,0.09799656053797909,0,-0.014368462793180735,0.024481111162234746,0,-0.042318195162843054,-0.23332795576481793
2024-10-21,676,68,676,0,-0.035762353536939254,0.11429210494608052,0,-0.016380517965037842,0.12707752111728338,0,0.0066023798584670685,0.12339190641871238,0,-0.028657444082843736,0.03519965296871821,0,-0.05368560098503981,-0.24456335802642945
2024-10-22,679,68,679,0,-0.020993966487193847,0.1397847632273606,0,-0.025262868618921224,0.15035263683944702,0,-0.0070496223119627145,0.11670043421331387,0,-0.04284315182047553,0.037859250241632225,0,-0.07602733698840058,-0.2896190228011639
2024-10-23,677,68,677,0,-0.02293141710336604,0.05806699935753247,0,-0.014063244973621115,0.09694198020194465,0,-0.011200364967660796,0.09583275926997514,0,-0.038220477241542455,0.021873327058518695,0,-0.07548459981288293,-0.32396347845171614
2024-10-24,675,68,675,0,-0.028979053012915923,0.033724378665272677,0,-0.026944594417687612,0.07296285525737037,0,-0.015442673176695523,0.057166203601262046,0,-0.054997025005983614,-0.0718161006762341,0,-0.08389615794415624,-0.277233753259852
2024-10-25,681,69,680,0,-0.017425633514534064,-0.0039321657237659634,0,0.007679646485348133,0.052646017545867514,0,0.0025578840906027482,0.03981065434944531,0,-0.030556478721595528,-0.05381160759422481,0,-0.04913733776357516,-0.2636083897562302
2024-10-28,683,69,683,0,-0.007698685417940677,-0.014825696627495688,0,0.008605091030327862,0.05855271855802568,0,0.0015940205582142231,0.04646779244842689,0,-0.02168506393626687,-0.0950892007907469,0,-0.04737625712888743,-0.19975226666046592
2024-10-29,685,69,685,0,-0.02667191578955662,-0.03978252307583583,0,0.001849694247556373,0.05059034271780065,0,-0.00035997151660450234,0.046720470683724626,0,-0.023027592442947713,-0.06658696991752734,0,-0.06206003551099653,-0.2495586966744136
2024-10-30,677,68,672,0,-0.0634275413755862,-0.08597873361572,0,-0.02519027789437743,0.040501382379434916,0,-0.029461978295008125,0.015371168789088747,0,-0.04144770516219249,-0.10347399818962413,0,-0.07246888380757127,-0.19621555019777445
2024-11-01,670,67,670,0,-0.031239826284222776,-0.00045025592221445307,0,-0.00831508425368455,0.049719803966912716,0,-0.01655905428712549,0.018797975097197214,0,-0.033912989440122,-0.09624584316235911,0,-0.07440908481156934,-0.22487053297054535
2024-11-04,667,67,667,0,-0.055186838975732476,0.0028545770347783344,0,-0.02439401833467626,0.03313641096333253,0,-0.02855346350297865,0.007035040783340362,0,-0.047038275514071144,-0.1396586113666995,0,-0.08522271392289124,-0.19381174414458688
2024-11-05,667,67,667,0,-0.04232124512264808,0.04825752140180062,0,-0.02209347294517591,0.06609162365160484,0,-0.022997544235930516,0.05252418145276503,0,-0.05562345417497483,-0.11500640580470757,0,-0.0998578317642698,-0.24642494386909328
2024-11-06,660,66,659,1,,0.005055556412211287,1,,0.03965870141164122,1,,0.047096265892302265,1,,-0.1320966883382515,0,-0.07228724687289229,-0.21330386065280213
2024-11-07,659,66,659,0,-0.043752681534431605,0.002772880107978419,0,-0.03008694703757802,0.03468861232720077,0,-0.01577077614303861,0.03665006094541496,0,-0.03293630088349049,-0.10719994498769561,0,-0.06857303562277238,-0.24219619853236227
2024-11-08,660,66,660,0,0.0018152804217993882,0.019573321039567635,0,0.00494779157622995,0.045766492200170435,0,-0.005122536622073772,0.06946810990271723,0,-0.01869218421380808,-0.06776420734205182,0,-0.04437585879317802,-0.21517868014773608
2024-11-11,657,66,657,0,-0.03390088906176778,-0.038212685391208326,0,-0.011264148555225404,0.05819120839540826,0,-0.01631253469933507,0.07784200791377109,0,-0.03662881433872948,-0.09105787533288581,0,-0.053462542179123745,-0.21139827784587542
2024-11-12,665,67,665,0,-0.031323342376629607,-0.0015060451904350704,0,0.0034590064786078375,0.05593724743698134,0,0.0012545437119123924,0.10052113068665558,0,-0.025612268001182225,-0.043346255889050646,0,-0.0440324666139948,-0.18328124780832378
2024-11-13,668,67,668,0,-0.04167998876818922,-0.017871267333497882,0,-0.009253452098616763,0.04471781248047616,0,-0.014820751544284085,0.053007173084501785,0,-0.03661085388408355,-0.07853907041874678,0,-0.038438625450100995,-0.13839525043196765
2024-11-14,663,67,663,0,-0.038897929524570135,-0.04115563589040036,0,-0.02300262111253745,0.007211771559952877,0,-0.03315446303062749,0.026469144297895406,0,-0.04111238968853219,-0.09299757841174296,0,-0.041868268740859874,-0.12742789329892187
2024-11-15,669,67,669,0,-0.0633765322773226,-0.07127574403811408,0,-0.05010051151154879,-0.03315554319823361,0,-0.04106514833294809,-0.0017990724493923856,0,-0.06905153068161946,-0.11068460649235343,0,-0.06134823539587088,-0.13063934362581378
2024-11-18,670,67,670,0,-0.08686066955886018,-0.04420555148340316,0,-0.06258289795772107,-0.022211698962351745,0,-0.068673908136645,-0.009276109035895437,0,-0.08921171987389445,-0.12916791786231613,0,-0.08230519678952704,-0.12759399727322904
2024-11-19,666,67,666,0,-0.08193661900871187,-0.05509374960964956,0,-0.07142311177198107,-0.023801490841654973,0,-0.07461847744193195,-0.012258268346013948,0,-0.09244639160416536,-0.1400172703731451,0,-0.09791487897671258,-0.1519514374087088
2024-11-20,665,67,665,0,-0.07238203353838078,-0.02609740127732245,0,-0.06809251426386366,0.0014998830110021942,0,-0.06508029924900212,-0.0043006004347077905,0,-0.0933114166161972,-0.13820428131581697,0,-0.085476278509196,-0.11473172631446175
2024-11-21,658,66,658,0,-0.0785697895993137,-0.004256195277628438,0,-0.06745943854335859,-0.007301458549983006,0,-0.0727420142619659,-0.0093975122030932,0,-0.09056781143783116,-0.12317663876976032,0,-0.07659598264742842,-0.10544029794778018
2024-11-22,659,66,659,0,-0.0485159846554313,0.03662582918111659,0,-0.05007453841072202,0.022699160967927463,0,-0.05597925569003695,0.026784118507921215,0,-0.07973533758687752,-0.12668035195718835,0,-0.0723014120848287,-0.09117636298816266
2024-11-25,666,67,666,0,-0.10089029577559068,-0.051207988820383146,0,-0.08822436771845704,-0.00015799863360328116,0,-0.09215604767414871,-0.004664707055726645,0,-0.11647606645136291,-0.15170283794103118,0,-0.12223314542461838,-0.11045700927049225
2024-11-26,663,67,663,0,-0.11489680838695966,-0.04189701846916213,0,-0.092088120007778,0.020766419715713063,0,-0.08517265374098107,0.03279550718071341,0,-0.11849898359283922,-0.12729575725141734,0,-0.1174931321686433,-0.11293457749744955
2024-11-27,660,66,660,0,-0.09452231159175682,-0.04796926212643661,0,-0.07179306686610312,-0.005391491153495406,0,-0.07462092507324193,-0.01714390171173464,0,-0.0967318427162409,-0.14695358147714596,0,-0.07579810889970523,0.010867797626641057
2024-11-28,658,66,657,0,-0.100256884455882,-0.0897830953481673,0,-0.06370151165778841,-0.017575482283352654,0,-0.07754123551107793,-0.040966544999561,0,-0.09939430838867973,-0.14969189278032247,0,-0.06240205475784197,0.03872213581484269
2024-11-29,654,66,654,0,-0.10689108746359889,-0.0627797160820502,0,-0.08645568501458703,-0.007287091245319112,0,-0.09626658192490564,-0.028563241568691018,0,-0.10627517027946509,-0.151083952972714,0,-0.08514118871529333,-0.05137404583099945
2024-12-02,654,66,654,0,-0.06152391813075712,-0.05743209938402781,0,-0.05135804363046222,-0.051228211705117724,0,-0.0561562778343415,-0.06389177222055789,0,-0.062235371113572566,-0.1302617874492324,0,-0.06085228823098844,-0.03220493283784064
2024-12-03,651,66,651,0,-0.04450062292505802,-0.05495319508251185,0,-0.034968713745401316,-0.02053668700094255,0,-0.032102035394636894,-0.0264068159277393,0,-0.055785427585999206,-0.09351951658785246,0,-0.045337899988850974,-0.03393288655992506
2024-12-04,652,66,652,0,-0.04177493261036635,-0.05069473718299841,0,-0.03219185963394739,0.03640141809897445,0,-0.04392684702715245,0.016862671521701716,0,-0.05760852082916009,-0.06981774179746382,0,-0.07037285044143334,-0.15289209960168823
2024-12-05,645,65,645,0,-0.059162945762331776,-0.0007229458096416748,0,-0.029606078415558065,0.018192153616369746,0,-0.05080345130586344,-0.011242285845443515,0,-0.06762772550667333,-0.12273290822739384,0,-0.07447528833966738,-0.10496242082648315
2024-12-06,646,65,646,0,-0.07334202445367416,0.02919636792472906,0,-0.05823359730707308,0.028737307425669774,0,-0.07669539126631843,0.011432222241190539,0,-0.08516249642853334,-0.08468361982624797,0,-0.09634461173663267,-0.08518142871708766
2024-12-09,640,64,640,0,-0.09227167151905967,-0.08093552670446852,0,-0.07109498587505834,-0.0176428980776613,0,-0.07719400780777291,-0.018629930640958255,0,-0.1044533096249835,-0.17470185689678217,0,-0.07930191723102176,0.012883471185974639
2024-12-10,633,64,633,0,-0.04590710245618558,-0.049904969140282494,0,-0.060232281057833556,0.01106584825758463,0,-0.07083312522879101,-0.008924696914671692,0,-0.09131786335585526,-0.18754211949759209,0,-0.055325135444321036,0.0762861811333795
2024-12-11,631,64,631,0,-0.051203196744365895,0.009914753732540891,0,-0.06941677083286954,0.009916401566416691,0,-0.07774334006587011,0.009034882087814245,0,-0.0964622826329885,-0.14325871280818248,0,-0.0828548906263739,-0.06006153871431738
2024-12-12,631,64,631,0,-0.07826096563854645,0.007753919699057284,0,-0.0861425001024287,0.00750855957330889,0,-0.07466503340403312,-0.0005366446744882401,0,-0.10010565022454312,-0.13399750763882523,0,-0.07042830142382012,-0.04159498936126278
2024-12-13,627,63,627,0,-0.05094445253031452,-0.03969254177645358,0,-0.06307730026050211,0.006558610252297653,0,-0.05542038166870701,0.0041731299794162315,0,-0.08223761530633623,-0.07206550509356033,0,-0.061952173686221516,-0.1607011403618055
2024-12-16,631,64,631,0,-0.02526690986351844,-0.015505234446241507,0,-0.018357756086702093,0.017961892262248477,0,-0.03993313751429583,0.021284283858323767,0,-0.052275431823822396,-0.09495798733744938,0,-0.0338571789941418,-0.12145059687951487
2024-12-17,629,63,629,0,-0.02501958636514091,0.010544032838258546,0,-0.019852635183194696,0.07078459540803331,0,-0.031160019245538836,0.07760063974916191,0,-0.03979398190330467,-0.002883288211935054,0,-0.040855598462380335,-0.22535785293638955
2024-12-18,633,64,633,0,-0.023464486123428253,-0.00622669260188174,0,-0.028769707437708236,0.03558978572420207,0,-0.04880487958791212,0.029690019441029558,0,-0.06837079004599061,-0.0696608543962238,0,-0.05334390458414504,-0.127586993745152
2024-12-19,632,64,632,0,-0.06339044888031296,0.004021743058690277,0,-0.04458481220140392,0.08188331140870748,0,-0.05875722328800754,0.07015271844624324,0,-0.07756848749752544,0.04661240730254235,0,-0.08700738682473336,-0.2778137295612452
2024-12-20,631,64,631,0,-0.05104141187414933,0.021177864180787737,0,-0.04814159908865463,0.11070913917629223,0,-0.05495116844506742,0.08378382183306007,0,-0.06528454233042497,0.07615836356063535,0,-0.0831596881611387,-0.24684256241448196
2024-12-23,626,63,626,0,-0.0489209843438103,-0.014529077850906066,0,-0.05478276374655662,0.10915680560409499,0,-0.06267116822947358,0.10037390796964343,0,-0.05635092352343759,0.040379942613295916,0,-0.06940161483550777,-0.30523931099409446
2024-12-24,626,63,626,0,-0.05774459511360986,-0.04473359961928936,0,-0.05648671409385882,0.11410229038712712,0,-0.053533169620056754,0.11566954064364149,0,-0.06616550769878803,0.007206225386670815,0,-0.07351668533599374,-0.26593836008997035
2024-12-25,626,63,625,0,-0.04845529446685669,0.07555794298486575,0,-0.02820475365538728,0.20633115366065968,0,-0.026644782791843104,0.19227818447432657,0,-0.029157921754801887,0.17425364759666148,0,-0.07843884856730514,-0.3860356275695262
2024-12-26,622,63,622,0,-0.0678416604009934,0.0037242747155820798,0,-0.061504788274659376,0.14996822427140577,0,-0.059107915849291065,0.15028497798862123,0,-0.04725552629284628,0.1406986651002518,0,-0.07492825583118616,-0.3166863721438047
2024-12-27,624,63,624,0,-0.045100119112210964,0.015256304942668874,0,-0.0485249447725836,0.10556158723366263,0,-0.05086279077773646,0.1053989004641333,0,-0.03728676898915942,0.09909582531006886,0,-0.05267121068860007,-0.2384913217239414
2024-12-30,629,63,629,0,-0.051656528788143724,-0.038190330477739835,0,-0.04846219044748751,0.0712576810659043,0,-0.05050369391542244,0.05886779782703885,0,-0.03327380656782794,0.07570154863414216,0,-0.04177311651594161,-0.20120233361936457
2024-12-31,630,63,630,0,-0.053509286526050706,-0.04129789737571529,0,-0.04279010592464715,0.08406672268271691,0,-0.0468124484746963,0.09640368078959927,0,-0.03859342607388023,0.07604867773238204,0,-0.0427474565659996,-0.19075655690423413
